Country,Year,Urbanx1000Population,UrbanPopulationPercent,Ruralx1000Population,RuralPopulationPercent,Nationalx1000Population,UrbanIWaterTotal Improved (x1000),UrbanWaterTotal Improved (Percent),UrbanImprovedPiped on Premises (x1000),UrbanImprovedPiped on Premises (Percent),UrbanWaterTotal Unimproved (x1000),UrbanWaterTotal Unimproved (%),UrbanUnimprovedSurface Water (x1000),UrbanUnimprovedSurface Water (Percent),OtherUrbanWaterUnimproved (x1000),OtherUrbanWaterUnimproved (Percent),RuralIWaterTotal Improved (x1000),RuralWaterTotalImproved (Percent),RuralImprovedPiped on Premises (x1000),RuralImprovedPiped on Premises (Percent),RuralPercentTotal Unimproved (x1000),RuralWaterTotal Unimproved (Percent),RuralUnimprovedSurface Water (x1000),RuralUnimprovedSurface Water (Percent),RuralWaterOther Unimproved (x1000),RuralWaterOther Unimproved (Percent),NationalWaterTotal Improved (x1000),NationalWaterTotal Improved (Percent),NationalImprovedPiped on Premises (x1000),NationalImprovedPiped on Premises (Percent),NationalWaterTotal Unimproved (x1000),NationalWaterTotal Unimproved (Percent),NationalUnimprovedSurface Water (x1000),NationalUnimprovedSurface Water (Percent),NationalWaterOther Unimproved (x1000),NationalWaterOther Unimproved (Percent),Proportion of the 2010 population that gained access since 1995 (Percent),UrbanISanitationTotal Improved (x1000),UrbanSanitationTotal Improved (Percent),UrbanSanitionTotal Unimproved (x1000),UrbanSanitationTotal Unimproved (Percent),UrbanSanitationUnimprovedShared (x1000),UrbanSanitationUnimprovedShared (Percent),UrbanSanitationOther Unimproved (x1000),UrbanSanitationOther Unimproved (Percent),UrbanSanitationUnimprovedOpen Defecation (x1000),UrbanSanitionUnimprovedOpen Defecation (Percent),RuralSanaitionImproved (x1000),RuralSanitationImproved (Percent),RuralSanitationTotal Unimproved (x1000),RuralSanitationTotal Unimproved (Percent),RuralSanitionUnimprovedShared (x1000),RuralSanitationUnimprovedShared (Percent),RuralSaniationOther Unimproved (x1000),RuralSanitionOther Unimproved (Percent),RuralSanitationUnimprovedOpen Defecation (x1000),RuralSaniationUnimprovedOpen Defecation (Percent),NationalSanitationTotal Improved (x1000),NationalSaniationIImproved (Percent),NationalSaniationUnimproved (x1000),NationalSanaitationUnimproved (Percent),NationalSanaitaionUnimprovedShared (x1000),NationalSanitationUnimprovedShared (Percent),NationalSanitationOther Unimproved (x1000),NationalSanitationUnimprovedOther Unimproved (Percent),NationalSanaitaionUnimprovedOpen Defecation (x1000),NationalSaniationUnimprovedOpen Defecation (Percent),Proportion of the 2010 population that gained access since 1995 (Percent)
Algeria,1990,13177.079,52,12122.103,48,25299.182,13177.079,100,11464.059,87,0,0,0,0,0,0,10667.451,88,5818.609,48,1454.652,12,242.442,2,1212.21,10,23844.53,94,17282.668,68,1454.652,6,242.442,1,1212.21,5,9,13045.308,99,131.771,1,,,131.771,1,,,9334.019,77,2788.084,23,,,2788.084,23,,,22379.328,88,2919.854,12,,,2919.854,12,,,23
Algeria,1991,13709.746,53,12190.979,47,25900.725,13709.746,100,11927.479,87,0,0,0,0,0,0,10728.062,88,5851.67,48,1462.917,12,243.82,2,1219.098,10,24437.808,94,17779.149,69,1462.917,6,243.82,1,1219.098,4,,13572.649,99,137.097,1,,,137.097,1,,,9387.054,77,2803.925,23,,,2803.925,23,,,22959.702,89,2941.023,11,,,2941.023,11,,,
Algeria,1992,14250.209,54,12275.153,46,26525.362,14250.209,100,12397.682,87,0,0,0,0,0,0,10802.135,88,5892.073,48,1473.018,12,245.503,2,1227.515,10,25052.344,94,18289.755,69,1473.018,6,245.503,1,1227.515,5,,14107.707,99,142.502,1,,,142.502,1,,,9451.868,77,2823.285,23,,,2823.285,23,,,23559.575,89,2965.787,11,,,2965.787,11,,,
Algeria,1993,14791.023,54,12361.272,46,27152.295,14791.023,100,12868.19,87,0,0,0,0,0,0,10877.919,88,5933.411,48,1483.353,12,247.225,2,1236.127,10,25668.942,95,18801.601,69,1483.353,5,247.225,1,1236.127,5,,14643.113,99,147.91,1,,,147.91,1,,,9518.179,77,2843.093,23,,,2843.093,23,,,24161.292,89,2991.003,11,,,2991.003,11,,,
Algeria,1994,15323.872,55,12423.265,45,27747.137,15170.633,99,13331.769,87,153.239,1,0,0,153.239,1,10808.241,87,6087.4,49,1615.024,13,248.465,2,1366.559,11,25978.874,94,19419.168,70,1768.263,6,248.465,1,1519.798,5,,15170.633,99,153.239,1,,,153.239,1,0,0,9690.147,78,2733.118,22,,,869.629,7,1863.49,15,24860.78,90,2886.357,10,,,1022.867,4,1863.49,7,
Algeria,1995,15842.442,56,12449.149,44,28291.591,15525.593,98,13624.5,86,316.849,2,0,0,316.849,2,10706.268,86,6100.083,49,1742.881,14,248.983,2,1493.898,12,26231.861,93,19724.583,70,2059.73,7,248.983,1,1810.747,6,,15684.018,99,158.424,1,,,158.424,1,0,0,9710.336,78,2738.813,22,,,871.44,7,1867.372,15,25394.354,90,2897.237,10,,,1029.865,4,1867.372,7,
Algeria,1996,16343.449,57,12471.001,43,28814.45,15853.146,97,14055.366,86,490.303,3,0,0,490.303,3,10725.061,86,6235.501,50,1745.94,14,249.42,2,1496.52,12,26578.206,92,20290.867,70,2236.244,8,249.42,1,1986.824,7,,16180.015,99,163.434,1,,,163.434,1,0,0,9852.091,79,2618.91,21,,,748.26,6,1870.65,15,26032.105,90,2782.345,10,,,911.695,3,1870.65,6,
Algeria,1997,16827.544,57,12438.84,43,29266.384,16154.442,96,14471.688,86,673.102,4,0,0,673.102,4,10573.014,85,6343.808,51,1865.826,15,124.388,1,1741.438,14,26727.456,91,20815.496,71,2538.928,9,124.388,0,2414.539,9,,16659.269,99,168.275,1,,,168.275,1,0,0,9951.072,80,2487.768,20,,,621.942,5,1865.826,15,26610.341,91,2656.043,9,,,790.217,3,1865.826,6,
Algeria,1998,17303.621,58,12370.271,42,29673.892,16438.44,95,14708.078,85,865.181,5,0,0,865.181,5,10514.73,85,6308.838,51,1855.541,15,123.703,1,1731.838,14,26953.17,91,21016.916,71,2720.722,9,123.703,0,2597.019,9,,17130.585,99,173.036,1,,,173.036,1,0,0,10019.92,81,2350.351,19,,,494.811,4,1855.541,15,27150.504,91,2523.388,9,,,667.847,2,1855.541,6,
Algeria,1999,17778.883,59,12307.981,41,30086.864,16712.15,94,15112.051,85,1066.733,6,0,0,1066.733,6,10338.704,84,6400.15,52,1969.277,16,123.08,1,1846.197,15,27050.854,90,21512.201,72,3036.01,10,123.08,0,2912.93,10,,17601.094,99,177.789,1,,,0,0,177.789,1,9969.465,81,2338.516,19,,,492.319,4,1846.197,15,27570.559,92,2516.305,8,,,492.319,2,2023.986,7,
Algeria,2000,18262.282,60,12271.545,40,30533.827,16983.922,93,15340.317,84,1278.36,7,0,0,1278.36,7,10308.098,84,6381.203,52,1963.447,16,122.715,1,1840.732,15,27292.02,89,21721.52,71,3241.807,11,122.715,0,3119.091,11,,18079.659,99,182.623,1,,,0,0,182.623,1,10062.667,82,2208.878,18,,,490.862,4,1718.016,14,28142.326,92,2391.501,8,,,490.862,2,1900.639,6,
Algeria,2001,18756.632,61,12163.829,39,30920.461,17256.101,92,15755.571,84,1500.531,8,0,0,1500.531,8,10095.978,83,6446.829,53,2067.851,17,121.638,1,1946.213,16,27352.08,88,22202.4,72,3568.381,12,121.638,0,3446.743,11,,18381.499,98,375.133,2,,,187.566,1,187.566,1,10095.978,83,2067.851,17,,,364.915,3,1702.936,14,28477.477,92,2442.984,8,,,552.481,2,1890.502,6,
Algeria,2002,19260.018,61,12127.883,39,31387.901,17526.616,91,15985.815,83,1733.402,9,0,0,1733.402,9,10066.143,83,6427.778,53,2061.74,17,121.279,1,1940.461,16,27592.759,88,22413.593,71,3795.142,12,121.279,0,3673.863,12,,18874.818,98,385.2,2,,,192.6,1,192.6,1,10187.422,84,1940.461,16,,,363.836,3,1576.625,13,29062.239,93,2325.662,7,,,556.437,2,1769.225,6,
Algeria,2003,19772.943,62,12128.491,38,31901.434,17795.649,90,16411.543,83,1977.294,10,0,0,1977.294,10,9945.363,82,6549.385,54,2183.128,18,121.285,1,2061.843,17,27741.011,87,22960.928,72,4160.423,13,121.285,0,4039.138,13,,19377.484,98,395.459,2,,,197.729,1,197.729,1,10309.217,85,1819.274,15,,,242.57,2,1576.704,13,29686.701,93,2214.733,7,,,440.299,1,1774.433,6,
Algeria,2004,20295.152,63,12113.237,37,32408.389,18062.685,89,16642.025,82,2232.467,11,0,0,2232.467,11,9932.854,82,6541.148,54,2180.383,18,121.132,1,2059.25,17,27995.54,86,23183.173,72,4412.849,14,121.132,0,4291.717,13,,19889.249,98,405.903,2,,,202.952,1,202.952,1,10296.251,85,1816.986,15,,,363.397,3,1453.588,12,30185.5,93,2222.889,7,,,566.349,2,1656.54,5,
Algeria,2005,20825.953,63,12062.496,37,32888.449,18326.839,88,17077.281,82,2499.114,12,0,0,2499.114,12,9770.622,81,6634.373,55,2291.874,19,120.625,1,2171.249,18,28097.46,85,23711.654,72,4790.989,15,120.625,0,4670.364,15,,20409.434,98,416.519,2,,,208.26,1,208.26,1,10373.747,86,1688.749,14,,,241.25,2,1447.499,12,30783.181,94,2105.268,6,,,449.509,1,1655.759,5,
Algeria,2006,21365.842,64,12086.225,36,33452.067,18588.283,87,17306.332,81,2777.559,13,0,0,2777.559,13,9789.842,81,6647.424,55,2296.383,19,120.862,1,2175.521,18,28378.125,85,23953.756,72,5073.942,15,120.862,0,4953.08,15,,20938.525,98,427.317,2,,,213.658,1,213.658,1,10515.016,87,1571.209,13,,,241.725,2,1329.485,11,31453.541,94,1998.526,6,,,455.383,1,1543.143,5,
Algeria,2007,21914.856,65,12051.137,35,33965.993,18846.776,86,17751.033,81,3068.08,14,,,3068.08,14,9640.91,80,6748.637,56,2410.227,20,,,2410.227,20,28487.686,84,24499.67,72,5478.307,16,,,5478.307,16,,21476.559,98,438.297,2,,,219.149,1,219.149,1,10605.001,88,1446.136,12,,,241.023,2,1205.114,10,32081.559,94,1884.434,6,,,460.171,1,1424.262,4,
Algeria,2008,22470.485,65,11984.194,35,34454.679,19099.912,85,17976.388,80,3370.573,15,,,3370.573,15,9467.513,79,6711.149,56,2516.681,21,,,2516.681,21,28567.426,83,24687.537,72,5887.253,17,,,5887.253,17,,22021.075,98,449.41,2,,,224.705,1,224.705,1,10546.091,88,1438.103,12,,,239.684,2,1198.419,10,32567.166,95,1887.513,5,,,464.389,1,1423.124,4,
Algeria,2009,23028.316,66,11923.942,34,34952.258,19574.069,85,18422.653,80,3454.247,15,,,3454.247,15,9419.914,79,6677.408,56,2504.028,21,,,2504.028,21,28993.983,83,25100.06,72,5958.275,17,,,5958.275,17,,22567.75,98,460.566,2,,,230.283,1,230.283,1,10493.069,88,1430.873,12,,,238.479,2,1192.394,10,33060.819,95,1891.439,5,,,468.762,1,1422.677,4,
Algeria,2010,23585.294,66,11882.914,34,35468.208,20047.5,85,18868.235,80,3537.794,15,,,3537.794,15,9387.502,79,6654.432,56,2495.412,21,,,2495.412,21,29435.002,83,25522.667,72,6033.206,17,,,6033.206,17,,23113.588,98,471.706,2,,,235.853,1,235.853,1,10456.964,88,1425.95,12,,,237.658,2,1188.291,10,33570.552,95,1897.656,5,,,473.511,1,1424.144,4,
Angola,1990,3838.852,37,6496.2,63,10335.052,1765.872,46,575.828,15,2072.98,54,115.166,3,1957.815,51,2598.48,40,0,0,3897.72,60,2143.746,33,1753.974,27,4364.352,42,575.828,6,5970.7,58,2258.912,22,3711.789,35,24,2572.031,67,1266.821,33,,,307.108,8,959.713,25,389.772,6,6106.428,94,,,1104.354,17,5002.074,77,2961.803,29,7373.249,71,,,1411.462,14,5961.787,58,36
Angola,1991,4110.126,38,6577.089,62,10687.215,1890.658,46,616.519,15,2219.468,54,123.304,3,2096.164,51,2630.836,40,0,0,3946.253,60,2170.439,33,1775.814,27,4521.494,42,616.519,6,6165.721,58,2293.743,21,3871.978,36,,2753.784,67,1356.342,33,,,328.81,8,1027.532,25,394.625,6,6182.464,94,,,1118.105,17,5064.359,77,3148.41,29,7538.805,71,,,1446.915,14,6091.89,57,
Angola,1992,4405.455,40,6632.013,60,11037.468,2026.509,46,660.818,15,2378.946,54,132.164,3,2246.782,51,2652.805,40,0,0,3979.208,60,2188.564,33,1790.644,27,4679.315,42,660.818,6,6358.153,58,2320.728,21,4037.426,37,,2951.655,67,1453.8,33,,,352.436,8,1101.364,25,397.921,6,6234.092,94,,,1127.442,17,5106.65,77,3349.576,30,7687.892,70,,,1479.879,13,6208.014,56,
Angola,1993,4720.527,41,6668.995,59,11389.522,2171.442,46,708.079,15,2549.085,54,141.616,3,2407.469,51,2667.598,40,0,0,4001.397,60,2200.768,33,1800.629,27,4839.04,42,708.079,6,6550.482,58,2342.384,21,4208.097,37,,3162.753,67,1557.774,33,,,377.642,8,1180.132,25,400.14,6,6268.855,94,,,1133.729,17,5135.126,77,3562.893,31,7826.629,69,,,1511.371,13,6315.258,55,
Angola,1994,5049.473,43,6696,57,11745.473,2373.252,47,807.916,16,2676.221,53,151.484,3,2524.737,50,2678.4,40,0,0,4017.6,60,2209.68,33,1807.92,27,5051.652,43,807.916,7,6693.821,57,2361.164,20,4332.657,37,,3433.642,68,1615.831,32,,,403.958,8,1211.874,24,401.76,6,6294.24,94,,,1138.32,17,5155.92,77,3835.402,33,7910.071,67,,,1542.278,13,6367.794,54,
Angola,1995,5324.794,44,6780.311,56,12105.105,2502.653,47,905.215,17,2822.141,53,159.744,3,2662.397,50,2712.124,40,0,0,4068.187,60,2305.306,34,1762.881,26,5214.778,43,905.215,7,6890.327,57,2465.05,20,4425.278,37,,3674.108,69,1650.686,31,,,425.984,8,1224.703,23,474.622,7,6305.689,93,,,1220.456,18,5085.233,75,4148.73,34,7956.375,66,,,1646.44,14,6309.936,52,
Angola,1996,5601.609,45,6866.743,55,12468.352,2688.772,48,1008.29,18,2912.837,52,168.048,3,2744.788,49,2746.697,40,68.667,1,4120.046,60,2334.693,34,1785.353,26,5435.47,44,1076.957,9,7032.882,56,2502.741,20,4530.142,36,,3977.142,71,1624.467,29,,,448.129,8,1176.338,21,549.339,8,6317.404,92,,,1304.681,19,5012.722,73,4526.482,36,7941.87,64,,,1752.81,14,6189.06,50,
Angola,1997,5881.615,46,6947.882,54,12829.497,2881.991,49,1176.323,20,2999.624,51,176.448,3,2823.175,48,2779.153,40,69.479,1,4168.729,60,2431.759,35,1736.971,25,5661.144,44,1245.802,10,7168.353,56,2608.207,20,4560.146,36,,4234.763,72,1646.852,28,,,470.529,8,1176.323,20,625.309,9,6322.573,91,,,1320.098,19,5002.475,72,4860.072,38,7969.425,62,,,1790.627,14,6178.798,48,
Angola,1998,6172.094,47,7017.299,53,13189.393,3086.047,50,1296.14,21,3086.047,50,185.163,3,2900.884,47,2806.92,40,70.173,1,4210.379,60,2456.055,35,1754.325,25,5892.967,45,1366.313,10,7296.426,55,2641.217,20,4655.209,36,,4505.629,73,1666.465,27,,,493.768,8,1172.698,19,631.557,9,6385.742,91,,,1473.633,21,4912.109,70,5137.186,39,8052.207,61,,,1967.4,15,6084.807,46,
Angola,1999,6482.989,48,7069.671,52,13552.66,3306.324,51,1426.258,22,3176.665,49,194.49,3,2982.175,46,2827.868,40,70.697,1,4241.803,60,2545.082,36,1696.721,24,6134.193,45,1496.954,11,7418.467,55,2739.571,20,4678.896,35,,4797.412,74,1685.577,26,,,518.639,8,1166.938,18,706.967,10,6362.704,90,,,1555.328,22,4807.376,68,5504.379,41,8048.281,59,,,2073.967,15,5974.314,44,
Angola,2000,6822.112,49,7104.261,51,13926.373,3547.498,52,1569.086,23,3274.614,48,204.663,3,3069.95,45,2841.704,40,71.043,1,4262.557,60,2557.534,36,1705.023,24,6389.203,46,1640.128,12,7537.17,54,2762.197,20,4774.973,34,,5116.584,75,1705.528,25,,,545.769,8,1159.759,17,781.469,11,6322.792,89,,,1562.937,22,4759.855,67,5898.053,42,8028.32,58,,,2108.706,15,5919.614,43,
Angola,2001,7192.827,50,7237.425,50,14430.252,3812.198,53,1726.278,24,3380.629,47,215.785,3,3164.844,44,2822.596,39,72.374,1,4414.829,61,2677.847,37,1736.982,24,6634.794,46,1798.653,12,7795.458,54,2893.632,20,4901.826,34,,5466.549,76,1726.278,24,,,647.354,9,1078.924,15,868.491,12,6368.934,88,,,1664.608,23,4704.326,65,6335.04,44,8095.212,56,,,2311.962,16,5783.25,40,
Angola,2002,7593.546,51,7347.97,49,14941.516,4100.515,54,1974.322,26,3493.031,46,227.806,3,3265.225,43,2865.708,39,73.48,1,4482.262,61,2792.229,38,1690.033,23,6966.223,47,2047.802,14,7975.293,53,3020.035,20,4955.258,33,,5847.03,77,1746.516,23,,,683.419,9,1063.096,14,955.236,13,6392.734,87,,,1763.513,24,4629.221,63,6802.267,46,8139.249,54,,,2446.932,16,5692.318,38,
Angola,2003,8018.37,52,7441.714,48,15460.084,4329.92,54,2164.96,27,3688.45,46,240.551,3,3447.899,43,2902.268,39,74.417,1,4539.446,61,2827.851,38,1711.594,23,7232.188,47,2239.377,14,8227.896,53,3068.402,20,5159.493,34,,6254.329,78,1764.041,22,,,721.653,9,1042.388,13,1041.84,14,6399.874,86,,,1786.011,24,4613.863,62,7296.169,47,8163.915,53,,,2507.665,16,5656.251,37,
Angola,2004,8455.539,53,7522.774,47,15978.313,4650.546,55,2367.551,28,3804.993,45,253.666,3,3551.326,42,2933.882,39,75.228,1,4588.892,61,2933.882,39,1655.01,22,7584.428,47,2442.779,15,8393.885,53,3187.548,20,5206.337,33,,6764.431,80,1691.108,20,,,676.443,8,1014.665,12,1053.188,14,6469.586,86,,,1955.921,26,4513.664,60,7817.62,49,8160.693,51,,,2632.364,16,5528.329,35,
Angola,2005,8896.816,54,7592.205,46,16489.021,4982.217,56,2580.077,29,3914.599,44,266.904,3,3647.695,41,2960.96,39,75.922,1,4631.245,61,2960.96,39,1670.285,22,7943.177,48,2655.999,16,8545.844,52,3227.864,20,5317.98,32,,7206.421,81,1690.395,19,,,711.745,8,978.65,11,1138.831,15,6453.374,85,,,2049.895,27,4403.479,58,8345.252,51,8143.769,49,,,2761.641,17,5382.129,33,
Angola,2006,9339.712,55,7698.716,45,17038.428,5323.636,57,2895.311,31,4016.076,43,280.191,3,3735.885,40,3002.499,39,76.987,1,4696.217,61,3079.486,40,1616.73,21,8326.135,49,2972.298,17,8712.293,51,3359.678,20,5352.615,32,,7658.564,82,1681.148,18,,,840.574,9,840.574,9,1231.795,16,6466.921,84,,,2155.64,28,4311.281,56,8890.358,52,8148.07,48,,,2996.215,18,5151.855,30,
Angola,2007,9785.289,56,7772.072,44,17557.361,5675.468,58,3131.292,32,4109.821,42,293.559,3,3816.263,39,3031.108,39,77.721,1,4740.964,61,3108.829,40,1632.135,21,8706.576,50,3209.013,18,8850.785,50,3402.387,19,5448.398,32,,8121.79,83,1663.499,17,,,880.676,9,782.823,8,1321.252,17,6450.82,83,,,2176.18,28,4274.64,55,9443.042,54,8114.319,46,,,3056.856,17,5057.463,29,
Angola,2008,10235.643,57,7823.346,43,18058.989,6039.029,59,3377.762,33,4196.614,41,204.713,2,3991.901,39,2972.871,38,78.233,1,4850.475,62,3207.572,41,1642.903,21,9011.901,50,3455.996,19,9047.088,50,3412.285,19,5634.803,31,,8597.94,84,1637.703,16,,,921.208,9,716.495,7,1408.202,18,6415.144,82,,,2268.77,29,4146.373,53,10006.142,55,8052.847,45,,,3189.978,18,4862.868,27,
Angola,2009,10694.241,58,7869.244,42,18563.485,6416.545,60,3636.042,34,4277.696,40,213.885,2,4063.812,38,2990.313,38,157.385,2,4878.931,62,3226.39,41,1652.541,21,9406.857,51,3793.427,20,9156.628,49,3440.275,19,5716.353,31,,9090.105,85,1604.136,15,,,962.482,9,641.654,6,1495.156,19,6374.088,81,,,2360.773,30,4013.314,51,10585.261,57,7978.224,43,,,3323.255,18,4654.969,25,
Angola,2010,11163.682,59,7918.23,41,19081.912,6698.209,60,3795.652,34,4465.473,40,223.274,2,4242.199,38,3008.927,38,158.365,2,4909.303,62,3246.474,41,1662.828,21,9707.137,51,3954.016,21,9374.775,49,3469.748,18,5905.027,31,,9489.13,85,1674.552,15,,,1004.731,9,669.821,6,1504.464,19,6413.766,81,,,2375.469,30,4038.297,51,10993.593,58,8088.319,42,,,3380.2,18,4708.118,25,
Benin,1990,1646.016,34,3127.121,66,4773.137,1185.132,72,263.363,16,460.884,28,148.141,9,312.743,19,1532.289,49,0,0,1594.832,51,906.865,29,687.967,22,2717.421,57,263.363,6,2055.716,43,1055.007,22,1000.71,21,35,230.442,14,1415.574,86,329.203,20,230.442,14,855.928,52,0,0,3127.121,100,31.271,1,93.814,3,3002.036,96,230.442,5,4542.695,95,360.474,8,324.256,6,3857.964,81,9
Benin,1991,1739.114,35,3205.319,65,4944.433,1269.553,73,278.258,16,469.561,27,139.129,8,330.432,19,1602.66,50,0,0,1602.659,50,897.489,28,705.17,22,2872.213,58,278.258,6,2072.22,42,1036.618,21,1035.602,21,,243.476,14,1495.638,86,365.214,21,260.867,15,869.557,50,32.053,1,3173.266,99,32.053,1,96.16,3,3045.053,95,275.529,6,4668.904,94,397.267,8,357.027,7,3914.61,79,
Benin,1992,1830.163,36,3287.389,64,5117.552,1336.019,73,311.128,17,494.144,27,146.413,8,347.731,19,1676.568,51,0,0,1610.821,49,887.595,27,723.226,22,3012.587,59,311.128,6,2104.965,41,1034.008,20,1070.957,21,,274.524,15,1555.639,85,402.636,22,256.223,14,896.78,49,32.874,1,3254.515,99,65.748,2,98.622,3,3090.146,94,307.398,6,4810.154,94,468.384,9,354.844,7,3986.926,78,
Benin,1993,1911.797,36,3381.286,64,5293.083,1414.73,74,344.123,18,497.067,26,152.944,8,344.123,18,1758.269,52,0,0,1623.017,48,845.322,25,777.696,23,3172.999,60,344.123,7,2120.084,40,998.265,19,1121.819,21,,286.77,15,1625.027,85,439.713,23,267.652,14,917.663,48,33.813,1,3347.473,99,67.626,2,135.251,4,3144.596,93,320.582,6,4972.501,94,507.339,10,402.903,7,4062.259,77,
Benin,1994,1994.823,36,3476.172,64,5470.995,1496.117,75,379.016,19,498.706,25,139.638,7,359.068,18,1842.371,53,34.762,1,1633.801,47,834.281,24,799.52,23,3338.488,61,413.778,8,2132.507,39,973.919,18,1158.588,21,,319.172,16,1675.651,84,458.809,23,279.275,14,937.567,47,34.762,1,3441.41,99,104.285,3,139.047,4,3198.078,92,353.933,6,5117.062,94,563.094,10,418.322,8,4135.645,76,
Benin,1995,2077.246,37,3573.895,63,5651.141,1557.935,75,394.677,19,519.311,25,145.407,7,373.904,18,1929.903,54,35.739,1,1643.992,46,821.996,23,821.996,23,3487.838,62,430.416,8,2163.303,38,967.403,17,1195.9,21,,353.132,17,1724.114,83,498.539,24,270.042,13,955.533,46,35.739,1,3538.156,99,107.217,3,178.695,5,3252.244,91,388.871,7,5262.27,93,605.756,11,448.737,8,4207.778,74,
Benin,1996,2158.268,37,3664.147,63,5822.415,1640.284,76,431.654,20,517.984,24,151.079,7,366.906,17,2015.281,55,36.641,1,1648.866,45,806.112,22,842.754,23,3655.565,63,468.295,8,2166.85,37,957.191,16,1209.659,21,,366.906,17,1791.362,83,539.567,25,280.575,13,971.221,45,73.283,2,3590.864,98,146.566,4,146.566,4,3297.732,90,440.189,8,5382.226,92,686.133,12,427.141,7,4268.953,73,
Benin,1997,2238.649,37,3754.72,63,5993.369,1701.373,76,470.116,21,537.276,24,134.319,6,402.957,18,2102.643,56,37.547,1,1652.077,44,788.491,21,863.586,23,3804.016,63,507.663,8,2189.353,37,922.81,15,1266.542,22,,402.957,18,1835.692,82,582.049,26,291.024,13,962.619,43,75.094,2,3679.626,98,150.189,4,187.736,5,3341.701,89,478.051,8,5515.318,92,732.238,12,478.76,8,4304.32,72,
Benin,1998,2320.263,38,3844.985,62,6165.248,1786.603,77,510.458,22,533.66,23,139.216,6,394.445,17,2191.641,57,38.45,1,1653.344,43,768.997,20,884.347,23,3978.244,65,548.908,9,2187.004,35,908.213,15,1278.791,20,,417.647,18,1902.616,82,626.471,27,301.634,13,974.51,42,76.9,2,3768.085,98,192.249,5,192.249,5,3383.587,88,494.547,8,5670.701,92,818.72,13,493.883,8,4358.097,71,
Benin,1999,2406.15,38,3933.518,62,6339.668,1876.797,78,553.415,23,529.353,22,144.369,6,384.984,16,2281.44,58,39.335,1,1652.078,42,747.368,19,904.709,23,4158.237,66,592.75,9,2181.431,34,891.737,14,1289.693,21,,457.169,19,1948.981,81,649.661,27,312.8,13,986.522,41,78.67,2,3854.848,98,236.011,6,196.676,5,3422.161,87,535.839,8,5803.829,92,885.672,14,509.475,8,4408.682,70,
Benin,2000,2498.472,38,4019.338,62,6517.81,1948.808,78,574.649,23,549.664,22,124.924,5,424.74,17,2371.409,59,80.387,2,1647.929,41,723.481,18,924.448,23,4320.218,66,655.035,10,2197.592,34,848.404,13,1349.188,21,,474.71,19,2023.762,81,699.572,28,324.801,13,999.389,40,120.58,3,3898.758,97,241.16,6,160.774,4,3496.824,87,595.29,9,5922.52,91,940.732,14,485.575,8,4496.213,69,
Benin,2001,2597.797,39,4136.778,61,6734.575,2052.26,79,623.471,24,545.537,21,129.89,5,415.648,16,2482.067,60,82.736,2,1654.711,40,703.252,17,951.459,23,4534.326,67,706.207,10,2200.249,33,833.142,12,1367.106,21,,519.559,20,2078.238,80,753.361,29,311.736,12,1013.141,39,124.103,3,4012.675,97,289.574,7,165.471,4,3557.629,86,643.663,10,6090.912,90,1042.936,15,477.207,7,4570.77,68,
Benin,2002,2703.663,39,4250.137,61,6953.8,2135.894,79,675.916,25,567.769,21,135.183,5,432.586,16,2592.584,61,85.003,2,1657.553,39,680.022,16,977.532,23,4728.477,68,760.918,11,2225.323,32,815.205,12,1410.118,20,,540.733,20,2162.93,80,811.099,30,324.44,12,1027.392,38,127.504,3,4122.633,97,297.51,7,212.507,5,3612.616,85,668.237,10,6285.563,90,1108.608,16,536.946,7,4640.008,67,
Benin,2003,2815.979,39,4360.256,61,7176.235,2252.783,80,732.155,26,563.196,20,140.799,5,422.397,15,2659.756,61,87.205,2,1700.5,39,654.038,15,1046.461,24,4912.539,68,819.36,11,2263.696,32,794.837,11,1468.858,21,,591.356,21,2224.623,79,872.953,31,337.917,12,1013.752,36,130.808,3,4229.448,97,348.82,8,218.013,5,3662.615,84,722.163,10,6454.072,90,1221.774,17,555.93,8,4676.367,65,
Benin,2004,2933.301,40,4469.355,60,7402.656,2346.641,80,762.658,26,586.66,20,117.332,4,469.328,16,2771,62,89.387,2,1698.355,38,625.71,14,1072.645,24,5117.641,69,852.045,12,2285.015,31,743.042,10,1541.973,20,,615.993,21,2317.308,79,909.323,31,381.329,13,1026.655,35,178.774,4,4290.581,96,357.548,8,223.468,5,3709.565,83,794.767,11,6607.889,89,1266.872,17,604.797,8,4736.22,64,
Benin,2005,3054.419,40,4579.338,60,7633.757,2474.079,81,824.693,27,580.34,19,122.177,4,458.163,15,2884.983,63,137.38,3,1694.355,37,595.314,13,1099.041,24,5359.062,70,962.073,13,2274.695,30,717.491,9,1557.204,20,,671.972,22,2382.447,78,977.414,32,366.53,12,1038.502,34,183.174,4,4396.164,96,412.14,9,228.967,5,3755.057,82,855.146,11,6778.611,89,1389.555,18,595.497,8,4793.56,63,
Benin,2006,3179.304,40,4690.541,60,7869.845,2607.029,82,890.205,28,572.275,18,127.172,4,445.103,14,3001.946,64,140.716,3,1688.595,36,515.96,11,1172.635,25,5608.976,71,1030.921,13,2260.869,29,643.132,8,1617.738,21,,731.24,23,2448.064,77,1049.17,33,349.723,11,1049.17,33,187.622,4,4502.919,96,422.149,9,281.432,6,3799.338,81,918.862,12,6950.983,88,1471.319,19,631.156,7,4848.509,62,
Benin,2007,3308.307,41,4802.523,59,8110.83,2712.812,82,959.409,29,595.495,18,99.249,3,496.246,15,3121.64,65,144.076,3,1680.883,35,480.252,10,1200.631,25,5834.452,72,1103.485,14,2276.378,28,579.502,7,1696.877,21,,760.911,23,2547.396,77,1124.824,34,363.914,11,1058.658,32,192.101,4,4610.422,96,480.252,10,288.151,6,3842.018,80,953.012,12,7157.818,88,1605.077,20,652.065,8,4900.677,60,
Benin,2008,3441.577,41,4914.032,59,8355.609,2856.509,83,998.057,29,585.068,17,103.247,3,481.821,14,3243.261,66,147.421,3,1670.771,34,442.263,9,1228.508,25,6099.77,73,1145.478,14,2255.839,27,545.51,7,1710.329,20,,825.978,24,2615.599,76,1204.552,35,344.158,10,1066.889,31,196.561,4,4717.471,96,491.403,10,343.982,7,3882.085,79,1022.54,12,7333.069,88,1695.955,20,688.14,9,4948.974,59,
Benin,2009,3579.025,42,5023.23,58,8602.255,2970.591,83,1073.708,30,608.434,17,107.371,3,501.064,14,3365.564,67,150.697,3,1657.666,33,401.858,8,1255.808,25,6336.155,74,1224.404,14,2266.1,26,509.229,6,1756.871,21,,858.966,24,2720.059,76,1252.659,35,429.483,12,1037.917,29,251.162,5,4772.068,95,552.555,11,301.394,6,3918.119,78,1110.128,13,7492.127,87,1805.214,21,730.877,8,4956.037,58,
Benin,2010,3720.849,42,5129.043,58,8849.892,3125.513,84,1153.463,31,595.336,16,74.417,2,520.919,14,3487.749,68,205.162,4,1641.294,32,359.033,7,1282.261,25,6613.262,75,1358.625,15,2236.63,25,433.45,5,1803.18,21,,930.212,25,2790.637,75,1339.506,36,409.293,11,1041.838,28,256.452,5,4872.591,95,615.485,12,307.743,6,3949.363,77,1186.664,13,7663.228,87,1954.991,22,717.036,9,4991.201,56,
Botswana,1990,579.67,42,802.701,58,1382.371,579.67,100,220.275,38,0,0,0,0,0,0,706.377,88,104.351,13,96.324,12,72.243,9,24.081,3,1286.047,93,324.626,23,96.324,7,72.243,5,24.081,2,22,353.599,61,226.071,39,28.984,5,127.527,22,69.56,12,176.594,22,626.107,78,48.162,6,152.513,19,425.432,53,530.193,38,852.178,62,77.146,6,280.041,20,494.992,36,26
Botswana,1991,644.763,45,777.916,55,1422.679,644.763,100,257.905,40,0,0,0,0,0,0,684.566,88,108.908,14,93.35,12,62.233,8,31.117,4,1329.329,93,366.813,26,93.35,7,62.233,4,31.117,2,,399.753,62,245.01,38,32.238,5,141.848,22,70.924,11,178.921,23,598.995,77,46.675,6,147.804,19,404.516,52,578.674,41,844.005,59,78.913,6,289.652,20,475.44,33,
Botswana,1992,680.355,46,783.141,54,1463.496,680.355,100,292.553,43,0,0,0,0,0,0,689.164,88,117.471,15,93.977,12,62.651,8,31.326,4,1369.519,94,410.024,28,93.977,6,62.651,4,31.326,2,,428.624,63,251.731,37,34.018,5,142.875,21,74.839,11,187.954,24,595.187,76,46.988,6,148.797,19,399.402,51,616.577,42,846.919,58,81.006,6,291.671,20,474.241,32,
Botswana,1993,712.145,47,792.349,53,1504.494,712.145,100,320.465,45,0,0,0,0,0,0,705.191,89,126.776,16,87.158,11,63.388,8,23.77,3,1417.336,94,447.241,30,87.158,6,63.388,4,23.77,2,,455.773,64,256.372,36,35.607,5,149.55,21,71.215,10,198.087,25,594.262,75,47.541,6,142.623,18,404.098,51,653.86,43,850.634,57,83.148,6,292.173,19,475.312,32,
Botswana,1994,744.335,48,800.928,52,1545.263,744.335,100,357.281,48,0,0,0,0,0,0,712.826,89,136.158,17,88.102,11,64.074,8,24.028,3,1457.161,94,493.439,32,88.102,6,64.074,4,24.028,2,,476.374,64,267.961,36,37.217,5,156.31,21,74.434,10,208.241,26,592.687,74,56.065,7,136.158,17,400.464,50,684.616,44,860.647,56,93.282,6,292.468,19,474.898,31,
Botswana,1995,776.661,49,808.976,51,1585.637,776.661,100,388.331,50,0,0,0,0,0,0,719.989,89,153.705,19,88.987,11,56.628,7,32.359,4,1496.65,94,542.036,34,88.987,6,56.628,4,32.359,2,,504.83,65,271.831,35,38.833,5,163.099,21,69.899,9,218.424,27,590.552,73,56.628,7,137.526,17,396.398,49,723.253,46,862.384,54,95.461,6,300.625,19,466.298,29,
Botswana,1996,809.092,50,811.729,50,1620.821,809.092,100,428.819,53,0,0,0,0,0,0,722.439,89,162.346,20,89.29,11,56.821,7,32.469,4,1531.531,94,591.165,36,89.29,6,56.821,4,32.469,2,,534.001,66,275.091,34,40.455,5,169.909,21,64.727,8,227.284,28,584.445,72,56.821,7,137.994,17,389.63,48,761.285,47,859.536,53,97.276,6,307.903,19,454.357,28,
Botswana,1997,841.511,51,814.299,49,1655.81,833.096,99,462.831,55,8.415,1,0,0,8.415,1,724.726,89,171.003,21,89.573,11,57.001,7,32.572,4,1557.822,94,633.834,38,97.988,6,57.001,3,40.987,3,,555.397,66,286.114,34,42.076,5,176.717,21,67.321,8,236.147,29,578.152,71,57.001,7,130.288,16,390.864,48,791.544,48,864.266,52,99.076,6,307.005,18,458.184,28,
Botswana,1998,873.651,52,816.784,48,1690.435,864.914,99,506.718,58,8.737,1,0,0,8.737,1,735.106,90,179.692,22,81.678,10,57.175,7,24.504,3,1600.02,95,686.41,41,90.415,5,57.175,3,33.24,2,,585.346,67,288.305,33,52.419,6,174.73,20,61.156,7,245.035,30,571.749,70,65.343,8,122.518,15,383.888,47,830.381,49,860.054,51,117.762,7,297.248,18,445.044,26,
Botswana,1999,905.082,52,819.44,48,1724.522,896.031,99,543.049,60,9.051,1,0,0,9.051,1,737.496,90,196.666,24,81.944,10,49.166,6,32.778,4,1633.527,95,739.715,43,90.995,5,49.166,3,41.828,2,,615.456,68,289.626,32,54.305,6,171.966,19,63.356,7,254.026,31,565.414,69,65.555,8,122.916,15,376.942,46,869.482,50,855.04,50,119.86,7,294.882,17,440.298,26,
Botswana,2000,935.55,53,822.375,47,1757.925,926.195,99,589.397,63,9.355,1,0,0,9.356,1,740.138,90,205.594,25,82.237,10,49.343,6,32.895,4,1666.332,95,794.99,45,91.593,5,49.343,3,42.251,2,,645.53,69,290.02,31,56.133,6,177.755,19,56.133,6,263.16,32,559.215,68,65.79,8,123.356,15,370.069,45,908.69,52,849.235,48,121.923,7,301.111,17,426.202,24,
Botswana,2001,964.709,54,817.967,46,1782.676,955.062,99,627.061,65,9.647,1,0,0,9.647,1,736.17,90,212.671,26,81.797,10,49.078,6,32.719,4,1691.232,95,839.732,47,91.444,5,49.078,3,42.366,2,,665.649,69,299.06,31,57.883,6,183.295,19,57.883,6,269.929,33,548.038,67,65.437,8,122.695,15,359.905,44,935.578,52,847.098,48,123.32,7,305.99,18,417.788,23,
Botswana,2002,992.703,55,813.576,45,1806.279,982.776,99,675.038,68,9.927,1,0,0,9.927,1,732.218,90,219.666,27,81.358,10,48.815,6,32.543,4,1714.994,95,894.704,50,91.285,5,48.815,3,42.47,2,,694.892,70,297.811,30,59.562,6,188.614,19,49.635,5,276.616,34,536.96,66,73.222,9,105.765,13,357.973,44,971.508,54,834.771,46,132.784,7,294.378,16,407.609,23,
Botswana,2003,1019.948,56,809.196,44,1829.144,1009.749,99,713.964,70,10.199,1,0,0,10.199,1,728.276,90,226.575,28,80.92,10,40.46,5,40.46,5,1738.025,95,940.538,51,91.119,5,40.46,2,50.659,3,,724.163,71,295.785,29,61.197,6,193.79,19,40.798,4,283.219,35,525.977,65,72.828,9,105.195,13,347.954,43,1007.382,55,821.762,45,134.025,7,298.986,17,388.752,21,
Botswana,2004,1047.369,57,804.709,43,1852.078,1036.895,99,764.579,73,10.474,1,0,0,10.474,1,732.285,91,241.413,30,72.424,9,40.235,5,32.188,4,1769.181,96,1005.992,54,82.897,4,40.235,2,42.662,3,,754.106,72,293.263,28,62.842,6,188.526,18,41.895,4,289.695,36,515.014,64,72.424,9,104.612,13,337.978,42,1043.801,56,808.277,44,135.266,7,293.139,16,379.873,21,
Botswana,2005,1075.642,57,800.031,43,1875.673,1064.886,99,806.732,75,10.756,1,0,0,10.756,1,728.028,91,248.01,31,72.003,9,40.002,5,32.001,4,1792.914,96,1054.741,56,82.759,4,40.002,2,42.758,3,,774.462,72,301.18,28,64.539,6,204.372,19,32.269,3,296.011,37,504.02,63,72.003,9,104.004,13,328.013,41,1070.474,57,805.199,43,136.541,7,308.376,17,360.282,19,
Botswana,2006,1105.053,58,795.553,42,1900.606,1094.002,99,861.941,78,11.051,1,0,0,11.051,1,723.953,91,254.577,32,71.6,9,39.778,5,31.822,4,1817.956,96,1116.518,59,82.65,4,39.778,2,42.873,2,,806.689,73,298.364,27,66.303,6,198.91,18,33.152,3,302.31,38,493.243,62,79.555,10,87.511,11,326.177,41,1108.999,58,791.607,42,145.858,8,286.42,15,359.328,19,
Botswana,2007,1135.417,59,791.489,41,1926.906,1124.063,99,908.334,80,11.354,1,0,0,11.354,1,720.255,91,261.191,33,71.234,9,31.66,4,39.574,5,1844.318,96,1169.525,61,82.588,4,31.66,2,50.929,2,,840.209,74,295.208,26,68.125,6,204.375,18,22.708,2,308.681,39,482.808,61,79.149,10,87.064,11,316.596,40,1148.889,60,778.017,40,147.274,8,291.439,14,339.304,18,
Botswana,2008,1166.305,60,787.711,40,1954.016,1154.642,99,968.033,83,11.663,1,0,0,11.663,1,716.817,91,275.699,35,70.894,9,31.508,4,39.386,5,1871.459,96,1243.732,64,82.557,4,31.508,2,51.049,2,,874.729,75,291.576,25,69.978,6,198.272,17,23.326,2,315.084,40,472.627,60,78.771,10,86.648,11,307.207,39,1189.813,61,764.203,39,148.749,8,284.92,14,330.533,17,
Botswana,2009,1196.991,60,783.884,40,1980.875,1185.021,99,1017.442,85,11.97,1,0,0,11.97,1,721.173,92,282.198,36,62.711,8,31.355,4,31.355,4,1906.194,96,1299.641,66,74.681,4,31.355,2,43.325,1,,897.743,75,299.248,25,71.819,6,215.458,18,11.97,1,321.392,41,462.492,59,86.227,11,78.388,10,297.876,38,1219.136,62,761.739,38,158.047,8,293.847,14,309.846,16,
Botswana,2010,1226.926,61,780.019,39,2006.945,1214.657,99,1042.887,85,12.269,1,0,0,12.269,1,717.617,92,280.807,36,62.402,8,31.201,4,31.201,4,1932.274,96,1323.694,66,74.671,4,31.201,2,43.47,2,,920.195,75,306.731,25,73.616,6,220.847,18,12.269,1,319.808,41,460.211,59,85.802,11,78.002,10,296.407,38,1240.002,62,766.943,38,159.418,8,298.849,15,308.676,15,
Burkina Faso,1990,1288.11,14,8035.886,86,9323.996,966.083,75,154.573,12,322.027,25,12.881,1,309.146,24,3053.637,38,0,0,4982.249,62,803.589,10,4178.661,52,4019.719,43,154.573,2,5304.277,57,816.47,9,4487.807,48,46,553.887,43,734.223,57,412.195,32,167.454,13,154.573,12,160.718,2,7875.168,98,241.077,3,482.153,6,7151.939,89,714.605,8,8609.391,92,653.272,7,649.607,7,7306.512,78,11
Burkina Faso,1991,1347.911,14,8248.557,86,9596.468,1010.933,75,161.749,12,336.978,25,13.479,1,323.499,24,3134.452,38,0,0,5114.105,62,824.856,10,4289.25,52,4145.385,43,161.749,2,5451.083,57,838.335,9,4612.748,47,,579.602,43,768.309,57,431.332,32,175.228,13,161.749,12,164.971,2,8083.586,98,247.457,3,494.913,6,7341.216,89,744.573,8,8851.895,92,678.788,7,670.142,7,7502.965,78,
Burkina Faso,1992,1410.779,14,8457.572,86,9868.351,1072.192,76,183.401,13,338.587,24,14.108,1,324.479,23,3383.029,40,0,0,5074.543,60,845.757,10,4228.786,50,4455.221,45,183.401,2,5413.13,55,859.865,9,4553.265,46,,620.743,44,790.036,56,451.449,32,183.401,13,155.186,11,169.151,2,8288.421,98,253.727,3,507.454,6,7527.239,89,789.894,8,9078.457,92,705.176,7,690.856,7,7682.425,78,
Burkina Faso,1993,1476.612,15,8663.97,85,10140.582,1136.991,77,191.96,13,339.621,23,14.766,1,324.855,22,3638.867,42,0,0,5025.103,58,779.757,9,4245.345,49,4775.859,47,191.96,2,5364.723,53,794.523,8,4570.2,45,,649.709,44,826.903,56,472.516,32,191.96,13,162.427,11,173.279,2,8490.691,98,259.919,3,606.478,7,7624.294,88,822.989,8,9317.593,92,732.435,7,798.437,8,7786.721,77,
Burkina Faso,1994,1545.592,15,8869.066,85,10414.658,1205.562,78,216.383,14,340.03,22,15.456,1,324.574,21,3902.389,44,0,0,4966.677,56,798.216,9,4168.461,47,5107.951,49,216.383,2,5306.707,51,813.672,8,4493.035,43,,680.06,44,865.532,56,510.045,33,185.471,12,170.015,11,177.381,2,8691.685,98,354.763,4,620.835,7,7716.087,87,857.442,8,9557.216,92,864.808,8,806.306,8,7886.103,76,
Burkina Faso,1995,1617.827,15,9074.311,85,10692.138,1278.083,79,226.496,14,339.744,21,16.178,1,323.565,20,4174.183,46,0,0,4900.128,54,816.688,9,4083.44,45,5452.266,51,226.496,2,5239.872,49,832.866,8,4407.005,41,,728.022,45,889.805,55,533.883,33,177.961,11,177.961,11,272.229,3,8802.082,97,362.972,4,635.202,7,7803.907,86,1000.251,9,9691.887,91,896.855,8,813.163,8,7981.868,75,
Burkina Faso,1996,1693.564,15,9317.272,85,11010.836,1354.851,80,254.035,15,338.713,20,16.936,1,321.777,19,4379.118,47,0,0,4938.154,53,838.554,9,4099.6,44,5733.969,52,254.035,2,5276.867,48,855.49,8,4421.377,40,,762.104,45,931.46,55,558.876,33,186.292,11,186.292,11,279.518,3,9037.754,97,465.864,5,559.036,6,8012.854,86,1041.622,9,9969.214,91,1024.74,9,745.328,8,8199.146,74,
Burkina Faso,1997,1794.13,16,9533.81,84,11327.94,1453.245,81,287.061,16,340.885,19,17.941,1,322.943,18,4671.567,49,0,0,4862.243,51,762.705,8,4099.538,43,6124.812,54,287.061,3,5203.128,46,780.646,7,4422.482,38,,807.359,45,986.771,55,592.063,33,197.354,11,197.354,11,286.014,3,9247.796,97,476.691,5,667.367,7,8103.739,85,1093.373,10,10234.567,90,1068.753,9,864.721,8,8301.093,73,
Burkina Faso,1998,1918.653,16,9727.191,84,11645.844,1573.295,82,306.984,16,345.358,18,19.187,1,326.171,17,4960.867,51,0,0,4766.324,49,778.175,8,3988.148,41,6534.163,56,306.984,3,5111.681,44,797.362,7,4314.319,37,,882.58,46,1036.073,54,652.342,34,191.865,10,191.865,10,291.816,3,9435.375,97,486.36,5,778.175,8,8170.84,84,1174.396,10,10471.448,90,1138.702,10,970.041,8,8362.706,72,
Burkina Faso,1999,2051.629,17,9915.492,83,11967.121,1723.368,84,348.777,17,328.261,16,0,0,328.261,16,5255.211,53,0,0,4660.281,47,793.239,8,3867.042,39,6978.579,58,348.777,3,4988.542,42,793.239,7,4195.303,35,,943.749,46,1107.88,54,697.554,34,205.163,10,205.163,10,396.62,4,9518.872,96,594.93,6,594.93,6,8329.013,84,1340.369,11,10626.752,89,1292.483,11,800.092,7,8534.176,71,
Burkina Faso,2000,2193.744,18,10100.268,82,12294.012,1864.682,85,372.936,17,329.062,15,0,0,329.062,15,5555.147,55,0,0,4545.121,45,707.019,7,3838.102,38,7419.83,60,372.936,3,4874.182,40,707.019,6,4167.163,34,,1009.122,46,1184.622,54,745.873,34,219.374,10,219.374,10,404.011,4,9696.257,96,606.016,6,707.019,7,8383.222,83,1413.133,11,10880.879,89,1351.889,11,926.393,8,8602.597,70,
Burkina Faso,2001,2345.027,19,10323.928,81,12668.955,2016.723,86,422.105,18,328.304,14,0,0,328.304,14,5781.4,56,0,0,4542.528,44,722.675,7,3819.853,37,7798.123,62,422.105,3,4870.832,38,722.675,6,4148.157,33,,1102.163,47,1242.864,53,797.309,34,211.052,9,234.503,10,412.957,4,9910.971,96,619.436,6,825.914,8,8465.621,82,1515.12,12,11153.835,88,1416.745,11,1036.967,8,8700.124,69,
Burkina Faso,2002,2506.512,19,10538.347,81,13044.859,2180.665,87,476.237,19,325.847,13,0,0,325.847,13,6112.241,58,0,0,4426.106,42,737.684,7,3688.421,35,8292.907,64,476.237,4,4751.952,36,737.684,6,4014.268,30,,1178.061,47,1328.451,53,877.279,35,200.521,8,250.651,10,421.534,4,10116.813,96,737.684,7,843.068,8,8536.061,81,1599.595,12,11445.264,88,1614.963,12,1043.589,9,8786.712,67,
Burkina Faso,2003,2678.584,20,10745.308,80,13423.892,2357.154,88,508.931,19,321.43,12,0,0,321.43,12,6447.185,60,0,0,4298.123,40,752.172,7,3545.952,33,8804.339,66,508.931,4,4619.553,34,752.172,6,3867.382,28,,1258.934,47,1419.65,53,937.504,35,214.287,8,267.858,10,429.812,4,10315.496,96,752.172,7,859.625,8,8703.699,81,1688.747,13,11735.145,87,1689.676,13,1073.911,7,8971.558,67,
Burkina Faso,2004,2862.336,21,10945.512,79,13807.848,2547.479,89,572.467,20,314.857,11,0,0,314.857,11,6786.217,62,0,0,4159.295,38,656.731,6,3502.564,32,9333.696,68,572.467,4,4474.152,32,656.731,5,3817.421,28,,1373.921,48,1488.415,52,1001.818,35,228.987,8,257.61,9,547.276,5,10398.236,95,766.186,7,875.641,8,8756.41,80,1921.197,14,11886.651,86,1768.003,13,1104.628,8,9014.02,65,
Burkina Faso,2005,3057.923,22,11140.54,78,14198.463,2752.131,90,611.585,20,305.792,10,0,0,305.792,10,7129.946,64,0,0,4010.594,36,668.432,6,3342.162,30,9882.076,70,611.585,4,4316.387,30,668.432,5,3647.954,26,,1467.803,48,1590.12,52,1070.273,35,244.634,8,275.213,9,557.027,5,10583.513,95,891.243,8,891.243,8,8801.027,79,2024.83,14,12173.633,86,1961.516,14,1135.877,8,9076.24,64,
Burkina Faso,2006,3266.454,22,11378.495,78,14644.949,2972.473,91,685.955,21,293.981,9,0,0,293.981,9,7396.022,65,0,0,3982.473,35,682.71,6,3299.764,29,10368.495,71,685.955,5,4276.454,29,682.71,5,3593.744,24,,1567.898,48,1698.556,52,1175.923,36,228.652,7,293.981,9,568.925,5,10809.57,95,910.28,8,1024.065,9,8875.226,78,2136.823,15,12508.126,85,2086.203,14,1252.716,8,9169.207,63,
Burkina Faso,2007,3488.609,23,11604.323,77,15092.932,3209.52,92,767.494,22,279.089,8,0,0,279.089,8,7774.896,67,0,0,3829.427,33,696.259,6,3133.167,27,10984.417,73,767.494,5,4108.515,27,696.259,5,3412.256,22,,1709.418,49,1779.191,51,1255.899,36,209.317,6,313.975,9,580.216,5,11024.107,95,928.346,8,1044.389,9,9051.372,78,2289.635,15,12803.297,85,2184.245,14,1253.706,9,9365.347,62,
Burkina Faso,2008,3723.196,24,11821.409,76,15544.605,3462.572,93,819.103,22,260.624,7,0,0,260.624,7,8156.772,69,0,0,3664.637,31,591.07,5,3073.566,26,11619.344,75,819.103,5,3925.261,25,591.07,4,3334.19,22,,1824.366,49,1898.83,51,1340.351,36,223.392,6,335.088,9,709.285,6,11112.124,94,1063.927,9,945.713,8,9102.485,77,2533.651,16,13010.954,84,2404.277,15,1169.104,8,9437.573,61,
Burkina Faso,2009,3970.385,25,12031.972,75,16002.357,3732.162,94,913.189,23,238.223,6,0,0,238.223,6,8542.7,71,0,0,3489.272,29,601.599,5,2887.673,24,12274.862,77,913.189,6,3727.495,23,601.599,4,3125.896,19,,1945.489,49,2024.896,51,1429.339,36,238.223,6,357.335,9,721.918,6,11310.054,94,1082.877,9,1082.877,9,9144.299,76,2667.407,17,13334.95,83,2512.216,16,1321.101,8,9501.633,59,
Burkina Faso,2010,4230.648,26,12238.066,74,16468.714,4019.116,95,973.049,23,211.532,5,0,0,211.532,5,8933.788,73,0,0,3304.278,27,611.903,5,2692.375,22,12952.904,79,973.049,6,3515.81,21,611.903,4,2903.907,17,,2115.324,50,2115.324,50,1565.34,37,169.226,4,380.758,9,734.284,6,11503.782,94,1223.807,10,979.045,8,9300.93,76,2849.608,17,13619.106,83,2789.146,17,1148.271,7,9681.688,59,
Burundi,1990,351.284,6,5250.436,94,5601.72,340.745,97,112.411,32,10.539,3,0,0,10.539,3,3570.296,68,52.504,1,1680.14,32,367.531,7,1312.609,25,3911.042,70,164.915,3,1690.678,30,367.531,7,1323.148,23,21,144.026,41,207.258,59,63.231,18,140.514,40,3.513,1,2310.192,44,2940.244,56,210.017,4,2572.714,49,157.513,3,2454.218,44,3147.502,56,273.249,5,2713.227,48,161.026,3,14
Burundi,1991,369.486,6,5342.922,94,5712.408,358.401,97,118.236,32,11.085,3,3.695,1,7.39,2,3633.187,68,53.429,1,1709.735,32,427.434,8,1282.301,24,3991.588,70,171.665,3,1720.82,30,431.129,8,1289.691,22,,155.184,42,214.302,58,66.507,18,144.1,39,3.695,1,2350.886,44,2992.036,56,213.717,4,2618.032,49,160.288,3,2506.07,44,3206.338,56,280.224,5,2762.131,48,163.983,3,
Burundi,1992,387.274,7,5428.669,93,5815.943,371.783,96,127.8,33,15.491,4,3.873,1,11.618,3,3691.495,68,54.287,1,1737.174,32,488.58,9,1248.594,23,4063.278,70,182.087,3,1752.665,30,492.453,8,1260.212,22,,162.655,42,224.619,58,73.582,19,147.164,38,3.873,1,2388.614,44,3040.055,56,217.147,4,2660.048,49,162.86,3,2551.269,44,3264.674,56,290.729,5,2807.212,48,166.733,3,
Burundi,1993,404.829,7,5507.588,93,5912.417,384.588,95,137.642,34,20.241,5,8.097,2,12.145,3,3745.16,68,55.076,1,1762.428,32,495.683,9,1266.745,23,4129.747,70,192.718,3,1782.67,30,503.78,9,1278.89,21,,174.076,43,230.753,57,76.918,19,149.787,37,4.048,1,2423.339,44,3084.249,56,220.304,4,2698.718,49,165.228,3,2597.415,44,3315.002,56,297.221,5,2848.505,48,169.276,3,
Burundi,1994,422.041,7,5580.496,93,6002.537,396.719,94,147.714,35,25.322,6,8.441,2,16.882,4,3850.542,69,55.805,1,1729.954,31,558.05,10,1171.904,21,4247.261,71,203.519,3,1755.276,29,566.49,9,1188.786,21,,181.478,43,240.563,57,80.188,19,156.155,37,4.22,1,2455.418,44,3125.078,56,223.22,4,2734.443,49,167.415,3,2636.896,44,3365.641,56,303.408,5,2890.598,48,171.635,3,
Burundi,1995,438.916,7,5647.835,93,6086.751,408.192,93,158.01,36,30.724,7,13.167,3,17.557,4,3897.006,69,56.478,1,1750.829,31,621.262,11,1129.567,20,4305.198,71,214.488,4,1781.553,29,634.429,10,1147.124,19,,193.123,44,245.793,56,83.394,19,158.01,36,4.389,1,2541.526,45,3106.309,55,225.913,4,2710.961,48,169.435,3,2734.649,45,3352.102,55,309.307,5,2868.971,47,173.824,3,
Burundi,1996,455.116,7,5705.223,93,6160.339,418.707,92,168.393,37,36.409,8,13.653,3,22.756,5,3936.604,69,57.052,1,1768.619,31,627.575,11,1141.045,20,4355.311,71,225.445,4,1805.028,29,641.228,10,1163.8,19,,200.251,44,254.865,56,91.023,20,159.291,35,4.551,1,2567.35,45,3137.873,55,228.209,4,2738.507,48,171.157,3,2767.601,45,3392.738,55,319.232,5,2897.798,47,175.708,3,
Burundi,1997,470.906,8,5752.528,92,6223.434,433.234,92,178.944,38,37.672,8,18.836,4,18.836,4,3969.244,69,57.525,1,1783.284,31,690.303,12,1092.98,19,4402.478,71,236.47,4,1820.956,29,709.14,11,1111.817,18,,211.908,45,258.998,55,94.181,20,160.108,34,4.709,1,2588.638,45,3163.89,55,230.101,4,2761.213,48,172.576,3,2800.545,45,3422.889,55,324.282,5,2921.321,47,177.285,3,
Burundi,1998,487.301,8,5790.727,92,6278.028,443.444,91,190.047,39,43.857,9,19.492,4,24.365,5,3995.602,69,57.907,1,1795.125,31,752.795,13,1042.331,18,4439.046,71,247.955,4,1838.982,29,772.287,12,1066.696,17,,219.285,45,268.016,55,97.46,20,165.682,34,4.873,1,2605.827,45,3184.9,55,231.629,4,2837.456,49,115.815,2,2825.113,45,3452.915,55,329.089,5,3003.139,48,120.688,2,
Burundi,1999,505.772,8,5821.531,92,6327.303,455.195,90,202.309,40,50.577,10,20.231,4,30.346,6,4075.072,70,58.215,1,1746.459,30,756.799,13,989.66,17,4530.267,72,260.524,4,1797.036,28,777.03,12,1020.007,17,,232.655,46,273.117,54,101.154,20,166.905,33,5.058,1,2619.689,45,3201.842,55,232.861,4,2852.55,49,116.431,2,2852.344,45,3474.959,55,334.016,5,3019.455,48,121.488,2,
Burundi,2000,527.477,8,5846.87,92,6374.347,469.455,89,216.266,41,58.022,11,26.374,5,31.649,6,4092.809,70,58.469,1,1754.061,30,818.562,14,935.499,16,4562.264,72,274.734,4,1812.083,28,844.936,13,967.148,16,,242.639,46,284.838,54,105.495,20,174.067,33,5.275,1,2631.092,45,3215.778,55,233.875,4,2864.966,49,116.937,2,2873.731,45,3500.616,55,339.37,5,3039.034,48,122.212,2,
Burundi,2001,553.055,8,5997.389,92,6550.444,486.688,88,226.753,41,66.367,12,27.653,5,38.714,7,4198.172,70,59.974,1,1799.217,30,899.608,15,899.608,15,4684.861,72,286.726,4,1865.583,28,927.261,14,938.322,15,,259.936,47,293.119,53,116.142,21,171.447,31,5.531,1,2698.825,45,3298.564,55,239.896,4,2938.721,49,119.948,2,2958.761,45,3591.683,55,356.037,5,3110.168,48,125.478,2,
Burundi,2002,582.406,9,6142.778,91,6725.184,506.693,87,244.611,42,75.713,13,34.944,6,40.768,7,4299.945,70,61.428,1,1842.833,30,921.417,15,921.417,15,4806.638,71,306.038,5,1918.546,29,956.361,14,962.185,14,,273.731,47,308.675,53,122.305,21,180.546,31,5.824,1,2825.678,46,3317.1,54,245.711,4,2948.533,48,122.856,2,3099.409,46,3625.775,54,368.016,5,3129.079,47,128.68,2,
Burundi,2003,615.489,9,6284.15,91,6899.639,535.475,87,264.66,43,80.014,13,36.929,6,43.084,7,4398.905,70,62.842,1,1885.245,30,1005.464,16,879.781,14,4934.38,72,327.502,5,1965.259,28,1042.393,15,922.865,13,,295.435,48,320.054,52,129.253,21,184.647,30,6.155,1,2890.709,46,3393.441,54,251.366,4,3016.392,48,125.683,2,3186.144,46,3713.495,54,380.619,6,3201.039,46,131.838,2,
Burundi,2004,651.72,9,6422.903,91,7074.623,560.479,86,286.757,44,91.241,14,45.62,7,45.62,7,4560.261,71,64.229,1,1862.642,29,1091.894,17,770.748,12,5120.74,72,350.986,5,1953.883,28,1137.514,16,816.369,12,,312.826,48,338.894,52,136.861,21,195.516,30,6.517,1,2954.535,46,3468.368,54,256.916,4,3082.993,48,128.458,2,3267.361,46,3807.262,54,393.777,6,3278.509,46,134.975,2,
Burundi,2005,690.698,10,6560.726,90,7251.424,587.093,85,310.814,45,103.605,15,48.349,7,55.256,8,4658.115,71,65.607,1,1902.611,29,1180.931,18,721.68,11,5245.209,72,376.421,5,2006.215,28,1229.28,17,776.936,11,,338.442,49,352.256,51,145.047,21,193.395,28,13.814,2,3017.934,46,3542.792,54,262.429,4,3214.756,49,65.607,1,3356.376,46,3895.048,54,407.476,6,3408.151,47,79.421,1,
Burundi,2006,732.562,10,6739.792,90,7472.354,615.352,84,336.979,46,117.21,16,58.605,8,58.605,8,4785.252,71,67.398,1,1954.54,29,1213.163,18,741.377,11,5400.604,72,404.376,5,2071.75,28,1271.768,17,799.982,11,,358.955,49,373.607,51,161.164,22,197.792,27,14.651,2,3100.304,46,3639.488,54,269.592,4,3302.498,49,67.398,1,3459.26,46,4013.094,54,430.755,6,3500.29,47,82.049,1,
Burundi,2007,777.33,10,6918.996,90,7696.326,645.184,83,365.345,47,132.146,17,62.186,8,69.96,9,4912.487,71,69.19,1,2006.509,29,1314.609,19,691.9,10,5557.671,72,434.535,6,2138.655,28,1376.796,18,761.859,9,,380.892,49,396.438,51,171.013,22,209.879,27,15.547,2,3182.738,46,3736.258,54,276.76,4,3390.308,49,69.19,1,3563.63,46,4132.696,54,447.772,6,3600.187,47,84.737,1,
Burundi,2008,824.523,10,7098.756,90,7923.279,684.354,83,387.526,47,140.169,17,65.962,8,74.207,9,5040.117,71,70.988,1,2058.639,29,1348.764,19,709.876,10,5724.471,72,458.513,6,2198.808,28,1414.725,18,784.083,10,,404.016,49,420.507,51,181.395,22,222.621,27,16.49,2,3265.428,46,3833.328,54,283.95,4,3478.39,49,70.988,1,3669.444,46,4253.835,54,465.345,6,3701.012,47,87.478,1,
Burundi,2009,872.974,11,7279.411,89,8152.385,724.568,83,410.298,47,148.406,17,69.838,8,78.568,9,5168.382,71,72.794,1,2111.029,29,1383.088,19,727.941,10,5892.95,72,483.092,6,2259.435,28,1452.926,18,806.509,10,,427.757,49,445.217,51,192.054,22,235.703,27,17.459,2,3348.529,46,3930.882,54,291.176,4,3566.911,49,72.794,1,3776.286,46,4376.099,54,483.231,6,3802.614,47,90.254,1,
Burundi,2010,922.03,11,7460.819,89,8382.849,765.285,83,433.354,47,156.745,17,73.762,8,82.983,9,5297.181,71,74.608,1,2163.638,29,1417.556,19,746.082,10,6062.466,72,507.962,6,2320.383,28,1491.318,18,829.065,10,,451.795,49,470.235,51,202.847,22,248.948,27,18.441,2,3431.977,46,4028.842,54,298.433,4,3655.801,49,74.608,1,3883.771,46,4499.078,54,501.279,6,3904.749,47,93.049,1,
Cameroon,1990,4959.664,41,7221.155,59,12180.819,3769.345,76,1140.723,23,1190.319,24,644.756,13,545.563,11,2238.558,31,144.423,2,4982.597,69,3755.001,52,1227.596,17,6007.903,49,1285.146,11,6172.916,51,4399.757,36,1773.159,14,37,3124.588,63,1835.076,37,991.933,20,743.95,15,99.193,2,2671.827,37,4549.328,63,577.692,8,2744.039,38,1227.596,17,5796.416,48,6384.403,52,1569.625,13,3487.989,28,1326.79,11,14
Cameroon,1991,5216.074,42,7312.117,58,12528.191,4016.377,77,1199.697,23,1199.697,23,625.929,12,573.768,11,2339.877,32,146.242,2,4972.24,68,3729.18,51,1243.06,17,6356.254,51,1345.939,11,6171.937,49,4355.109,35,1816.828,14,,3286.127,63,1929.947,37,1043.215,20,782.411,15,104.321,2,2705.483,37,4606.634,63,584.969,8,2778.604,38,1243.06,17,5991.61,48,6536.581,52,1628.184,13,3561.016,28,1347.381,11,
Cameroon,1992,5481.249,43,7401.032,57,12882.281,4275.374,78,1315.5,24,1205.875,22,602.937,11,602.937,11,2442.341,33,148.021,2,4958.691,67,3700.516,50,1258.175,17,6717.715,52,1463.52,11,6164.566,48,4303.453,33,1861.113,15,,3453.187,63,2028.062,37,1041.437,19,877,16,109.625,2,2738.382,37,4662.65,63,592.083,8,2812.392,38,1258.175,17,6191.569,48,6690.712,52,1633.52,13,3689.392,28,1367.8,11,
Cameroon,1993,5753.806,43,7485.721,57,13239.527,4545.507,79,1380.913,24,1208.299,21,632.919,11,575.381,10,2545.145,34,149.714,2,4940.576,66,3668.003,49,1272.573,17,7090.652,54,1530.628,12,6148.875,46,4300.922,32,1847.953,14,,3567.36,62,2186.446,38,1093.223,19,978.147,17,115.076,2,2769.717,37,4716.004,63,598.858,8,2844.574,38,1272.573,17,6337.076,48,6902.451,52,1692.081,13,3822.721,29,1387.649,10,
Cameroon,1994,6033.419,44,7559.907,56,13593.326,4826.735,80,1448.021,24,1206.684,20,603.342,10,603.342,10,2721.567,36,151.198,2,4838.34,64,3628.755,48,1209.585,16,7548.302,56,1599.219,12,6045.024,44,4232.097,31,1812.927,13,,3740.72,62,2292.699,38,1146.35,19,1025.681,17,120.668,2,2797.166,37,4762.741,63,604.793,8,2948.364,39,1209.585,16,6537.885,48,7055.441,52,1751.142,13,3974.045,29,1330.254,10,
Cameroon,1995,6318.876,45,7621.461,55,13940.337,5118.29,81,1516.53,24,1200.586,19,631.888,10,568.699,9,2819.941,37,152.429,2,4801.52,63,3505.872,46,1295.648,17,7938.23,57,1668.959,12,6002.107,43,4137.76,30,1864.347,13,,3917.703,62,2401.173,38,1200.586,19,1074.209,17,126.378,2,2819.941,37,4801.52,63,609.717,8,2972.37,39,1219.434,16,6737.644,48,7202.693,52,1810.303,13,4046.579,29,1345.811,10,
Cameroon,1996,6609.957,46,7690.407,54,14300.364,5420.165,82,1586.39,24,1189.792,18,594.896,9,594.896,9,2922.355,38,153.808,2,4768.052,62,3460.683,45,1307.369,17,8342.519,58,1740.198,12,5957.845,42,4055.579,28,1902.265,14,,4098.173,62,2511.784,38,1255.892,19,1123.693,17,132.199,2,2845.451,37,4844.956,63,615.233,8,2999.259,39,1230.465,16,6943.624,49,7356.74,51,1871.124,13,4122.951,28,1362.664,10,
Cameroon,1997,6906.261,47,7738.288,53,14644.549,5732.197,83,1657.503,24,1174.064,17,552.501,8,621.563,9,3017.932,39,154.766,2,4720.356,61,3404.847,44,1315.509,17,8750.129,60,1812.268,12,5894.42,40,3957.348,27,1937.072,14,,4212.819,61,2693.442,39,1312.19,19,1312.19,19,69.063,1,2863.167,37,4875.121,63,619.063,8,3017.932,39,1238.126,16,7075.986,48,7568.563,52,1931.253,13,4330.122,30,1307.189,9,
Cameroon,1998,7201.306,48,7779.484,52,14980.79,6049.097,84,1728.313,24,1152.209,16,576.104,8,576.104,8,3111.794,40,155.59,2,4667.69,60,3345.178,43,1322.512,17,9160.891,61,1883.903,13,5819.899,39,3921.283,26,1898.617,12,,4392.797,61,2808.509,39,1368.248,19,1368.248,19,72.013,1,2878.409,37,4901.075,63,622.359,8,3111.794,40,1166.923,15,7271.206,49,7709.584,51,1990.607,13,4480.042,30,1238.936,8,
Cameroon,1999,7504.341,49,7818.346,51,15322.687,6378.69,85,1876.085,25,1125.651,15,525.304,7,600.347,8,3205.522,41,156.367,2,4612.824,59,3283.705,42,1329.119,17,9584.212,63,2032.452,13,5738.475,37,3809.009,25,1929.466,13,,4577.648,61,2926.693,39,1425.825,19,1425.825,19,75.043,1,2892.788,37,4925.558,63,625.468,8,3127.338,40,1172.752,15,7470.436,49,7852.251,51,2051.292,13,4553.163,30,1247.795,8,
Cameroon,2000,7816.871,50,7861.398,50,15678.269,6722.509,86,1954.218,25,1094.362,14,469.012,6,625.35,8,3301.787,42,157.228,2,4559.611,58,3144.559,40,1415.052,18,10024.296,64,2111.446,13,5653.973,36,3613.571,23,2040.401,14,,4768.291,61,3048.58,39,1485.205,19,1485.205,19,78.169,1,2908.717,37,4952.681,63,628.912,8,3144.559,40,1179.21,15,7677.009,49,8001.26,51,2114.117,13,4629.765,30,1257.378,8,
Cameroon,2001,8139.204,51,7888.889,49,16028.093,7081.107,87,2034.801,25,1058.097,13,488.352,6,569.744,7,3392.222,43,157.778,2,4496.667,57,3076.667,39,1420,18,10473.33,65,2192.579,14,5554.763,35,3565.019,22,1989.744,12,,4883.522,60,3255.682,40,1546.449,19,1627.841,20,81.392,1,2918.889,37,4970,63,631.111,8,3234.444,41,1104.444,14,7802.411,49,8225.682,51,2177.56,14,4862.285,30,1185.837,7,
Cameroon,2002,8471.494,52,7929.28,48,16400.774,7454.915,88,2117.874,25,1016.579,12,423.575,5,593.005,7,3488.883,44,158.586,2,4440.397,56,3013.126,38,1427.27,18,10943.798,67,2276.459,14,5456.976,33,3436.701,21,2020.275,12,,5082.896,60,3388.598,40,1609.584,19,1694.299,20,84.715,1,2933.834,37,4995.446,63,634.342,8,3251.005,41,1110.099,14,8016.73,49,8384.044,51,2243.926,14,4945.304,30,1194.814,7,
Cameroon,2003,8813.785,53,7973.598,47,16787.383,7844.269,89,2203.446,25,969.516,11,352.551,4,616.965,7,3588.119,45,159.472,2,4385.479,55,2950.231,37,1435.248,18,11432.388,68,2362.918,14,5354.995,32,3302.783,20,2052.213,12,,5288.271,60,3525.514,40,1674.619,19,1762.757,20,88.138,1,2950.231,37,5023.367,63,637.888,8,3269.175,41,1116.304,14,8238.502,49,8548.881,51,2312.507,14,5031.932,30,1204.442,7,
Cameroon,2004,9166.253,53,8007.34,47,17173.593,8249.628,90,2291.563,25,916.625,10,366.65,4,549.975,6,3763.45,47,160.147,2,4243.89,53,2882.642,36,1361.248,17,12013.078,70,2451.71,14,5160.515,30,3249.293,19,1911.223,11,,5499.752,60,3666.501,40,1649.926,18,1924.913,21,91.663,1,2962.716,37,5044.624,63,640.587,8,3283.009,41,1121.028,14,8462.468,49,8711.125,51,2290.513,13,5207.923,31,1212.69,7,
Cameroon,2005,9526.157,54,8027.432,46,17553.589,8668.803,91,2476.801,26,857.354,9,285.785,3,571.569,6,3853.167,48,160.549,2,4174.265,52,2729.327,34,1444.938,18,12521.97,71,2637.349,15,5031.619,29,3015.112,17,2016.507,12,,5620.433,59,3905.724,41,1714.708,18,2095.755,22,95.262,1,2889.876,36,5137.556,64,642.195,8,3451.796,43,1043.566,13,8510.308,48,9043.281,52,2356.903,13,5547.55,33,1138.828,6,
Cameroon,2006,9893.873,55,8086.334,45,17980.207,9102.363,92,2572.407,26,791.51,8,296.816,3,494.694,5,3962.304,49,161.727,2,4124.03,51,2668.49,33,1455.54,18,13064.667,73,2734.134,15,4915.54,27,2965.306,16,1950.234,12,,5837.385,59,4056.488,41,1780.897,18,2176.652,22,98.939,1,2911.08,36,5175.254,64,646.907,8,3477.124,43,1051.223,13,8748.465,49,9231.742,51,2427.804,14,5653.776,31,1150.162,6,
Cameroon,2007,10269.59,56,8119.792,44,18389.382,9550.719,93,2670.093,26,718.871,7,205.392,2,513.48,5,4059.896,50,162.396,2,4059.896,50,2598.333,32,1461.563,18,13610.615,74,2832.489,15,4778.767,26,2803.725,15,1975.042,11,,6059.058,59,4210.532,41,1848.526,18,2259.31,22,102.696,1,2923.125,36,5196.667,64,649.583,8,3491.511,43,1055.573,13,8982.183,49,9407.199,51,2498.11,14,5750.82,31,1158.269,6,
Cameroon,2008,10653.298,57,8135.731,43,18789.029,10014.1,94,2769.857,26,639.198,6,106.533,1,532.665,5,4149.223,51,244.072,3,3986.508,49,2522.077,31,1464.432,18,14163.323,75,3013.929,16,4625.706,25,2628.61,14,1997.096,11,,6285.446,59,4367.852,41,1917.594,18,2343.726,22,106.533,1,2928.863,36,5206.868,64,650.858,8,3498.364,43,1057.645,13,9214.309,49,9574.72,51,2568.452,14,5842.09,31,1164.178,6,
Cameroon,2009,11045.2,58,8145.468,42,19190.668,10492.94,95,2871.752,26,552.26,5,110.452,1,441.808,4,4235.643,52,244.364,3,3909.825,48,2443.64,30,1466.184,18,14728.583,77,3116.116,16,4462.085,23,2554.092,13,1907.992,10,,6406.216,58,4638.984,42,1988.136,18,2540.396,23,110.452,1,2932.368,36,5213.1,64,651.637,8,3584.006,44,977.456,12,9338.584,49,9852.084,51,2639.773,14,6124.402,31,1087.908,6,
Cameroon,2010,11445.163,58,8153.726,42,19598.889,10872.905,95,2975.742,26,572.258,5,114.452,1,457.807,4,4239.938,52,244.612,3,3913.788,48,2446.118,30,1467.671,18,15112.842,77,3220.354,16,4486.047,23,2560.569,13,1925.477,10,,6638.195,58,4806.968,42,2060.129,18,2632.387,23,114.452,1,2935.341,36,5218.385,64,652.298,8,3587.639,44,978.447,12,9573.536,49,10025.353,51,2712.427,14,6220.027,31,1092.899,6,
Cape Verde,1990,153.61,44,194.555,56,348.165,,,,,,,,,,,,,0,0,,,,,,,,,,,,,,,,,24,,,,,,,,,,,,,,,,,,,,,,,,,,,,,,,32
Cape Verde,1991,160.201,45,197.681,55,357.882,,,,,,,,,,,,,0,0,,,,,,,,,,,,,,,,,,,,,,,,,,,,,,,,,,,,,,,,,,,,,,,,
Cape Verde,1992,167.676,46,199.576,54,367.252,137.494,82,60.363,36,30.182,18,0,0,30.182,18,157.665,79,0,0,41.911,21,3.992,2,37.919,19,295.159,80,60.363,16,72.093,20,3.992,1,68.101,19,,93.899,56,73.777,44,,,23.475,14,50.303,30,35.924,18,163.652,82,,,37.919,19,125.733,63,129.822,35,237.43,65,,,61.394,17,176.036,48,
Cape Verde,1993,175.798,47,200.671,53,376.469,144.154,82,63.287,36,31.644,18,0,0,31.644,18,158.53,79,0,0,42.141,21,4.013,2,38.127,19,302.684,80,63.287,17,73.785,20,4.013,1,69.771,18,,98.447,56,77.351,44,,,24.612,14,52.739,30,36.121,18,164.55,82,,,38.127,19,126.423,63,134.568,36,241.901,64,,,62.739,17,179.162,48,
Cape Verde,1994,184.209,48,201.492,52,385.701,151.051,82,66.315,36,33.158,18,0,0,33.158,18,159.179,79,0,0,42.313,21,4.03,2,38.283,19,310.23,80,66.315,17,75.471,20,4.03,1,71.441,19,,103.157,56,81.052,44,,,25.789,14,55.263,30,36.269,18,165.223,82,,,38.283,19,126.94,63,139.426,36,246.275,64,,,64.073,17,182.203,47,
Cape Verde,1995,192.607,49,202.339,51,394.946,157.938,82,69.339,36,34.669,18,0,0,34.669,18,159.848,79,0,0,42.491,21,4.047,2,38.444,19,317.786,80,69.339,18,77.16,20,4.047,1,73.114,18,,107.86,56,84.747,44,,,26.965,14,57.782,30,36.421,18,165.918,82,,,38.444,19,127.474,63,144.281,37,250.665,63,,,65.409,17,185.256,47,
Cape Verde,1996,200.887,50,202.817,50,403.704,164.727,82,72.319,36,36.16,18,0,0,36.16,18,160.225,79,0,0,42.592,21,4.056,2,38.535,19,324.953,80,72.319,18,78.751,20,4.056,1,74.695,18,,112.497,56,88.39,44,,,28.124,14,60.266,30,36.507,18,166.31,82,,,38.535,19,127.775,63,149.004,37,254.7,63,,,66.659,17,188.041,47,
Cape Verde,1997,209.077,51,203.444,49,412.521,173.534,83,79.449,38,35.543,17,0,0,35.543,17,162.755,80,0,0,40.689,20,4.069,2,36.62,18,336.289,82,79.449,19,76.232,18,4.069,1,72.163,18,,119.174,57,89.903,43,,,29.271,14,60.632,29,40.689,20,162.755,80,,,36.62,18,126.135,62,159.863,39,252.658,61,,,65.891,16,186.768,45,
Cape Verde,1998,217.223,52,203.962,48,421.185,180.295,83,84.717,39,36.928,17,0,0,36.928,17,163.17,80,4.079,2,40.792,20,4.079,2,36.713,18,343.465,82,88.796,21,77.72,18,4.079,1,73.641,18,,125.989,58,91.234,42,,,30.411,14,60.822,28,44.872,22,159.09,78,,,34.674,17,124.417,61,170.861,41,250.324,59,,,65.085,15,185.239,44,
Cape Verde,1999,225.392,52,204.053,48,429.445,189.329,84,92.411,41,36.063,16,0,0,36.063,16,163.242,80,10.203,5,40.811,20,2.041,1,38.77,19,352.572,82,102.613,24,76.873,18,2.041,0,74.833,18,,135.235,60,90.157,40,,,29.301,13,60.856,27,46.932,23,157.121,77,,,36.73,18,120.391,59,182.167,42,247.278,58,,,66.031,15,181.247,42,
Cape Verde,2000,233.629,53,203.609,47,437.238,196.248,84,98.124,42,37.381,16,0,0,37.381,16,164.923,81,16.289,8,38.686,19,2.036,1,36.65,18,361.172,83,114.413,26,76.066,17,2.036,0,74.03,18,,142.514,61,91.115,39,,,28.035,12,63.08,27,50.902,25,152.707,75,,,34.614,17,118.093,58,193.416,44,243.822,56,,,62.649,14,181.173,41,
Cape Verde,2001,241.407,54,203.985,46,445.392,205.196,85,106.219,44,36.211,15,0,0,36.211,15,165.228,81,22.438,11,38.757,19,2.04,1,36.717,18,370.424,83,128.657,29,74.968,17,2.04,0,72.928,17,,149.672,62,91.735,38,,,28.969,12,62.766,26,55.076,27,148.909,73,,,34.677,17,114.232,56,204.748,46,240.644,54,,,63.646,14,176.997,40,
Cape Verde,2002,249.188,55,203.714,45,452.902,211.81,85,112.135,45,37.378,15,0,0,37.378,15,167.045,82,28.52,14,36.669,18,2.037,1,34.631,17,378.855,84,140.655,31,74.047,16,2.037,0,72.01,16,,156.988,63,92.2,37,,,29.903,12,62.297,25,59.077,29,144.637,71,,,32.594,16,112.043,55,216.066,48,236.836,52,,,62.497,14,174.34,38,
Cape Verde,2003,256.881,56,203.006,44,459.887,220.918,86,120.734,47,35.963,14,0,0,35.963,14,166.465,82,34.511,17,36.541,18,2.03,1,34.511,17,387.383,84,155.245,34,72.504,16,2.03,0,70.474,16,,164.404,64,92.477,36,,,30.826,12,61.651,24,62.932,31,140.074,69,,,32.481,16,107.593,53,227.336,49,232.551,51,,,63.307,14,169.245,37,
Cape Verde,2004,264.335,57,202.19,43,466.525,229.971,87,126.881,48,34.364,13,0,0,34.364,13,167.818,83,42.46,21,34.372,17,2.022,1,32.35,16,397.789,85,169.341,36,68.736,15,2.022,0,66.714,15,,174.461,66,89.874,34,,,26.434,10,63.44,24,66.723,33,135.467,67,,,30.329,15,105.139,52,241.184,52,225.341,48,,,56.762,12,168.579,36,
Cape Verde,2005,271.458,57,201.425,43,472.883,236.168,87,135.729,50,35.29,13,0,0,35.29,13,167.183,83,48.342,24,34.242,17,2.014,1,32.228,16,403.351,85,184.071,39,69.532,15,2.014,0,67.518,15,,181.877,67,89.581,33,,,27.146,10,62.435,23,68.485,34,132.94,66,,,32.228,16,100.713,50,250.361,53,222.522,47,,,59.374,13,163.148,35,
Cape Verde,2006,278.198,58,200.001,42,478.199,244.814,88,144.663,52,33.384,12,0,0,33.384,12,166.001,83,54,27,34,17,2,1,32,16,410.815,86,198.663,42,67.384,14,2,0,65.384,14,,189.175,68,89.023,32,,,27.82,10,61.204,22,72,36,128.001,64,,,30,15,98,49,261.175,55,217.024,45,,,57.82,12,159.204,33,
Cape Verde,2007,284.587,59,198.592,41,483.179,250.437,88,150.831,53,34.15,12,0,0,34.15,12,166.817,84,59.578,30,31.775,16,0,0,31.775,16,417.254,86,210.409,44,65.925,14,0,0,65.925,13,,196.365,69,88.222,31,,,28.459,10,59.763,21,75.465,38,123.127,62,,,29.789,15,93.338,47,271.83,56,211.349,44,,,58.248,12,153.102,32,
Cape Verde,2008,290.741,60,197.076,40,487.817,258.759,89,159.908,55,31.982,11,0,0,31.982,11,165.544,84,65.035,33,31.532,16,0,0,31.532,16,424.303,87,224.943,46,63.514,13,0,0,63.514,13,,203.519,70,87.222,30,,,26.167,9,61.056,21,78.83,40,118.246,60,,,27.591,14,90.655,46,282.349,58,205.468,42,,,53.757,11,151.711,31,
Cape Verde,2009,296.831,60,195.249,40,492.08,264.18,89,166.225,56,32.651,11,0,0,32.651,11,165.962,85,70.29,36,29.287,15,0,0,29.287,15,430.141,87,236.515,48,61.939,13,0,0,61.939,13,,213.718,72,83.113,28,,,23.746,8,59.366,20,82.005,42,113.244,58,,,25.382,13,87.862,45,295.723,60,196.357,40,,,49.129,10,147.228,30,
Cape Verde,2010,303.001,61,192.998,39,495.999,272.701,90,175.741,58,30.3,10,0,0,30.3,10,164.048,85,77.199,40,28.95,15,0,0,28.95,15,436.749,88,252.94,51,59.25,12,0,0,59.25,12,,221.191,73,81.81,27,,,24.24,8,57.57,19,82.989,43,110.009,57,,,27.02,14,82.989,43,304.18,61,191.819,39,,,51.26,10,140.559,28,
Central African Republic,1990,1080.732,37,1854.045,63,2934.777,842.971,78,86.459,8,237.761,22,21.615,2,216.146,20,871.401,47,0,0,982.644,53,352.269,19,630.375,34,1714.372,58,86.459,3,1220.405,42,373.883,13,846.522,29,21,226.954,21,853.778,79,129.688,12,616.017,57,108.073,10,92.702,5,1761.343,95,37.081,2,815.78,44,908.482,49,319.656,11,2615.121,89,166.769,6,1431.797,48,1016.555,35,23
Central African Republic,1991,1109.891,37,1904.543,63,3014.434,865.715,78,88.791,8,244.176,22,22.198,2,221.978,20,895.135,47,0,0,1009.408,53,361.863,19,647.545,34,1760.85,58,88.791,3,1253.584,42,384.061,13,869.523,29,,233.077,21,876.814,79,133.187,12,632.638,57,110.989,10,95.227,5,1809.316,95,38.091,2,837.999,44,933.226,49,328.304,11,2686.13,89,171.278,6,1470.637,48,1044.215,35,
Central African Republic,1992,1141.033,37,1951.379,63,3092.412,890.006,78,91.283,8,251.027,22,22.821,2,228.207,20,917.148,47,0,0,1034.231,53,370.762,19,663.469,34,1807.154,58,91.283,3,1285.258,42,393.583,13,891.675,29,,239.617,21,901.416,79,136.924,12,650.389,57,114.103,10,97.569,5,1853.81,95,39.028,2,858.607,44,956.176,49,337.186,11,2755.226,89,175.952,6,1508.996,48,1070.279,35,
Central African Republic,1993,1173.524,37,1996.239,63,3169.763,927.084,79,93.882,8,246.44,21,23.47,2,222.97,19,938.232,47,0,0,1058.007,53,379.285,19,678.721,34,1865.316,59,93.882,3,1304.447,41,402.756,13,901.691,28,,258.175,22,915.349,78,140.823,12,668.909,57,105.617,9,119.774,6,1876.465,94,59.887,3,878.345,44,938.232,47,377.95,12,2791.813,88,200.71,6,1547.254,49,1043.849,33,
Central African Republic,1994,1206.397,37,2041.519,63,3247.916,965.118,80,84.448,7,241.279,20,24.128,2,217.151,18,979.929,48,0,0,1061.59,52,367.473,18,694.116,34,1945.047,60,84.448,3,1302.869,40,391.601,12,911.268,28,,277.471,23,928.926,77,156.832,13,663.518,55,108.576,9,163.322,8,1878.197,92,81.661,4,857.438,42,939.099,46,440.793,14,2807.123,86,238.492,7,1520.956,47,1047.674,32,
Central African Republic,1995,1238.94,37,2088.77,63,3327.71,1003.541,81,86.726,7,235.399,19,24.779,2,210.62,17,1002.61,48,0,0,1086.16,52,355.091,17,731.07,35,2006.151,60,86.726,3,1321.559,40,379.87,11,941.689,28,,309.735,25,929.205,75,173.452,14,656.638,53,99.115,8,187.989,9,1900.781,91,104.439,5,856.396,41,939.947,45,497.724,15,2829.986,85,277.89,8,1513.034,46,1039.062,31,
Central African Republic,1996,1271.015,37,2129.546,63,3400.561,1029.522,81,88.971,7,241.493,19,25.42,2,216.073,17,1022.182,48,0,0,1107.364,52,340.727,16,766.637,36,2051.704,60,88.971,3,1348.857,40,366.148,11,982.709,28,,330.464,26,940.551,74,190.652,15,648.218,51,101.681,8,234.25,11,1895.296,89,106.477,5,851.818,40,937,44,564.714,17,2835.847,83,297.13,9,1500.036,43,1038.681,31,
Central African Republic,1997,1302.817,37,2173.203,63,3476.02,1068.31,82,91.197,7,234.507,18,26.056,2,208.451,16,1043.137,48,0,0,1130.066,52,325.98,15,804.085,37,2111.447,61,91.197,3,1364.573,39,352.037,10,1012.536,29,,364.789,28,938.028,72,208.451,16,638.38,49,91.197,7,260.784,12,1912.419,88,130.392,6,847.549,39,934.477,43,625.573,18,2850.447,82,338.843,10,1485.93,42,1025.674,30,
Central African Republic,1998,1333.962,38,2218.678,62,3552.64,1107.188,83,93.377,7,226.774,17,26.679,2,200.094,15,1087.152,49,0,0,1131.526,51,310.615,14,820.911,37,2194.341,62,93.377,3,1358.299,38,337.294,9,1021.005,29,,386.849,29,947.113,71,213.434,16,640.302,48,93.377,7,288.428,13,1930.25,87,155.307,7,843.098,38,931.845,42,675.277,19,2877.363,81,368.741,10,1483.399,42,1025.222,29,
Central African Republic,1999,1364.178,38,2264.012,62,3628.19,1145.91,84,95.492,7,218.268,16,27.284,2,190.985,14,1109.366,49,0,0,1154.646,51,294.322,13,860.325,38,2255.275,62,95.492,3,1372.915,38,321.605,9,1051.309,28,,409.253,30,954.925,70,231.91,17,627.522,46,95.492,7,339.602,15,1924.41,85,158.481,7,837.684,37,928.245,41,748.855,21,2879.335,79,390.391,11,1465.206,40,1023.737,28,
Central African Republic,2000,1393.248,38,2308.359,62,3701.607,1184.261,85,97.527,7,208.987,15,13.932,1,195.055,14,1131.096,49,0,0,1177.263,51,300.087,13,877.176,38,2315.357,63,97.527,3,1386.25,37,314.019,8,1072.231,29,,445.839,32,947.409,68,250.785,18,613.029,44,83.595,6,369.337,16,1939.022,84,184.669,8,831.009,36,923.344,40,815.177,22,2886.43,78,435.453,12,1444.038,39,1006.938,27,
Central African Republic,2001,1420.938,38,2350.331,62,3771.269,1222.007,86,99.466,7,198.931,14,14.209,1,184.722,13,1151.662,49,0,0,1198.669,51,282.04,12,916.629,39,2373.669,63,99.466,3,1397.6,37,296.249,8,1101.351,29,,468.91,33,952.028,67,269.978,19,596.794,42,85.256,6,423.06,18,1927.271,82,211.53,9,799.113,34,916.629,39,891.969,24,2879.3,76,481.508,13,1395.907,36,1001.885,27,
Central African Republic,2002,1447.529,38,2388.742,62,3836.271,1259.35,87,101.327,7,188.179,13,14.475,1,173.703,12,1194.371,50,0,0,1194.371,50,262.762,11,931.609,39,2453.721,64,101.327,3,1382.55,36,277.237,7,1105.313,29,,506.635,35,940.894,65,289.506,20,579.012,40,72.376,5,453.861,19,1934.881,81,238.874,10,788.285,33,907.722,38,960.496,25,2875.775,75,528.38,14,1367.296,35,980.098,26,
Central African Republic,2003,1473.716,38,2424.19,62,3897.906,1296.87,88,103.16,7,176.846,12,14.737,1,162.109,11,1212.095,50,0,0,1212.095,50,242.419,10,969.676,40,2508.965,64,103.16,3,1388.941,36,257.156,7,1131.785,28,,530.538,36,943.178,64,294.743,20,574.749,39,73.686,5,509.08,21,1915.11,79,242.419,10,799.983,33,872.708,36,1039.618,27,2858.288,73,537.162,14,1374.732,35,946.394,24,
Central African Republic,2004,1500.523,38,2457.6,62,3958.123,1335.465,89,105.037,7,165.058,11,15.005,1,150.052,10,1228.8,50,0,0,1228.8,50,221.184,9,1007.616,41,2564.265,65,105.037,3,1393.858,35,236.189,6,1157.668,29,,555.194,37,945.329,63,315.11,21,570.199,38,60.021,4,540.672,22,1916.928,78,270.336,11,786.432,32,860.16,35,1095.866,28,2862.257,72,585.446,15,1356.631,34,920.181,23,
Central African Republic,2005,1529.647,38,2488.233,62,4017.88,1361.386,89,107.075,7,168.261,11,15.296,1,152.965,10,1244.117,50,0,0,1244.116,50,199.059,8,1045.058,42,2605.502,65,107.075,3,1412.378,35,214.355,5,1198.023,30,,596.562,39,933.085,61,336.522,22,535.376,35,61.186,4,572.294,23,1915.939,77,298.588,12,771.352,31,845.999,34,1168.856,29,2849.024,71,635.11,16,1306.729,32,907.185,23,
Central African Republic,2006,1561.397,38,2535.643,62,4097.04,1405.257,90,93.684,6,156.14,10,15.614,1,140.526,9,1293.178,51,0,0,1242.465,49,202.851,8,1039.614,41,2698.435,66,93.684,2,1398.605,34,218.465,5,1180.139,29,,624.559,40,936.838,60,359.121,23,515.261,33,62.456,4,633.911,25,1901.732,75,329.634,13,735.336,29,836.762,33,1258.47,31,2838.57,69,688.755,17,1250.597,30,899.218,22,
Central African Republic,2007,1595.72,38,2578.026,62,4173.746,1452.105,91,95.743,6,143.615,9,15.957,1,127.658,8,1314.793,51,0,0,1263.233,49,180.462,7,1082.771,42,2766.898,66,95.743,2,1406.848,34,196.419,5,1210.429,29,,670.202,42,925.518,58,382.973,24,494.673,31,47.872,3,670.287,26,1907.739,74,335.143,13,747.628,29,824.968,32,1340.489,32,2833.257,68,718.116,17,1242.301,30,872.84,21,
Central African Republic,2008,1632.632,38,2616.53,62,4249.162,1502.021,92,97.958,6,130.611,8,16.326,1,114.284,7,1334.43,51,0,0,1282.1,49,156.992,6,1125.108,43,2836.452,67,97.958,2,1412.71,33,173.318,4,1239.392,30,,702.032,43,930.6,57,391.832,24,489.79,30,48.979,3,732.628,28,1883.902,72,366.314,14,706.463,27,811.124,31,1434.66,34,2814.502,66,758.146,18,1196.253,28,860.103,20,
Central African Republic,2009,1672.066,39,2652.507,61,4324.573,1538.301,92,100.324,6,133.765,8,16.721,1,117.045,7,1352.779,51,0,0,1299.728,49,159.15,6,1140.578,43,2891.079,67,100.324,2,1433.494,33,175.871,4,1257.623,29,,718.988,43,953.078,57,401.296,24,501.62,30,50.162,3,742.702,28,1909.805,72,371.351,14,716.177,27,822.277,31,1461.69,34,2862.883,66,772.647,18,1217.797,28,872.439,20,
Central African Republic,2010,1713.901,39,2687.15,61,4401.051,1576.789,92,102.834,6,137.112,8,17.139,1,119.973,7,1370.447,51,0,0,1316.703,49,161.229,6,1155.475,43,2947.235,67,102.834,2,1453.816,33,178.368,4,1275.448,29,,736.977,43,976.924,57,411.336,24,514.17,30,51.417,3,752.402,28,1934.748,72,376.201,14,725.531,27,833.017,31,1489.379,34,2911.672,66,787.537,18,1239.701,28,884.434,20,
Chad,1990,1250.996,21,4760.228,79,6011.224,612.988,49,87.57,7,638.008,51,37.53,3,600.478,48,1761.284,37,0,0,2998.944,63,761.636,16,2237.307,47,2374.272,39,87.57,1,3636.952,61,799.166,13,2837.785,48,25,262.709,21,988.287,79,150.12,12,525.418,42,312.749,25,190.409,4,4569.819,96,47.602,1,95.205,2,4427.012,93,453.118,8,5558.106,92,197.722,3,620.623,10,4739.761,79,7
Chad,1991,1302.956,21,4899.232,79,6202.188,651.478,50,104.236,8,651.478,50,39.089,3,612.389,47,1861.708,38,0,0,3037.524,62,783.877,16,2253.647,46,2513.186,41,104.236,2,3689.002,59,822.966,13,2866.036,46,,273.621,21,1029.335,79,156.355,12,547.242,42,325.739,25,195.969,4,4703.263,96,48.992,1,146.977,3,4507.293,92,469.59,8,5732.598,92,205.347,3,694.218,11,4833.032,78,
Chad,1992,1356.461,21,5039.167,79,6395.628,691.795,51,122.081,9,664.666,49,40.694,3,623.972,46,1914.883,38,0,0,3124.284,62,755.875,15,2368.408,47,2606.679,41,122.081,2,3788.949,59,796.569,12,2992.381,47,,298.421,22,1058.04,78,176.34,13,556.149,41,325.551,24,251.958,5,4787.209,95,50.392,1,100.783,2,4636.034,92,550.38,9,5845.248,91,226.732,4,656.932,9,4961.584,78,
Chad,1993,1412.005,21,5180.045,79,6592.05,734.243,52,141.201,10,677.762,48,42.36,3,635.402,45,1968.417,38,0,0,3211.628,62,777.007,15,2434.621,47,2702.66,41,141.201,2,3889.39,59,819.367,12,3070.023,47,,310.641,22,1101.364,78,183.561,13,578.922,41,338.881,24,259.002,5,4921.043,95,51.8,1,155.401,3,4713.841,91,569.643,9,6022.407,91,235.361,4,734.323,10,5052.722,77,
Chad,1994,1471.035,22,5321.421,78,6792.456,779.649,53,147.104,10,691.386,47,44.131,3,647.255,44,2075.354,39,0,0,3246.067,61,744.999,14,2501.068,47,2855.003,42,147.104,2,3937.453,58,789.13,12,3148.323,46,,338.338,23,1132.697,77,191.235,13,603.124,41,338.338,23,266.071,5,5055.35,95,53.214,1,212.857,4,4789.279,90,604.409,9,6188.047,91,244.449,4,815.981,12,5127.617,75,
Chad,1995,1534.125,22,5463.983,78,6998.108,828.428,54,168.754,11,705.697,46,30.683,2,675.015,44,2130.953,39,0,0,3333.03,61,710.318,13,2622.712,48,2959.381,42,168.754,2,4038.727,58,741,11,3297.727,47,,352.849,23,1181.276,77,199.436,13,628.991,41,352.849,23,273.199,5,5190.784,95,54.64,1,218.559,4,4917.585,90,626.048,9,6372.06,91,254.076,4,847.551,12,5270.433,75,
Chad,1996,1601.264,22,5631.282,78,7232.546,880.695,55,192.152,12,720.569,45,32.025,2,688.544,43,2196.2,39,0,0,3435.082,61,732.067,13,2703.015,48,3076.895,43,192.152,3,4155.651,57,764.092,11,3391.559,46,,384.303,24,1216.961,76,224.177,14,640.506,40,352.278,22,281.564,5,5349.718,95,56.313,1,281.564,5,5011.841,89,665.867,9,6566.679,91,280.49,4,922.07,13,5364.119,74,
Chad,1997,1672.654,22,5798.084,78,7470.738,953.413,57,217.445,13,719.241,43,33.453,2,685.788,41,2319.234,40,0,0,3478.85,60,695.77,12,2783.08,48,3272.646,44,217.445,3,4198.092,56,729.223,10,3468.868,46,,401.437,24,1271.217,76,234.172,14,685.788,41,351.257,21,289.904,5,5508.18,95,57.981,1,289.904,5,5160.295,89,691.341,9,6779.397,91,292.152,4,975.692,13,5511.552,74,
Chad,1998,1749.207,23,5964.634,77,7713.841,1014.54,58,244.889,14,734.667,42,34.984,2,699.683,40,2385.854,40,0,0,3578.78,60,715.756,12,2863.024,48,3400.394,44,244.889,3,4313.447,56,750.74,10,3562.707,46,,437.302,25,1311.905,75,244.889,14,699.683,40,367.333,21,298.232,5,5666.402,95,59.646,1,357.878,6,5248.878,88,735.533,10,6978.308,90,304.535,4,1057.561,13,5616.211,73,
Chad,1999,1832.097,23,6131.594,77,7963.691,1080.937,59,256.494,14,751.16,41,36.642,2,714.518,39,2452.638,40,0,0,3678.956,60,674.475,11,3004.481,49,3533.575,44,256.494,3,4430.116,56,711.117,9,3718.999,47,,458.024,25,1374.073,75,274.815,15,732.839,40,366.419,20,306.58,5,5825.014,95,61.316,1,429.212,7,5334.487,87,764.604,10,7199.087,90,336.13,4,1162.05,14,5700.906,72,
Chad,2000,1922.133,23,6300.194,77,8222.327,1153.28,60,288.32,15,768.853,40,38.443,2,730.411,38,2583.08,41,0,0,3717.114,59,630.019,10,3087.095,49,3736.359,45,288.32,4,4485.968,55,668.462,8,3817.506,46,,499.755,26,1422.378,74,288.32,15,749.632,39,384.427,20,315.01,5,5985.184,95,63.002,1,441.014,7,5481.169,87,814.764,10,7407.563,90,351.322,4,1190.645,15,5865.595,71,
Chad,2001,2020.286,24,6501.658,76,8521.944,1232.374,61,323.246,16,787.912,39,40.406,2,747.506,37,2665.68,41,0,0,3835.978,59,650.166,10,3185.812,49,3898.054,46,323.246,4,4623.89,54,690.572,8,3933.318,46,,525.274,26,1495.012,74,303.043,15,808.114,40,383.854,19,325.083,5,6176.575,95,65.017,1,520.133,8,5591.426,86,850.357,10,7671.587,90,368.059,4,1328.247,16,5975.28,70,
Chad,2002,2126.288,24,6702.724,76,8829.012,1318.299,62,361.469,17,807.989,38,21.263,1,786.727,37,2748.117,41,67.027,1,3954.607,59,603.245,9,3351.362,50,4066.415,46,428.496,5,4762.597,54,624.508,7,4138.089,47,,574.098,27,1552.19,73,318.943,15,829.252,39,403.995,19,402.163,6,6300.561,94,67.027,1,536.218,8,5697.315,85,976.261,11,7852.751,89,385.97,4,1365.47,16,6101.31,69,
Chad,2003,2238.401,24,6905.156,76,9143.557,1410.193,63,402.912,18,828.208,37,22.384,1,805.824,36,2900.166,42,69.052,1,4004.99,58,621.464,9,3383.526,49,4310.358,47,471.964,5,4833.199,53,643.848,7,4189.351,46,,604.368,27,1634.033,73,358.144,16,872.976,39,402.912,18,414.309,6,6490.847,94,69.052,1,552.412,8,5869.383,85,1018.678,11,8124.879,89,427.196,5,1425.389,15,6272.295,69,
Chad,2004,2354.202,25,7109.189,75,9463.391,1506.689,64,423.756,18,847.513,36,23.542,1,823.971,35,2985.859,42,71.092,1,4123.33,58,568.735,8,3554.595,50,4492.549,47,494.848,5,4970.842,53,592.277,6,4378.565,47,,659.177,28,1695.025,72,376.672,16,894.597,38,423.756,18,426.551,6,6682.638,94,71.092,1,639.827,9,5971.719,84,1085.728,11,8377.663,89,447.764,5,1534.424,16,6395.475,68,
Chad,2005,2472.017,25,7313.885,75,9785.902,1606.811,65,469.683,19,865.206,35,24.72,1,840.486,34,3071.832,42,73.139,1,4242.053,58,511.972,7,3730.081,51,4678.643,48,542.822,6,5107.259,52,536.692,5,4570.567,47,,692.165,28,1779.852,72,395.523,16,964.087,39,420.243,17,438.833,6,6875.052,94,73.139,1,731.389,10,6070.525,83,1130.998,12,8654.904,88,468.662,5,1695.475,17,6490.767,66,
Chad,2006,2590.904,26,7487.068,74,10077.972,1709.997,66,518.181,20,880.907,34,25.909,1,854.998,33,3219.439,43,74.871,1,4267.629,57,524.095,7,3743.534,50,4929.436,49,593.051,6,5148.536,51,550.004,5,4598.532,46,,751.362,29,1839.542,71,414.545,16,984.544,38,440.454,17,449.224,6,7037.844,94,74.871,1,748.707,10,6214.266,83,1200.586,12,8877.386,88,489.415,5,1733.25,17,6654.72,66,
Chad,2007,2711.821,26,7654.587,74,10366.408,1816.92,67,569.482,21,894.901,33,27.118,1,867.783,32,3291.472,43,76.546,1,4363.115,57,459.275,6,3903.839,51,5108.392,49,646.028,6,5258.016,51,486.393,5,4771.622,46,,786.428,29,1925.393,71,461.01,17,1030.492,38,433.891,16,459.275,6,7195.312,94,76.546,1,842.005,11,6276.761,82,1245.703,12,9120.705,88,537.555,5,1872.497,18,6710.653,65,
Chad,2008,2835.818,27,7816.466,73,10652.284,1928.356,68,623.88,22,907.462,32,0,0,907.462,32,3361.08,43,78.165,1,4455.386,57,468.988,6,3986.398,51,5289.437,50,702.045,7,5362.847,50,468.988,4,4893.859,46,,850.745,30,1985.073,70,482.089,17,1049.253,37,453.731,16,468.988,6,7347.478,94,78.165,1,859.811,11,6409.502,82,1319.733,12,9332.551,88,560.254,5,1909.064,19,6863.233,64,
Chad,2009,2965.154,27,7973.286,73,10938.44,2045.956,69,652.334,22,919.198,31,0,0,919.198,31,3508.246,44,79.733,1,4465.04,56,398.664,5,4066.376,51,5554.202,51,732.067,7,5384.238,49,398.664,4,4985.574,45,,889.546,30,2075.608,70,504.076,17,1126.759,38,444.773,15,478.397,6,7494.889,94,79.733,1,956.794,12,6458.362,81,1367.943,13,9570.497,87,583.809,5,2083.553,19,6903.135,63,
Chad,2010,3101.516,28,8125.692,72,11227.208,2171.061,70,713.349,23,930.455,30,0,0,930.455,30,3575.304,44,81.257,1,4550.388,56,406.285,5,4144.103,51,5746.366,51,794.606,7,5480.842,49,406.285,4,5074.558,45,,930.455,30,2171.061,70,558.273,18,1147.561,37,465.227,15,487.542,6,7638.15,94,81.257,1,1056.34,13,6500.554,80,1417.996,13,9809.212,87,639.53,6,2203.901,19,6965.781,62,
Comoros,1990,122.032,28,315.844,72,437.876,119.591,98,37.83,31,2.441,2,1.22,1,1.22,1,262.151,83,31.584,10,53.693,17,31.584,10,22.109,7,381.742,87,69.414,16,56.134,13,32.805,7,23.329,6,35,41.491,34,80.541,66,2.441,2,78.1,64,0,0,34.743,11,281.101,89,3.158,1,277.943,88,0,0,76.234,17,361.642,83,5.599,1,356.043,82,0,0,21
Comoros,1991,127.243,28,320.049,72,447.292,123.426,97,40.718,32,3.817,3,1.272,1,2.545,2,268.841,84,35.205,11,51.208,16,28.804,9,22.403,7,392.267,88,75.923,17,55.025,12,30.077,7,24.948,5,,43.263,34,83.98,66,2.545,2,81.436,64,0,0,38.406,12,281.643,88,3.2,1,278.443,87,0,0,81.669,18,365.623,82,5.745,1,359.878,81,0,0,
Comoros,1992,130.663,29,327.686,71,458.349,126.743,97,44.425,34,3.92,3,1.307,1,2.613,2,278.533,85,39.322,12,49.153,15,26.215,8,22.938,7,405.276,88,83.748,18,53.073,12,27.522,6,25.551,6,,44.425,34,86.238,66,2.613,2,83.624,64,0,0,45.876,14,281.81,86,3.277,1,278.533,85,0,0,90.301,20,368.048,80,5.89,1,362.157,79,0,0,
Comoros,1993,133.65,28,336.753,72,470.403,128.304,96,46.778,35,5.346,4,1.337,1,4.01,3,286.24,85,40.41,12,50.513,15,26.94,8,23.573,7,414.544,88,87.188,19,55.859,12,28.277,6,27.582,5,,45.441,34,88.209,66,2.673,2,85.536,64,0,0,50.513,15,286.24,85,3.368,1,282.873,84,0,0,95.954,20,374.449,80,6.041,1,368.409,79,0,0,
Comoros,1994,136.741,28,345.795,72,482.536,131.271,96,50.594,37,5.47,4,1.367,1,4.102,3,297.384,86,44.953,13,48.411,14,24.206,7,24.206,7,428.655,89,95.548,20,53.881,11,25.573,5,28.308,6,,46.492,34,90.249,66,2.735,2,87.514,64,0,0,55.327,16,290.468,84,3.458,1,287.01,83,0,0,101.819,21,380.717,79,6.193,1,374.524,78,0,0,
Comoros,1995,139.944,28,354.542,72,494.486,134.346,96,53.179,38,5.598,4,1.399,1,4.198,3,308.452,87,49.636,14,46.09,13,21.273,6,24.818,7,442.798,90,102.815,21,51.688,10,22.672,5,29.016,5,,50.38,36,89.564,64,2.799,2,86.765,62,0,0,60.272,17,294.27,83,3.545,1,290.724,82,0,0,110.652,22,383.834,78,6.344,1,377.49,77,0,0,
Comoros,1996,143.281,28,364.378,72,507.659,136.117,95,55.88,39,7.164,5,1.433,1,5.731,4,320.653,88,51.013,14,43.725,12,21.863,6,21.863,6,456.77,90,106.893,21,50.889,10,23.295,5,27.594,5,,53.014,37,90.267,63,2.866,2,87.401,61,0,0,65.588,18,298.79,82,3.644,1,295.146,81,0,0,118.602,23,389.057,77,6.509,1,382.548,76,0,0,
Comoros,1997,146.75,28,374.089,72,520.839,139.413,95,60.168,41,7.337,5,1.468,1,5.87,4,332.939,89,56.113,15,41.15,11,18.704,5,22.445,6,472.352,91,116.281,22,48.487,9,20.172,4,28.315,6,,55.765,38,90.985,62,2.935,2,88.05,60,0,0,71.077,19,303.012,81,3.741,1,299.271,80,0,0,126.842,24,393.997,76,6.676,1,387.321,75,0,0,
Comoros,1998,150.348,28,383.818,72,534.166,141.327,94,63.146,42,9.021,6,1.503,1,7.517,5,345.436,90,57.573,15,38.382,10,15.353,4,23.029,6,486.763,91,120.719,23,47.403,9,16.856,3,30.546,5,,60.139,40,90.209,60,3.007,2,87.202,58,0,0,80.602,21,303.216,79,3.838,1,295.54,77,3.838,1,140.741,26,393.425,74,6.845,1,382.742,72,3.838,1,
Comoros,1999,154.081,28,393.915,72,547.996,144.836,94,67.796,44,9.245,6,1.541,1,7.704,5,358.463,91,63.026,16,35.452,9,15.757,4,19.696,5,503.299,92,130.822,24,44.697,8,17.297,3,27.4,5,,63.173,41,90.908,59,3.082,2,87.826,57,0,0,86.661,22,307.254,78,3.939,1,299.375,76,3.939,1,149.835,27,398.161,73,7.021,1,387.202,71,3.939,1,
Comoros,2000,157.941,28,404.528,72,562.469,146.885,93,71.073,45,11.056,7,1.579,1,9.476,6,372.166,92,68.77,17,32.362,8,12.136,3,20.226,5,519.051,92,139.843,25,43.418,8,13.715,2,29.703,6,,66.335,42,91.606,58,3.159,2,88.447,56,0,0,93.041,23,311.487,77,8.091,2,299.351,74,4.045,1,159.377,28,403.092,72,11.249,2,387.798,69,4.045,1,
Comoros,2001,161.927,28,416.081,72,578.008,150.592,93,74.486,46,11.335,7,1.619,1,9.716,6,382.795,92,70.734,17,33.286,8,8.322,2,24.965,6,533.387,92,145.22,25,44.621,8,9.941,2,34.68,6,,69.629,43,92.298,57,3.239,2,87.441,54,1.619,1,99.859,24,316.222,76,8.322,2,303.739,73,4.161,1,169.488,29,408.52,71,11.56,2,391.18,68,5.78,1,
Comoros,2002,166.04,28,427.628,72,593.668,152.757,92,79.699,48,13.283,8,1.66,1,11.623,7,397.694,93,76.973,18,29.934,7,8.553,2,21.381,5,550.451,93,156.672,26,43.217,7,10.213,2,33.004,6,,74.718,45,91.322,55,4.981,3,84.68,51,1.66,1,106.907,25,320.721,75,8.553,2,307.892,72,4.276,1,181.625,31,412.043,69,13.534,2,392.573,66,5.937,1,
Comoros,2003,170.273,28,439.394,72,609.667,156.651,92,83.434,49,13.622,8,0,0,13.622,8,413.03,94,83.485,19,26.364,6,4.394,1,21.97,5,569.682,93,166.919,27,39.985,7,4.394,1,35.592,6,,78.326,46,91.947,54,5.108,3,85.137,50,1.703,1,114.242,26,325.152,74,8.788,2,311.97,71,4.394,1,192.568,32,417.099,68,13.896,2,397.106,65,6.097,1,
Comoros,2004,174.638,28,451.466,72,626.104,160.667,92,89.065,51,13.971,8,0,0,13.971,8,428.893,95,85.779,19,22.573,5,0,0,22.573,5,589.56,94,174.844,28,36.544,6,0,0,36.544,6,,82.08,47,92.558,53,5.239,3,85.573,49,1.746,1,121.896,27,329.57,73,9.029,2,316.026,70,4.515,1,203.976,33,422.128,67,14.268,2,401.599,64,6.261,1,
Comoros,2005,179.3,28,463.674,72,642.974,163.163,91,93.236,52,16.137,9,0,0,16.137,9,445.127,96,92.735,20,18.547,4,0,0,18.547,4,608.29,95,185.971,29,34.684,5,0,0,34.684,5,,87.857,49,91.443,51,5.379,3,84.271,47,1.793,1,134.465,29,329.209,71,9.273,2,315.298,68,4.637,1,222.322,35,420.652,65,14.652,2,399.569,62,6.43,1,
Comoros,2006,184.256,28,476.736,72,660.992,167.673,91,97.656,53,16.583,9,0,0,16.583,9,462.434,97,100.115,21,14.302,3,0,0,14.302,3,630.107,95,197.77,30,30.885,5,0,0,30.885,5,,92.128,50,92.128,50,5.528,3,84.758,46,1.843,1,143.021,30,333.715,70,9.535,2,319.413,67,4.767,1,235.149,36,425.843,64,15.062,2,404.171,61,6.61,1,
Comoros,2007,189.527,28,489.637,72,679.164,172.47,91,100.449,53,17.057,9,0,0,17.057,9,474.948,97,102.824,21,14.689,3,0,0,14.689,3,647.417,95,203.273,30,31.747,5,0,0,31.747,5,,94.764,50,94.763,50,5.686,3,87.182,46,1.895,1,146.891,30,342.746,70,9.793,2,328.057,67,4.896,1,241.655,36,437.509,64,15.479,2,415.239,61,6.792,1,
Comoros,2008,195.093,28,502.438,72,697.531,177.535,91,103.399,53,17.558,9,0,0,17.558,9,487.365,97,105.512,21,15.073,3,0,0,15.073,3,664.899,95,208.911,30,32.632,5,0,0,32.632,5,,97.547,50,97.546,50,5.853,3,89.743,46,1.951,1,150.731,30,351.707,70,10.049,2,336.633,67,5.024,1,248.278,36,449.253,64,15.902,2,426.376,61,6.975,1,
Comoros,2009,200.968,28,515.1,72,716.068,182.881,91,106.513,53,18.087,9,0,0,18.087,9,499.647,97,108.171,21,15.453,3,0,0,15.453,3,682.528,95,214.684,30,33.54,5,0,0,33.54,5,,100.484,50,100.484,50,6.029,3,92.445,46,2.01,1,154.53,30,360.57,70,10.302,2,345.117,67,5.151,1,255.014,36,461.054,64,16.331,2,437.562,61,7.161,1,
Comoros,2010,207.126,28,527.624,72,734.75,188.485,91,109.777,53,18.641,9,0,0,18.641,9,511.795,97,110.801,21,15.829,3,0,0,15.829,3,700.28,95,220.578,30,34.47,5,0,0,34.47,5,,103.563,50,103.563,50,6.214,3,95.278,46,2.071,1,158.287,30,369.337,70,10.552,2,353.508,67,5.276,1,261.85,36,472.9,64,16.766,2,448.786,61,7.348,1,
Congo,1990,1297.747,54,1091.155,46,2388.902,1232.86,95,,,64.887,5,,,64.887,5,,,43.646,4,,,,,,,,,,,,,,,,,,,,,,,,,,,,,,,,,,,,,,,,,,,,,,,,
Congo,1991,1343.359,55,1111.825,45,2455.184,1276.191,95,,,67.168,5,,,67.168,5,,,44.473,4,,,,,,,,,,,,,,,,,,,,,,,,,,,,,,,,,,,,,,,,,,,,,,,,
Congo,1992,1390.191,55,1132.289,45,2522.48,1320.681,95,,,69.51,5,,,69.51,5,,,45.292,4,,,,,,,,,,,,,,,,,,,,,,,,,,,,,,,,,,,,,,,,,,,,,,,,
Congo,1993,1438.56,56,1152.371,44,2590.931,1366.632,95,,,71.928,5,,,71.928,5,,,46.095,4,,,,,,,,,,,,,,,,,,,,,,,,,,,,,,,,,,,,,,,,,,,,,,,,
Congo,1994,1488.905,56,1171.984,44,2660.889,1414.46,95,,,74.445,5,,,74.445,5,,,46.879,4,,,,,,,,,,,,,,,,,,,,,,,,,,,,,,,,,,,,,,,,,,,,,,,,
Congo,1995,1541.601,56,1191.105,44,2732.706,1464.521,95,,,77.08,5,,,77.08,5,,,47.644,4,,,,,,,,,,,,,,,,,,,,,,,,,,,,,,,,,,,,,,,,,,,,,,,,
Congo,1996,1596.878,57,1212.9,43,2809.778,1517.034,95,,,79.844,5,,,79.844,5,,,48.516,4,,,,,,,,,,,,,,,,,,,,,,,,,,,,,,,,,,,,,,,,,,,,,,,,
Congo,1997,1653.561,57,1235.34,43,2888.901,1570.883,95,760.638,46,82.678,5,16.536,1,66.142,4,444.722,36,49.414,4,790.618,64,148.241,12,642.377,52,2015.605,70,810.052,28,873.296,30,164.776,6,708.519,24,,347.248,21,1306.313,79,694.496,42,578.746,35,33.071,2,222.361,18,1012.979,82,370.602,30,420.016,34,222.361,18,569.609,20,2319.292,80,1065.098,37,998.762,34,255.432,9,
Congo,1998,1711.864,58,1258.05,42,2969.914,1626.271,95,787.457,46,85.593,5,17.119,1,68.475,4,452.898,36,50.322,4,805.152,64,150.966,12,654.186,52,2079.169,70,837.779,28,890.745,30,168.085,6,722.661,24,,359.491,21,1352.373,79,718.983,42,599.152,35,34.237,2,226.449,18,1031.601,82,377.415,30,427.737,34,226.449,18,585.94,20,2383.974,80,1096.398,37,1026.889,34,260.686,9,
Congo,1999,1770.565,58,1281.753,42,3052.318,1682.037,95,814.46,46,88.528,5,17.706,1,70.823,4,461.431,36,51.27,4,820.322,64,153.81,12,666.512,52,2143.468,70,865.73,28,908.85,30,171.516,6,737.334,24,,371.819,21,1398.746,79,743.637,42,619.698,35,35.411,2,230.716,18,1051.037,82,384.526,30,435.796,34,230.716,18,602.534,20,2449.784,80,1128.163,37,1055.494,34,266.127,9,
Congo,2000,1828.783,58,1306.99,42,3135.773,1737.344,95,841.24,46,91.439,5,18.288,1,73.151,4,470.516,36,52.28,4,836.474,64,156.839,12,679.635,52,2207.86,70,893.52,28,927.913,30,175.127,6,752.786,24,,384.044,21,1444.739,79,768.089,42,640.074,35,36.576,2,235.258,18,1071.732,82,392.097,30,444.377,34,235.258,18,619.303,20,2516.47,80,1160.186,37,1084.451,34,271.834,9,
Congo,2001,1885.936,59,1328.103,41,3214.039,1791.639,95,867.531,46,94.297,5,18.859,1,75.437,4,478.117,36,53.124,4,849.986,64,159.372,12,690.614,52,2269.756,71,920.655,29,944.283,29,178.232,6,766.051,23,,396.047,21,1489.889,79,792.093,42,660.078,35,37.719,2,239.059,18,1089.044,82,398.431,30,451.555,34,239.059,18,635.105,20,2578.934,80,1190.524,37,1111.633,34,276.777,9,
Congo,2002,1942.504,59,1349.75,41,3292.254,1845.379,95,874.127,45,97.125,5,19.425,1,77.7,4,485.91,36,53.99,4,863.84,64,188.965,14,674.875,50,2331.289,71,928.117,28,960.965,29,208.39,6,752.575,23,,407.926,21,1534.578,79,815.852,42,679.876,35,38.85,2,242.955,18,1106.795,82,391.428,29,472.413,35,242.955,18,650.881,20,2641.373,80,1207.279,37,1152.289,34,281.805,9,
Congo,2003,1999.955,59,1371.021,41,3370.976,1899.957,95,879.98,44,99.998,5,20,1,79.998,4,479.857,35,41.131,3,891.164,65,219.363,16,671.8,49,2379.815,71,921.111,27,991.161,29,239.363,7,751.798,23,,419.991,21,1579.964,79,839.981,42,699.984,35,39.999,2,233.074,17,1137.947,83,397.596,29,493.568,36,246.784,18,653.064,19,2717.912,81,1237.577,37,1193.552,35,286.783,9,
Congo,2004,2060.567,60,1390.528,40,3451.095,1957.539,95,886.044,43,103.028,5,20.606,1,82.423,4,486.685,35,41.716,3,903.843,65,250.295,18,653.548,47,2444.223,71,927.76,27,1006.872,29,270.901,8,735.971,21,,432.719,21,1627.848,79,844.832,41,741.804,36,41.211,2,236.39,17,1154.138,83,389.348,28,514.495,37,250.295,18,669.109,19,2781.986,81,1234.18,36,1256.299,37,291.506,8,
Congo,2005,2126.019,60,1407.158,40,3533.177,2019.718,95,892.928,42,106.301,5,21.26,1,85.041,4,478.434,34,42.215,3,928.724,66,281.432,20,647.293,46,2498.152,71,935.143,26,1035.025,29,302.692,9,732.333,21,,425.204,20,1700.815,80,871.668,41,765.367,36,63.781,3,239.217,17,1167.941,83,394.004,28,520.648,37,253.288,18,664.421,19,2868.756,81,1265.672,36,1286.015,36,317.069,9,
Congo,2006,2197.166,60,1435.008,40,3632.174,2087.308,95,900.838,41,109.858,5,21.972,1,87.887,4,487.903,34,43.05,3,947.105,66,301.352,21,645.754,45,2575.21,71,943.888,26,1056.964,29,323.323,9,733.64,20,,439.433,20,1757.733,80,900.838,41,790.98,36,65.915,3,229.601,16,1205.407,84,387.452,27,559.653,39,258.301,18,669.034,18,2963.14,82,1288.29,35,1350.633,38,324.216,9,
Congo,2007,2273.286,61,1459.348,39,3732.634,2159.622,95,909.314,40,113.664,5,22.733,1,90.931,4,496.178,34,43.78,3,963.17,66,335.65,23,627.52,43,2655.8,71,953.095,26,1076.834,29,358.383,10,718.451,18,,454.657,20,1818.629,80,909.314,40,841.116,37,68.199,3,233.496,16,1225.852,84,394.024,27,569.146,39,262.683,18,688.153,18,3044.481,82,1303.338,35,1410.262,38,330.881,9,
Congo,2008,2352.673,61,1482.019,39,3834.692,2235.039,95,894.016,38,117.634,5,23.527,1,94.107,4,489.066,33,29.64,2,992.953,67,370.505,25,622.448,42,2724.106,71,923.656,24,1110.586,29,394.031,10,716.555,19,,470.535,20,1882.138,80,941.069,40,870.489,37,70.58,3,237.123,16,1244.896,84,385.325,26,607.628,41,251.943,17,707.658,18,3127.034,82,1326.394,35,1478.117,39,322.523,8,
Congo,2009,2432.665,62,1505.512,38,3938.177,2311.032,95,900.086,37,121.633,5,0,0,121.633,5,496.819,33,30.11,2,1008.693,67,406.488,27,602.205,40,2807.851,71,930.196,24,1130.326,29,406.488,10,723.838,18,,486.533,20,1946.132,80,973.066,40,900.086,37,72.98,3,225.827,15,1279.685,85,391.433,26,632.315,42,255.937,17,712.36,18,3225.817,82,1364.499,35,1532.401,39,328.917,8,
Congo,2010,2511.408,62,1531.491,38,4042.899,2385.838,95,904.107,36,125.57,5,0,0,125.57,5,490.077,32,30.63,2,1041.414,68,444.132,29,597.281,39,2875.915,71,934.737,23,1166.984,29,444.132,11,722.852,18,,502.282,20,2009.126,80,979.449,39,954.335,38,75.342,3,229.724,15,1301.767,85,382.873,25,658.541,43,260.353,17,732.005,18,3310.894,82,1362.322,34,1612.876,40,335.696,8,
Cote d`Ivoire,1990,4974.671,40,7543.059,60,12517.73,4477.204,90,2487.336,50,497.467,10,0,0,497.467,10,5053.85,67,377.153,5,2489.209,33,1206.889,16,1282.32,17,9531.053,76,2864.488,23,2986.677,24,1206.889,10,1779.787,14,22,1890.375,38,3084.296,62,1243.668,25,1542.148,31,298.48,6,603.445,8,6939.614,92,603.445,8,2112.057,28,4224.113,56,2493.82,20,10023.91,80,1847.112,15,3654.205,29,4522.593,36,8
Cote d`Ivoire,1991,5186.896,40,7755.564,60,12942.46,4668.206,90,2593.448,50,518.69,10,0,0,518.69,10,5196.228,67,387.778,5,2559.336,33,1163.335,15,1396.002,18,9864.434,76,2981.226,23,3078.026,24,1163.335,9,1914.691,15,,1971.02,38,3215.876,62,1296.724,25,1607.938,31,311.214,6,620.445,8,7135.119,92,620.445,8,2171.558,28,4343.116,56,2591.466,20,10350.994,80,1917.169,15,3779.496,29,4654.33,36,
Cote d`Ivoire,1992,5405.042,40,7967.953,60,13372.995,4864.538,90,2756.571,51,540.504,10,0,0,540.504,10,5338.529,67,478.077,6,2629.424,33,1195.193,15,1434.232,18,10203.066,76,3234.649,24,3169.929,24,1195.193,9,1974.736,15,,2053.916,38,3351.126,62,1351.261,25,1675.563,31,324.303,6,637.436,8,7330.517,92,717.116,9,2231.027,28,4382.374,55,2691.352,20,10681.643,80,2068.376,15,3906.59,30,4706.677,35,
Cote d`Ivoire,1993,5627.183,41,8179.995,59,13807.178,5064.465,90,2926.135,52,562.718,10,0,0,562.718,10,5480.597,67,572.6,7,2699.398,33,1145.199,14,1554.199,19,10545.061,76,3498.735,25,3262.117,24,1145.199,8,2116.917,16,,2138.33,38,3488.853,62,1406.796,25,1744.427,31,337.631,6,654.4,8,7525.595,92,736.2,9,2290.399,28,4498.997,55,2792.729,20,11014.449,80,2142.995,16,4034.825,29,4836.628,35,
Cote d`Ivoire,1994,5850.392,41,8391.867,59,14242.259,5323.857,91,3100.708,53,526.535,9,0,0,526.535,9,5622.551,67,587.431,7,2769.316,33,1174.861,14,1594.455,19,10946.408,77,3688.138,26,3295.851,23,1174.861,8,2120.99,15,,2223.149,38,3627.243,62,1404.094,24,1872.125,32,351.024,6,755.268,9,7636.599,91,755.268,9,2265.804,27,4615.527,55,2978.417,21,11263.842,79,2159.362,15,4137.93,29,4966.55,35,
Cote d`Ivoire,1995,6072.251,41,8604.949,59,14677.2,5525.748,91,3218.293,53,546.503,9,0,0,546.503,9,5765.316,67,688.396,8,2839.633,33,1118.643,13,1720.99,20,11291.064,77,3906.689,27,3386.136,23,1118.643,8,2267.492,15,,2307.455,38,3764.796,62,1457.34,24,1943.12,32,364.335,6,774.445,9,7830.504,91,774.445,9,2409.386,28,4646.672,54,3081.901,21,11595.299,79,2231.786,15,4352.506,30,5011.008,34,
Cote d`Ivoire,1996,6292.644,42,8767.817,58,15060.461,5726.306,91,3398.028,54,566.338,9,0,0,566.338,9,5874.437,67,701.425,8,2893.38,33,1052.138,12,1841.242,21,11600.743,77,4099.453,27,3459.718,23,1052.138,7,2407.58,16,,2391.205,38,3901.439,62,1510.235,24,2013.646,32,377.559,6,789.104,9,7978.713,91,789.104,9,2454.989,28,4734.621,54,3180.308,21,11880.153,79,2299.338,15,4468.635,30,5112.18,34,
Cote d`Ivoire,1997,6511.341,42,8927.755,58,15439.096,5925.32,91,3581.238,55,586.021,9,0,0,586.021,9,5981.596,67,803.498,9,2946.159,33,1071.331,12,1874.829,21,11906.916,77,4384.736,28,3532.18,23,1071.331,7,2460.849,16,,2409.196,37,4102.145,63,1562.722,24,2148.743,33,390.68,6,803.498,9,8124.257,91,892.776,10,2410.494,27,4820.988,54,3212.694,21,12226.402,79,2455.497,16,4559.236,29,5211.668,34,
Cote d`Ivoire,1998,6726.156,43,9089.815,57,15815.971,6120.802,91,3699.386,55,605.354,9,0,0,605.354,9,6090.176,67,818.083,9,2999.639,33,999.88,11,1999.759,22,12210.978,77,4517.469,29,3604.993,23,999.88,6,2605.113,16,,2488.678,37,4237.478,63,1614.277,24,2219.631,33,403.569,6,818.083,9,8271.732,91,908.982,10,2545.148,28,4817.602,53,3306.761,21,12509.21,79,2523.259,16,4764.78,30,5221.171,33,
Cote d`Ivoire,1999,6965.925,43,9230.012,57,16195.937,6338.992,91,3900.918,56,626.933,9,0,0,626.933,9,6184.108,67,923.001,10,3045.904,33,1015.301,11,2030.603,22,12523.1,77,4823.919,30,3672.837,23,1015.301,6,2657.536,16,,2577.392,37,4388.533,63,1671.822,24,2298.755,33,417.956,6,830.701,9,8399.311,91,923.001,10,2584.403,28,4891.906,53,3408.093,21,12787.844,79,2594.823,16,4883.159,30,5309.862,33,
Cote d`Ivoire,2000,7219.818,44,9361.835,56,16581.653,6570.034,91,4115.296,57,649.784,9,0,0,649.784,9,6272.429,67,936.184,10,3089.406,33,936.184,10,2153.222,23,12842.464,77,5051.48,30,3739.189,23,936.184,6,2803.006,17,,2671.333,37,4548.485,63,1732.756,24,2382.54,33,433.189,6,936.184,10,8425.651,90,936.184,10,2527.695,27,4961.773,53,3607.516,22,12974.137,78,2668.94,16,4910.235,29,5394.962,33,
Cote d`Ivoire,2001,7465.801,44,9400.337,56,16866.138,6793.879,91,4255.507,57,671.922,9,74.658,1,597.264,8,6298.226,67,1034.037,11,3102.111,33,846.03,9,2256.081,24,13092.105,78,5289.544,31,3774.033,22,920.688,5,2853.345,18,,2762.346,37,4703.455,63,1791.792,24,2463.714,33,447.948,6,940.034,10,8460.303,90,940.034,10,2538.091,27,4982.179,53,3702.38,22,13163.758,78,2731.826,16,5001.805,30,5430.127,32,
Cote d`Ivoire,2002,7706.036,45,9450.288,55,17156.324,7012.493,91,4469.501,58,693.543,9,77.06,1,616.483,8,6331.693,67,1039.532,11,3118.595,33,850.526,9,2268.069,24,13344.186,78,5509.033,32,3812.138,22,927.586,5,2884.552,17,,2851.233,37,4854.803,63,1849.449,24,2542.992,33,462.362,6,945.029,10,8505.259,90,1039.532,11,2551.578,27,4914.15,52,3796.262,22,13360.062,78,2888.98,17,5094.57,30,5376.512,31,
Cote d`Ivoire,2003,7944.522,46,9504.367,54,17448.889,7229.515,91,4687.268,59,715.007,9,79.445,1,635.562,8,6462.97,68,1140.524,12,3041.397,32,760.349,8,2281.048,24,13692.485,78,5827.792,33,3756.404,22,839.795,5,2916.61,17,,2939.473,37,5005.049,63,1906.685,24,2621.692,33,476.671,6,950.437,10,8553.93,90,1045.48,11,2566.179,27,4942.271,52,3889.91,22,13558.979,78,2952.166,17,5187.871,30,5418.942,31,
Cote d`Ivoire,2004,8187.677,46,9550.205,54,17737.882,7450.786,91,4912.606,60,736.891,9,81.877,1,655.014,8,6494.139,68,1241.527,13,3056.066,32,764.016,8,2292.049,24,13944.925,79,6154.133,35,3792.957,21,845.893,5,2947.063,16,,3029.44,37,5158.237,63,1965.042,24,2701.933,33,491.261,6,955.021,10,8595.184,90,1050.523,11,2578.555,27,4966.107,52,3984.461,22,13753.421,78,3015.565,17,5280.489,30,5457.367,31,
Cote d`Ivoire,2005,8440.29,47,9580.656,53,18020.946,7680.664,91,5064.174,60,759.626,9,84.403,1,675.223,8,6514.846,68,1245.485,13,3065.81,32,670.646,7,2395.164,25,14195.51,79,6309.659,35,3825.436,21,755.049,4,3070.387,17,,3038.504,36,5401.786,64,2025.67,24,2869.699,34,506.417,6,1053.872,11,8526.784,89,1053.872,11,2586.777,27,4886.135,51,4092.377,23,13928.569,77,3079.542,17,5456.476,30,5392.552,30,
Cote d`Ivoire,2006,8704.84,47,9675.892,53,18380.732,7921.404,91,5309.952,61,783.436,9,87.048,1,696.387,8,6579.607,68,1354.625,14,3096.285,32,580.554,6,2515.732,26,14501.011,79,6664.577,36,3879.721,21,667.602,4,3212.119,17,,3133.742,36,5571.098,64,2002.113,23,3046.694,35,522.29,6,1064.348,11,8611.544,89,1064.348,11,2612.491,27,4934.705,51,4198.091,23,14182.641,77,3066.461,17,5659.185,30,5456.995,30,
Cote d`Ivoire,2007,9000.042,48,9723.547,52,18723.589,8190.038,91,5580.026,62,810.004,9,90,1,720.003,8,6612.012,68,1361.297,14,3111.535,32,583.413,6,2528.122,26,14802.05,79,6941.323,37,3921.539,21,673.413,4,3248.126,17,,3240.015,36,5760.027,64,2070.01,23,3150.015,35,540.003,6,1069.59,11,8653.957,89,1166.826,12,2528.122,26,4959.009,51,4309.605,23,14413.984,77,3236.835,17,5678.137,31,5499.011,29,
Cote d`Ivoire,2008,9310.089,49,9747.342,51,19057.431,8472.181,91,5772.255,62,837.908,9,93.101,1,744.807,8,6628.193,68,1462.101,15,3119.149,32,487.367,5,2631.782,27,15100.374,79,7234.356,38,3957.057,21,580.468,3,3376.589,18,,3351.632,36,5958.457,64,2141.32,23,3258.531,35,558.605,6,1072.208,11,8675.134,89,1169.681,12,2631.782,27,4873.671,50,4423.84,23,14633.591,77,3311.002,17,5890.313,31,5432.276,29,
Cote d`Ivoire,2009,9636.313,50,9757.188,50,19393.501,8769.045,91,6070.877,63,867.268,9,96.363,1,770.905,8,6634.888,68,1463.578,15,3122.3,32,487.859,5,2634.441,27,15403.933,79,7534.455,39,3989.568,21,584.223,3,3405.346,17,,3469.073,36,6167.24,64,2216.352,23,3372.71,35,578.179,6,1073.291,11,8683.897,89,1170.863,12,2634.441,27,4878.594,50,4542.363,23,14851.138,77,3387.215,17,6007.15,32,5456.773,28,
Cote d`Ivoire,2010,9979.629,51,9758.171,49,19737.8,9081.462,91,6386.963,64,898.167,9,99.796,1,798.37,8,6635.556,68,1561.307,16,3122.615,32,390.327,4,2732.288,28,15717.019,80,7948.27,40,4020.781,20,490.123,2,3530.658,19,,3592.666,36,6386.963,64,2295.315,23,3492.87,35,598.778,6,1073.399,11,8684.772,89,1170.981,12,2634.706,27,4879.086,50,4666.065,24,15071.735,76,3466.295,18,6127.576,30,5477.863,28,
Democratic Republic of the Congo,1990,10129.304,28,26276.922,72,36406.226,9116.374,90,5165.945,51,1012.93,10,0,0,1012.93,10,7094.769,27,0,0,19182.153,73,8671.384,33,10510.769,40,16211.143,45,5165.945,14,20195.083,55,8671.384,24,11523.699,32,16,2329.74,23,7799.564,77,3241.377,32,4051.722,40,506.465,5,1051.077,4,25225.845,96,1051.077,4,18131.076,69,6043.692,23,3380.817,9,33025.409,91,4292.454,12,22182.798,61,6550.157,18,16
Democratic Republic of the Congo,1991,10555.448,28,27306.933,72,37862.381,9499.903,90,5383.278,51,1055.545,10,0,0,1055.545,10,7372.872,27,0,0,19934.061,73,9011.288,33,10922.773,40,16872.775,45,5383.278,14,20989.606,55,9011.288,24,11978.318,32,,2427.753,23,8127.695,77,3377.743,32,4222.179,40,527.772,5,1092.277,4,26214.656,96,1092.277,4,18841.784,69,6280.595,23,3520.03,9,34342.351,91,4470.021,12,23063.963,61,6808.367,18,
Democratic Republic of the Congo,1992,11034.014,28,28329.058,72,39363.072,9930.613,90,5627.347,51,1103.401,10,0,0,1103.401,10,7648.846,27,0,0,20680.212,73,9348.589,33,11331.623,40,17579.458,45,5627.347,14,21783.614,55,9348.589,24,12435.025,32,,2537.823,23,8496.191,77,3530.884,32,4413.606,40,551.701,5,1133.162,4,27195.896,96,1133.162,4,19547.05,69,6515.683,23,3670.986,9,35692.086,91,4664.047,12,23960.656,61,7067.384,18,
Democratic Republic of the Congo,1993,11542.335,28,29370.016,72,40912.351,10388.102,90,5886.591,51,1154.233,10,0,0,1154.234,10,7929.904,27,0,0,21440.112,73,9692.105,33,11748.006,40,18318.006,45,5886.591,14,22594.345,55,9692.105,24,12902.24,32,,2654.737,23,8887.598,77,3693.547,32,4616.934,40,577.117,5,1174.801,4,28195.215,96,1174.801,4,20265.311,69,6755.104,23,3829.538,9,37082.813,91,4868.348,12,24882.245,61,7332.22,18,
Democratic Republic of the Congo,1994,12048.268,28,30442.708,72,42490.976,10722.959,89,5903.651,49,1325.309,11,0,0,1325.309,11,8219.531,27,0,0,22223.177,73,9741.667,32,12481.51,41,18942.49,45,5903.651,14,23548.486,55,9741.667,23,13806.82,32,,2771.102,23,9277.166,77,3975.928,33,4698.825,39,602.413,5,1826.562,6,28616.146,94,1522.135,5,20396.614,67,6697.396,22,4597.664,11,37893.312,89,5498.064,13,25095.439,59,7299.809,17,
Democratic Republic of the Congo,1995,12530.116,28,31537.253,72,44067.369,11026.502,88,5889.155,47,1503.614,12,0,0,1503.614,12,8515.058,27,0,0,23022.195,73,10091.921,32,12930.274,41,19541.56,44,5889.155,13,24525.809,56,10091.921,23,14433.888,33,,2881.927,23,9648.189,77,4134.938,33,4886.745,39,626.506,5,2207.608,7,29329.645,93,2207.608,7,20499.214,65,6622.823,21,5089.534,12,38977.835,88,6342.546,14,25385.96,58,7249.329,16,
Democratic Republic of the Congo,1996,12977.029,29,32259.099,71,45236.128,11419.786,88,5969.433,46,1557.243,12,129.77,1,1427.473,11,8709.957,27,0,0,23549.142,73,10000.321,31,13548.822,42,20129.742,44,5969.433,13,25106.386,56,10130.091,22,14976.295,34,,2984.717,23,9992.312,77,4282.42,33,5061.041,39,648.851,5,2580.728,8,29678.371,92,2580.728,8,20323.232,63,6774.411,21,5565.445,12,39670.683,88,6863.147,15,25384.274,57,7423.262,16,
Democratic Republic of the Congo,1997,13399.81,29,32971.262,71,46371.072,11657.835,87,5895.916,44,1741.975,13,133.998,1,1607.977,12,8902.241,27,0,0,24069.021,73,10221.091,31,13847.93,42,20560.075,44,5895.916,13,25810.997,56,10355.089,22,15455.907,33,,3081.956,23,10317.854,77,4421.937,33,5359.924,40,535.992,4,2967.414,9,30003.848,91,2967.414,9,20442.182,62,6594.252,20,6049.37,13,40321.702,87,7389.351,16,25802.106,56,7130.245,15,
Democratic Republic of the Congo,1998,13823.14,29,33642.002,71,47465.142,11887.9,86,5805.719,42,1935.24,14,138.231,1,1797.008,13,9083.341,27,336.42,1,24558.661,73,10429.021,31,14129.641,42,20971.241,44,6142.139,13,26493.901,56,10567.252,22,15926.649,34,,3179.322,23,10643.818,77,4561.636,33,5529.256,40,552.926,4,3700.62,11,29941.382,89,3364.2,10,19848.781,59,6728.4,20,6879.942,14,40585.2,86,7925.836,17,25378.037,54,7281.326,15,
Democratic Republic of the Congo,1999,14283.424,29,34255.663,71,48539.087,12283.745,86,5713.37,40,1999.679,14,285.668,2,1714.011,12,9249.029,27,342.557,1,25006.634,73,10276.699,30,14729.935,43,21532.774,44,6055.926,12,27006.313,56,10562.367,22,16443.946,34,,3285.188,23,10998.236,77,4713.53,33,5713.37,40,571.337,4,4110.68,12,30144.983,88,3768.123,11,19868.285,58,6508.576,19,7395.867,15,41143.22,85,8481.653,17,25581.654,53,7079.913,15,
Democratic Republic of the Congo,2000,14808.458,30,34817.742,70,49626.2,12587.189,85,5627.214,38,2221.269,15,296.169,2,1925.1,13,9400.79,27,348.177,1,25416.952,73,10445.323,30,14971.629,43,21987.98,44,5975.391,12,27638.22,56,10741.492,22,16896.729,34,,3405.945,23,11402.513,77,4886.791,33,5923.383,40,592.338,4,4526.306,13,30291.436,87,4526.306,13,19497.936,56,6267.194,18,7932.252,16,41693.948,84,9413.098,19,25421.319,51,6859.532,14,
Democratic Republic of the Congo,2001,15410.024,30,35765.012,70,51175.036,12944.42,84,5547.609,36,2465.604,16,308.2,2,2157.403,14,9656.553,27,357.65,1,26108.459,73,10371.853,29,15736.605,44,22600.973,44,5905.259,12,28574.063,56,10680.054,21,17894.009,34,,3544.306,23,11865.718,77,5085.308,33,6318.11,41,462.301,3,5007.102,14,30757.91,86,5007.102,14,19313.106,54,6437.702,18,8551.407,17,42623.629,83,10092.41,20,25631.216,50,6900.003,13,
Democratic Republic of the Congo,2002,16082.818,31,36647.399,69,52730.217,13348.739,83,5468.158,34,2734.079,17,321.656,2,2412.423,15,9894.798,27,366.474,1,26752.601,73,10627.746,29,16124.856,44,23243.537,44,5834.632,11,29486.68,56,10949.402,21,18537.278,35,,3859.876,24,12222.942,76,5307.33,33,6433.127,40,482.485,3,5497.11,15,31150.289,85,5497.11,15,19423.121,53,6230.058,17,9356.986,18,43373.231,82,10804.44,20,25856.249,49,6712.542,13,
Democratic Republic of the Congo,2003,16819.685,31,37478.369,69,54298.054,13960.339,83,5550.496,33,2859.346,17,504.591,3,2354.756,14,10119.16,27,374.784,1,27359.209,73,10868.727,29,16490.482,44,24079.498,44,5925.28,11,30218.556,56,11373.318,21,18845.238,35,,4036.724,24,12782.961,76,5550.496,33,6727.874,40,504.591,3,6371.323,17,31107.046,83,5996.539,16,18739.185,50,6371.323,17,10408.047,19,43890.007,81,11547.035,21,25467.059,47,6875.913,13,
Democratic Republic of the Congo,2004,17607.393,32,38258.455,68,55865.848,14438.062,82,5458.292,31,3169.331,18,528.222,3,2641.109,15,10329.783,27,382.585,1,27928.672,73,10712.367,28,17216.305,45,24767.845,44,5840.876,10,31098.003,56,11240.589,20,19857.414,36,,4225.774,24,13381.619,76,5810.44,33,7042.957,40,528.222,3,6886.522,18,31371.933,82,6503.937,17,18746.643,49,6121.353,16,11112.296,20,44753.552,80,12314.377,22,25789.6,46,6649.575,12,
Democratic Republic of the Congo,2005,18435.433,32,38985.089,68,57420.522,14932.701,81,5346.276,29,3502.732,19,553.063,3,2949.669,16,10525.974,27,779.702,2,28459.115,73,10915.825,28,17543.29,45,25458.675,44,6125.977,11,31961.847,56,11468.888,20,20492.959,35,,4424.504,24,14010.929,76,6083.693,33,7558.528,41,368.709,2,7407.167,19,31577.922,81,7407.167,19,18322.992,47,5847.763,15,11831.671,21,45588.851,79,13490.86,23,25881.519,45,6216.472,11,
Democratic Republic of the Congo,2006,19304.185,33,39888.381,67,59192.566,15636.39,81,5212.13,27,3667.795,19,772.167,4,2895.628,15,10769.863,27,797.768,2,29118.518,73,11168.747,28,17949.771,45,26406.253,45,6009.898,10,32786.313,55,11940.914,20,20845.399,36,,4633.004,24,14671.181,76,6370.381,33,7914.716,41,386.084,2,7977.676,20,31910.705,80,7977.676,20,17949.771,45,5983.257,15,12610.681,21,46581.885,79,14348.057,24,25864.487,44,6369.341,11,
Democratic Republic of the Congo,2007,20220.726,33,40687.817,67,60908.543,16176.581,80,5055.182,25,4044.145,20,808.829,4,3235.316,16,10985.711,27,813.756,2,29702.106,73,10985.711,27,18716.396,46,27162.291,45,5868.938,10,33746.252,55,11794.54,19,21951.712,36,,4852.974,24,15367.752,76,6672.84,33,8290.498,41,404.415,2,8951.32,22,31736.497,78,8544.442,21,17495.761,43,5696.294,14,13804.294,23,47104.249,77,15217.281,25,25786.259,42,6100.709,10,
Democratic Republic of the Congo,2008,21188.363,34,41401.141,66,62589.504,16738.807,79,4873.323,23,4449.556,21,847.535,4,3602.022,17,11178.308,27,828.023,2,30222.833,73,11178.308,27,19044.525,46,27917.115,45,5701.346,9,34672.389,55,12025.843,19,22646.547,37,,5085.207,24,16103.156,76,6992.16,33,8687.229,41,423.767,2,9522.262,23,31878.879,77,9108.251,22,17388.479,42,5382.148,13,14607.47,23,47982.034,77,16100.411,26,26075.708,42,5805.916,9,
Democratic Republic of the Congo,2009,22191.576,35,42076.78,65,64268.356,17531.345,79,4660.231,21,4660.231,21,887.663,4,3772.568,17,11360.731,27,841.536,2,30716.049,73,10939.963,26,19776.087,47,28892.076,45,5501.767,9,35376.28,55,11827.626,18,23548.655,37,,5325.978,24,16865.598,76,7323.22,33,9320.462,42,221.916,1,10098.427,24,31978.353,76,9677.659,23,16830.712,40,5469.981,13,15424.405,24,48843.951,76,17000.879,26,26151.174,41,5691.897,9,
Democratic Republic of the Congo,2010,23231.834,35,42733.961,65,65965.795,18353.149,79,4878.685,21,4878.685,21,929.273,4,3949.412,17,11538.169,27,854.679,2,31195.792,73,11110.83,26,20084.962,47,29891.318,45,5733.364,9,36074.477,55,12040.103,18,24034.373,36,,5575.64,24,17656.194,76,7666.505,33,9757.37,42,232.318,1,10256.151,24,32477.81,76,9828.811,23,17093.584,40,5555.415,13,15831.791,24,50134.004,76,17495.316,27,26850.955,40,5787.733,9,
Djibouti,1990,425.372,76,136.918,24,562.29,340.298,80,284.999,67,85.074,20,,,85.074,20,95.843,70,24.645,18,41.075,30,,,41.075,30,436.14,78,309.644,55,126.15,22,,,126.15,22,33,310.522,73,114.85,27,25.522,6,42.537,10,46.791,11,61.613,45,75.305,55,8.215,6,2.738,2,64.351,47,372.135,66,190.155,34,33.737,6,45.276,8,111.142,20,5
Djibouti,1991,442.617,77,133.579,23,576.196,354.094,80,296.553,67,88.523,20,,,88.523,20,93.505,70,24.044,18,40.074,30,,,40.074,30,447.599,78,320.598,56,128.597,22,,,128.597,22,,323.11,73,119.507,27,26.557,6,44.262,10,48.688,11,60.111,45,73.468,55,8.015,6,2.672,2,62.782,47,383.221,67,192.975,33,34.572,6,46.933,8,111.47,19,
Djibouti,1992,452.307,77,137.392,23,589.699,361.846,80,303.046,67,90.461,20,,,90.461,20,96.174,70,24.731,18,41.218,30,,,41.218,30,458.02,78,327.776,56,131.679,22,,,131.679,22,,330.184,73,122.123,27,27.138,6,45.231,10,49.754,11,61.826,45,75.566,55,8.244,6,2.748,2,64.574,47,392.011,66,197.688,34,35.382,6,47.979,9,114.328,19,
Djibouti,1993,459.187,76,143.23,24,602.417,367.35,80,307.655,67,91.837,20,,,91.837,20,100.261,70,25.781,18,42.969,30,,,42.969,30,467.611,78,333.437,55,134.806,22,,,134.806,22,,335.207,73,123.98,27,27.551,6,45.919,10,50.511,11,64.454,45,78.776,55,8.594,6,2.865,2,67.318,47,399.66,66,202.757,34,36.145,6,48.783,8,117.829,20,
Djibouti,1994,466.506,76,148.015,24,614.521,373.205,80,312.559,67,93.301,20,,,93.301,20,103.611,70,26.643,18,44.404,30,,,44.405,30,476.815,78,339.202,55,137.706,22,,,137.706,22,,340.549,73,125.957,27,27.99,6,46.651,10,51.316,11,66.607,45,81.408,55,8.881,6,2.96,2,69.567,47,407.156,66,207.365,34,36.871,6,49.611,8,120.883,20,
Djibouti,1995,476.594,76,149.943,24,626.537,390.807,82,324.084,68,85.787,18,,,85.787,18,103.461,69,25.49,17,46.482,31,,,46.482,31,494.268,79,349.574,56,132.269,21,,,132.269,21,,343.148,72,133.446,28,23.83,5,61.957,13,47.659,10,62.976,42,86.967,58,7.497,5,7.497,5,71.973,48,406.124,65,220.413,35,31.327,5,69.454,11,119.632,19,
Djibouti,1996,490.157,76,157.499,24,647.656,406.83,83,338.208,69,83.327,17,0,0,83.327,17,105.524,67,25.2,16,51.975,33,7.875,5,44.1,28,512.355,79,363.408,56,135.301,21,7.875,1,127.426,20,,348.011,71,142.146,29,24.508,5,73.524,15,44.114,9,63,40,94.499,60,7.875,5,9.45,6,77.175,49,411.011,63,236.645,37,32.383,5,82.973,13,121.289,19,
Djibouti,1997,506.327,76,162.085,24,668.412,425.315,84,354.429,70,81.012,16,0,0,81.012,16,106.976,66,24.313,15,55.109,34,8.104,5,47.005,29,532.291,80,378.742,57,136.121,20,8.104,1,128.017,19,,359.492,71,146.835,29,25.316,5,81.012,16,40.506,8,59.971,37,102.114,63,8.104,5,12.967,8,81.043,50,419.464,63,248.948,37,33.421,5,93.979,14,121.549,18,
Djibouti,1998,523.904,76,165.358,24,689.262,450.557,86,371.972,71,73.347,14,0,0,73.347,14,107.483,65,21.497,13,57.875,35,8.268,5,49.607,30,558.04,81,393.468,57,131.222,19,8.268,1,122.954,18,,366.733,70,157.171,30,26.195,5,89.064,17,41.912,8,57.875,35,107.483,65,6.614,4,16.536,10,84.333,51,424.608,62,264.654,38,32.81,5,105.599,15,126.245,18,
Djibouti,1999,541.066,76,169.402,24,710.468,470.727,87,389.568,72,70.339,13,0,0,70.339,13,108.417,64,20.328,12,60.985,36,8.47,5,52.515,31,579.145,82,409.896,58,131.323,18,8.47,1,122.853,17,,373.336,69,167.73,31,27.053,5,102.803,19,37.875,7,54.209,32,115.193,68,6.776,4,20.328,12,88.089,52,427.544,60,282.924,40,33.829,5,123.131,17,125.964,18,
Djibouti,2000,556.486,76,175.444,24,731.93,489.708,88,406.235,73,66.778,12,0,0,66.778,12,110.53,63,19.299,11,64.914,37,8.772,5,56.142,32,600.237,82,425.534,58,131.693,18,8.772,1,122.92,17,,383.975,69,172.511,31,27.824,5,111.297,20,33.389,6,52.633,30,122.811,70,7.018,4,22.808,13,92.985,53,436.609,60,295.321,40,34.842,5,134.105,18,126.374,17,
Djibouti,2001,569.871,76,176.975,24,746.846,512.884,90,416.006,73,56.987,10,0,0,56.987,10,109.725,62,17.698,10,67.25,38,8.849,5,58.402,33,622.608,83,433.703,58,124.238,17,8.849,1,115.389,16,,387.512,68,182.359,32,28.494,5,125.372,22,28.494,5,49.553,28,127.422,72,5.309,3,26.546,15,95.567,54,437.065,59,309.781,41,33.803,5,151.918,19,124.06,17,
Djibouti,2002,581.73,76,180.61,24,762.34,529.374,91,430.48,74,52.356,9,0,0,52.356,9,110.172,61,16.255,9,70.438,39,9.031,5,61.407,34,639.546,84,446.735,59,122.794,16,9.031,1,113.763,15,,389.759,67,191.971,33,29.087,5,133.798,23,29.087,5,45.153,25,135.457,75,5.418,3,30.704,17,99.336,55,434.912,57,327.428,43,34.505,5,164.502,21,128.422,17,
Djibouti,2003,592.589,76,185.386,24,777.975,545.182,92,444.442,75,47.407,8,0,0,47.407,8,109.378,59,12.977,7,76.008,41,9.269,5,66.739,36,654.56,84,457.419,59,123.415,16,9.269,1,114.146,15,,391.109,66,201.48,34,29.629,5,148.147,25,23.704,4,42.639,23,142.747,77,5.562,3,33.369,18,103.816,56,433.748,56,344.227,44,35.191,5,181.517,23,127.52,16,
Djibouti,2004,603.241,76,190.086,24,793.327,567.047,94,458.463,76,36.194,6,0,0,36.194,6,110.25,58,11.405,6,79.836,42,9.504,5,70.332,37,677.296,85,469.868,59,116.031,15,9.504,1,106.526,14,,398.139,66,205.102,34,30.162,5,156.843,26,18.097,3,38.017,20,152.069,80,5.703,3,38.017,20,108.349,57,436.156,55,357.171,45,35.865,5,194.86,24,126.446,16,
Djibouti,2005,614.407,76,193.96,24,808.367,583.687,95,473.093,77,30.72,5,0,0,30.72,5,110.557,57,9.698,5,83.403,43,9.698,5,73.705,38,694.244,86,482.791,60,114.123,14,9.698,1,104.425,13,,399.365,65,215.042,35,30.72,5,172.034,28,12.288,2,34.913,18,159.047,82,3.879,2,42.671,22,112.497,58,434.277,54,374.09,46,34.6,4,214.705,27,124.785,15,
Djibouti,2006,626.204,76,198.588,24,824.792,607.418,97,488.439,78,18.786,3,0,0,18.786,3,111.209,56,7.944,4,87.379,44,9.929,5,77.449,39,718.627,87,496.383,60,106.165,13,9.929,1,96.235,12,,400.771,64,225.433,36,31.31,5,181.599,29,12.524,2,29.788,15,168.8,85,3.972,2,47.661,24,117.167,59,430.559,52,394.233,48,35.282,4,229.26,28,129.691,16,
Djibouti,2007,638.463,76,202.286,24,840.749,625.694,98,504.386,79,12.769,2,0,0,12.769,2,111.257,55,6.069,3,91.029,45,10.114,5,80.914,40,736.951,88,510.454,61,103.798,12,10.114,1,93.684,11,,408.616,64,229.847,36,31.923,5,191.539,30,6.385,1,26.297,13,175.989,87,4.046,2,50.572,25,121.372,60,434.914,52,405.835,48,35.969,4,242.11,29,127.756,15,
Djibouti,2008,651.165,76,205.34,24,856.505,644.653,99,514.42,79,6.512,1,0,0,6.512,1,110.884,54,2.053,1,94.456,46,10.267,5,84.189,41,755.537,88,516.474,60,100.968,12,10.267,1,90.701,11,,410.234,63,240.931,37,32.558,5,208.373,32,0,0,20.534,10,184.806,90,2.053,1,57.495,28,125.257,61,430.768,50,425.737,50,34.612,4,265.868,31,125.257,15,
Djibouti,2009,664.201,76,208.236,24,872.437,657.559,99,524.719,79,6.642,1,0,0,6.642,1,112.447,54,2.082,1,95.789,46,10.412,5,85.377,41,770.006,88,526.801,60,102.431,12,10.412,1,92.019,11,,418.447,63,245.754,37,33.21,5,212.544,32,0,0,20.824,10,187.412,90,2.082,1,58.306,28,127.024,61,439.27,50,433.167,50,35.292,4,270.85,31,127.024,15,
Djibouti,2010,677.504,76,211.212,24,888.716,670.729,99,535.228,79,6.775,1,0,0,6.775,1,114.054,54,2.112,1,97.158,46,10.561,5,86.597,41,784.783,88,537.34,60,103.933,12,10.561,1,93.372,11,,426.828,63,250.676,37,33.875,5,216.801,32,0,0,21.121,10,190.091,90,2.112,1,59.139,28,128.839,61,447.949,50,440.767,50,35.987,4,275.941,32,128.839,14,
Egypt,1990,24714.319,43,32128.956,57,56843.275,23725.746,96,22242.887,90,988.573,4,0,0,988.573,4,28916.06,90,12530.293,39,3212.896,10,963.869,3,2249.027,7,52641.807,93,34773.18,61,4201.468,7,963.869,2,3237.6,6,27,22490.03,91,2224.289,9,741.43,3,1235.716,5,247.143,1,18313.505,57,13815.451,43,1285.158,4,7068.37,22,5461.923,17,40803.535,72,16039.74,28,2026.588,4,8304.086,14,5709.066,10,35
Egypt,1991,25119.462,43,32881.378,57,58000.84,24365.878,97,22607.516,90,753.584,3,0,0,753.584,3,29922.054,91,13481.365,41,2959.324,9,986.441,3,1972.883,6,54287.932,94,36088.881,62,3712.908,6,986.441,2,2726.467,5,,23109.905,92,2009.557,8,753.584,3,1004.778,4,251.195,1,19400.013,59,13481.365,41,1315.255,4,6905.089,21,5261.02,16,42509.918,73,15490.922,27,2068.839,4,7909.868,13,5512.215,10,
Egypt,1992,25496.969,43,33554.393,57,59051.362,24732.06,97,23202.242,91,764.909,3,0,0,764.909,3,30534.498,91,14763.933,44,3019.895,9,1006.632,3,2013.264,6,55266.558,94,37966.175,64,3784.804,6,1006.632,2,2778.173,5,,23457.211,92,2039.758,8,764.909,3,1019.879,4,254.97,1,20468.18,61,13086.213,39,1342.176,4,6710.879,20,5033.159,15,43925.391,74,15125.971,26,2107.085,4,7730.757,13,5288.129,9,
Egypt,1993,25856.198,43,34180.303,57,60036.501,25080.512,97,23529.14,91,775.686,3,0,0,775.686,3,31445.879,92,16064.742,47,2734.424,8,683.606,2,2050.818,6,56526.391,94,39593.883,66,3510.11,6,683.606,1,2826.504,5,,23787.702,92,2068.496,8,775.686,3,1034.248,4,258.562,1,21533.591,63,12646.712,37,1367.212,4,6494.258,19,4785.242,14,45321.293,75,14715.208,25,2142.898,4,7528.505,13,5043.804,8,
Egypt,1994,26210.838,43,34816.12,57,61026.958,25424.513,97,24113.971,92,786.325,3,0,0,786.325,3,32030.83,92,17408.06,50,2785.29,8,696.322,2,2088.967,6,57455.343,94,41522.031,68,3571.615,6,696.322,1,2875.292,5,,24376.079,93,1834.759,7,786.325,3,786.325,3,262.108,1,22630.478,65,12185.642,35,1740.806,5,5918.74,17,4526.096,13,47006.557,77,14020.401,23,2527.131,4,6705.066,11,4788.204,8,
Egypt,1995,26572,43,35491.81,57,62063.81,25774.84,97,24446.24,92,797.16,3,0,0,797.16,3,32652.465,92,18455.741,52,2839.345,8,709.836,2,2129.509,6,58427.305,94,42901.981,69,3636.505,6,709.836,1,2926.669,5,,24711.96,93,1860.04,7,797.16,3,797.16,3,265.72,1,24134.431,68,11357.379,32,1774.591,5,5323.772,15,4259.017,12,48846.391,79,13217.419,21,2571.751,4,6120.932,10,4524.737,7,
Egypt,1996,26940.46,43,36133.615,57,63074.075,26401.651,98,25054.628,93,538.809,2,0,0,538.809,2,33604.262,93,19873.488,55,2529.353,7,722.672,2,1806.681,5,60005.913,95,44928.116,71,3068.162,5,722.672,1,2345.49,4,,25324.032,94,1616.428,6,808.214,3,538.809,2,269.405,1,25293.531,70,10840.084,30,1806.681,5,5058.706,14,3974.698,11,50617.563,80,12456.512,20,2614.895,4,5597.515,9,4244.102,7,
Egypt,1997,27386.26,43,36802.428,57,64188.688,26838.535,98,25469.222,93,547.725,2,0,0,547.725,2,34226.258,93,21345.408,58,2576.17,7,736.049,2,1840.121,5,61064.793,95,46814.63,73,3123.895,5,736.049,1,2387.847,4,,25743.084,94,1643.176,6,821.588,3,547.725,2,273.863,1,26497.748,72,10304.68,28,1840.121,5,4784.316,13,3680.243,10,52240.833,81,11947.855,19,2661.709,4,5332.041,9,3954.105,6,
Egypt,1998,27889.641,43,37472.982,57,65362.623,27331.848,98,26216.263,94,557.793,2,0,0,557.793,2,35224.603,94,22483.789,60,2248.379,6,374.73,1,1873.649,5,62556.451,96,48700.052,75,2806.172,4,374.73,1,2431.442,3,,26216.263,94,1673.378,6,836.689,3,557.793,2,278.896,1,27730.007,74,9742.975,26,1873.649,5,4496.758,12,3372.568,9,53946.269,83,11416.354,17,2710.338,4,5054.551,7,3651.465,6,
Egypt,1999,28410.426,43,38114.715,57,66525.141,27842.217,98,26989.905,95,568.209,2,0,0,568.209,2,35827.832,94,24012.27,63,2286.883,6,381.147,1,1905.736,5,63670.05,96,51002.175,77,2855.091,4,381.147,1,2473.944,3,,26989.905,95,1420.521,5,852.313,3,284.104,1,284.104,1,28967.183,76,9147.532,24,1905.736,5,4192.619,11,3049.177,8,55957.088,84,10568.053,16,2758.049,4,4476.723,7,3333.281,5,
Egypt,2000,28951.494,43,38696.925,57,67648.419,28372.464,98,27503.919,95,579.03,2,0,0,579.03,2,36762.079,95,25539.971,66,1934.846,5,386.969,1,1547.877,4,65134.543,96,53043.89,78,2513.876,4,386.969,1,2126.907,3,,27503.919,95,1447.575,5,868.545,3,289.515,1,289.515,1,30570.571,79,8126.354,21,1934.846,5,3482.723,9,2708.785,7,58074.49,86,9573.929,14,2803.391,4,3772.238,6,2998.3,4,
Egypt,2001,29513.7,43,39497.453,57,69011.153,28923.426,98,28333.152,96,590.274,2,0,0,590.274,2,37522.58,95,27253.243,69,1974.873,5,394.975,1,1579.898,4,66446.006,96,55586.395,81,2565.147,4,394.975,1,2170.172,2,,28038.015,95,1475.685,5,885.411,3,590.274,2,0,0,31992.937,81,7504.516,19,2369.847,6,3159.796,8,1974.873,5,60030.952,87,8980.201,13,3255.258,5,3750.07,5,1974.873,3,
Egypt,2002,30097.198,43,40213.196,57,70310.394,29796.226,99,28893.31,96,300.972,1,0,0,300.972,1,38202.536,95,28551.369,71,2010.66,5,402.132,1,1608.528,4,67998.762,97,57444.679,82,2311.632,3,402.132,1,1909.5,2,,28893.31,96,1203.888,4,902.916,3,300.972,1,0,0,33376.953,83,6836.243,17,2412.792,6,2814.924,7,1608.528,4,62270.263,89,8040.131,11,3315.708,5,3115.896,4,1608.528,2,
Egypt,2003,30697.852,43,40880.79,57,71578.642,30390.873,99,29776.916,97,306.979,1,0,0,306.979,1,39245.558,96,30251.785,74,1635.232,4,0,0,1635.232,4,69636.432,97,60028.701,84,1942.21,3,0,0,1942.21,3,,29469.938,96,1227.914,4,920.936,3,306.979,1,0,0,34748.672,85,6132.118,15,2452.847,6,2452.847,6,1226.424,3,64218.609,90,7360.033,10,3373.783,5,2759.826,3,1226.424,2,
Egypt,2004,31309.509,43,41559.338,57,72868.847,30996.414,99,30370.224,97,313.095,1,0,0,313.095,1,39896.964,96,32000.69,77,1662.374,4,0,0,1662.374,4,70893.378,97,62370.914,86,1975.469,3,0,0,1975.469,2,,30057.129,96,1252.38,4,939.285,3,313.095,1,0,0,36156.624,87,5402.714,13,2493.56,6,2077.967,5,831.187,2,66213.753,91,6655.094,9,3432.846,5,2391.062,3,831.187,1,
Egypt,2005,31927.417,43,42275.798,57,74203.215,31608.143,99,31288.869,98,319.274,1,0,0,319.274,1,41007.524,97,33820.638,80,1268.274,3,0,0,1268.274,3,72615.667,98,65109.507,88,1587.548,2,0,0,1587.548,2,,30969.594,97,957.823,3,957.823,3,0,0,0,0,38048.218,90,4227.58,10,2536.548,6,1268.274,3,422.758,1,69017.813,93,5185.402,7,3494.37,5,1268.274,1,422.758,1,
Egypt,2006,32549.6,43,42994.444,57,75544.044,32224.104,99,31898.608,98,325.496,1,0,0,325.496,1,41704.611,97,35255.444,82,1289.833,3,0,0,1289.833,3,73928.715,98,67154.052,89,1615.329,2,0,0,1615.329,2,,31573.112,97,976.488,3,976.488,3,0,0,0,0,39554.888,92,3439.556,8,2579.667,6,859.889,2,0,0,71128,94,4416.044,6,3556.155,5,859.889,1,0,0,
Egypt,2007,33176.436,43,43737.138,57,76913.574,32844.672,99,32844.672,99,331.764,1,0,0,331.764,1,42862.395,98,37176.567,85,874.743,2,0,0,874.743,2,75707.067,98,70021.239,91,1206.507,2,0,0,1206.507,2,,32181.143,97,995.293,3,995.293,3,0,0,0,0,40675.538,93,3061.6,7,3061.6,7,0,0,0,0,72856.681,95,4056.893,5,4056.893,5,0,0,0,0,
Egypt,2008,33827.832,43,44482.439,57,78310.271,33827.832,100,33489.554,99,0,0,0,0,0,0,43592.79,98,39144.546,88,889.649,2,0,0,889.649,2,77420.622,99,72634.1,93,889.649,1,0,0,889.649,1,,32812.997,97,1014.835,3,1014.835,3,0,0,0,0,41368.668,93,3113.771,7,3113.771,7,0,0,0,0,74181.665,95,4128.606,5,4128.606,5,0,0,0,0,
Egypt,2009,34504.361,43,45211.531,57,79715.892,34504.361,100,34504.361,100,0,0,0,0,0,0,44307.3,98,40690.378,90,904.231,2,0,0,904.231,2,78811.661,99,75194.739,94,904.231,1,0,0,904.231,1,,33469.23,97,1035.131,3,1035.131,3,0,0,0,0,42046.724,93,3164.807,7,3164.807,7,0,0,0,0,75515.954,95,4199.938,5,4199.938,5,0,0,0,0,
Egypt,2010,35208.17,43,45912.907,57,81121.077,35208.17,100,35208.17,100,0,0,0,0,0,0,45453.778,99,42699.004,93,459.129,1,0,0,459.129,1,80661.948,99,77907.174,96,459.129,1,0,0,459.129,1,,34151.925,97,1056.245,3,1056.245,3,0,0,0,0,42699.004,93,3213.903,7,3213.903,7,0,0,0,0,76850.928,95,4270.149,5,4270.149,5,0,0,0,0,
Equatorial Guinea,1990,129.907,35,243.98,65,373.887,,,,,,,,,,,,,2.44,1,,,,,,,,,,,,,,,,,,,,,,,,,,,,,,,,,,,,,,,,,,,,,,,,
Equatorial Guinea,1991,138.179,36,249.701,64,387.88,,,,,,,,,,,,,2.497,1,,,,,,,,,,,,,,,,,,,,,,,,,,,,,,,,,,,,,,,,,,,,,,,,
Equatorial Guinea,1992,147.006,37,254.436,63,401.442,,,,,,,,,,,,,2.544,1,,,,,,,,,,,,,,,,,,,,,,,,,,,,,,,,,,,,,,,,,,,,,,,,
Equatorial Guinea,1993,156.357,38,258.528,62,414.885,,,,,,,,,,,,,2.585,1,,,,,,,,,,,,,,,,,,,,,,,,,,,,,,,,,,,,,,,,,,,,,,,,
Equatorial Guinea,1994,166.199,39,262.333,61,428.532,109.691,66,16.62,10,56.508,34,13.296,8,43.212,26,110.18,42,2.623,1,152.153,58,139.036,53,13.117,5,219.871,51,19.243,4,208.661,49,152.332,36,56.328,13,,152.903,92,13.296,8,,,13.296,8,,,228.23,87,34.103,13,,,34.103,13,,,381.133,89,47.399,11,,,47.399,11,,,
Equatorial Guinea,1995,171.851,39,270.676,61,442.527,113.422,66,17.185,10,58.429,34,13.748,8,44.681,26,113.684,42,2.707,1,156.992,58,143.458,53,13.534,5,227.106,51,19.892,4,215.421,49,157.206,36,58.215,13,,158.103,92,13.748,8,,,13.748,8,,,235.488,87,35.188,13,,,35.188,13,,,393.591,89,48.936,11,,,48.936,11,,,
Equatorial Guinea,1996,177.573,39,279.857,61,457.43,117.198,66,17.757,10,60.375,34,14.206,8,46.169,26,117.54,42,2.799,1,162.317,58,148.324,53,13.993,5,234.738,51,20.556,4,222.692,49,162.53,36,60.162,13,,163.367,92,14.206,8,,,14.206,8,,,243.476,87,36.381,13,,,36.381,13,,,406.843,89,50.587,11,,,50.587,11,,,
Equatorial Guinea,1997,183.433,39,289.561,61,472.994,121.066,66,18.343,10,62.367,34,14.675,8,47.693,26,121.616,42,2.896,1,167.945,58,153.467,53,14.478,5,242.681,51,21.239,4,230.313,49,168.142,36,62.171,13,,168.758,92,14.675,8,,,14.675,8,,,251.918,87,37.643,13,,,37.643,13,,,420.676,89,52.318,11,,,52.318,11,,,
Equatorial Guinea,1998,189.442,39,299.452,61,488.894,125.032,66,18.944,10,64.41,34,15.155,8,49.255,26,125.77,42,2.995,1,173.682,58,158.71,53,14.973,5,250.802,51,21.939,4,238.092,49,173.865,36,64.228,13,,174.287,92,15.155,8,,,15.155,8,,,260.523,87,38.929,13,,,38.929,13,,,434.81,89,54.084,11,,,54.084,11,,,
Equatorial Guinea,1999,195.608,39,309.121,61,504.729,129.101,66,19.561,10,66.507,34,15.649,8,50.858,26,129.831,42,3.091,1,179.29,58,163.834,53,15.456,5,258.932,51,22.652,4,245.797,49,179.483,36,66.314,13,,179.959,92,15.649,8,,,15.649,8,,,268.935,87,40.186,13,,,40.186,13,,,448.895,89,55.834,11,,,55.834,11,,,
Equatorial Guinea,2000,201.939,39,318.441,61,520.38,133.28,66,20.194,10,68.659,34,16.155,8,52.504,26,133.745,42,3.184,1,184.696,58,168.774,53,15.922,5,267.025,51,23.378,4,253.355,49,184.929,36,68.426,13,,185.784,92,16.155,8,,,16.155,8,,,277.044,87,41.397,13,,,41.397,13,,,462.828,89,57.552,11,,,57.552,11,,,
Equatorial Guinea,2001,208.432,39,329.441,61,537.873,137.565,66,20.843,10,70.867,34,16.675,8,54.192,26,138.365,42,3.294,1,191.076,58,174.604,53,16.472,5,275.93,51,24.138,4,261.943,49,191.278,36,70.664,13,,191.757,92,16.675,8,,,16.675,8,,,286.614,87,42.827,13,,,42.827,13,,,478.371,89,59.502,11,,,59.502,11,,,
Equatorial Guinea,2002,215.085,39,340.122,61,555.207,141.956,66,21.509,10,73.129,34,17.207,8,55.922,26,142.851,42,3.401,1,197.271,58,180.265,53,17.006,5,284.807,51,24.91,4,270.4,49,197.471,36,72.928,13,,197.878,92,17.207,8,,,17.207,8,,,295.906,87,44.216,13,,,44.216,13,,,493.784,89,61.423,11,,,61.423,11,,,
Equatorial Guinea,2003,222.021,39,350.449,61,572.47,146.534,66,22.202,10,75.487,34,17.762,8,57.725,26,147.189,42,3.504,1,203.26,58,185.738,53,17.522,5,293.722,51,25.707,4,278.748,49,203.5,36,75.248,13,,204.259,92,17.762,8,,,17.762,8,,,304.891,87,45.558,13,,,45.558,13,,,509.15,89,63.32,11,,,63.32,11,,,
Equatorial Guinea,2004,229.206,39,360.715,61,589.921,151.276,66,22.921,10,77.93,34,18.336,8,59.594,26,151.5,42,3.607,1,209.215,58,191.179,53,18.036,5,302.776,51,26.528,4,287.145,49,209.515,36,77.629,13,,210.87,92,18.336,8,,,18.336,8,,,313.822,87,46.893,13,,,46.893,13,,,524.692,89,65.229,11,,,65.229,11,,,
Equatorial Guinea,2005,236.623,39,371.116,61,607.739,156.171,66,23.662,10,80.452,34,18.93,8,61.522,26,155.869,42,3.711,1,215.247,58,196.691,53,18.556,5,312.04,51,27.373,5,295.699,49,215.621,35,80.078,13,,217.693,92,18.93,8,,,18.93,8,,,322.871,87,48.245,13,,,48.245,13,,,540.564,89,67.175,11,,,67.175,11,,,
Equatorial Guinea,2006,244.272,39,381.458,61,625.73,161.22,66,24.427,10,83.052,34,19.542,8,63.511,26,160.212,42,3.815,1,221.246,58,202.173,53,19.073,5,321.432,51,28.242,5,304.298,49,221.715,35,82.584,13,,224.73,92,19.542,8,,,19.542,8,,,331.868,87,49.59,13,,,49.59,13,,,556.599,89,69.131,11,,,69.131,11,,,
Equatorial Guinea,2007,252.178,39,391.844,61,644.022,,,,,,,,,,,,,3.918,1,,,,,,,,,,,,,,,,,,,,,,,,,,,,,,,,,,,,,,,,,,,,,,,,
Equatorial Guinea,2008,260.394,39,402.224,61,662.618,,,,,,,,,,,,,4.022,1,,,,,,,,,,,,,,,,,,,,,,,,,,,,,,,,,,,,,,,,,,,,,,,,
Equatorial Guinea,2009,269.006,39,412.414,61,681.42,,,,,,,,,,,,,4.124,1,,,,,,,,,,,,,,,,,,,,,,,,,,,,,,,,,,,,,,,,,,,,,,,,
Equatorial Guinea,2010,278.073,40,422.328,60,700.401,,,,,,,,,,,,,4.223,1,,,,,,,,,,,,,,,,,,,,,,,,,,,,,,,,,,,,,,,,,,,,,,,,
Eritrea,1990,499.011,16,2659.284,84,3158.295,309.387,62,199.604,40,189.624,38,4.99,1,184.634,37,1037.121,39,0,0,1622.163,61,718.007,27,904.157,34,1346.508,43,199.604,6,1811.787,57,722.997,23,1088.791,35,,289.426,58,209.585,42,,,49.901,10,159.684,32,0,0,2659.284,100,,,0,0,2659.284,100,289.426,9,2868.869,91,,,49.901,2,2818.968,89,
Eritrea,1991,506.642,16,2675.511,84,3182.153,314.118,62,202.657,40,192.524,38,5.066,1,187.458,37,1043.449,39,0,0,1632.062,61,722.388,27,909.674,34,1357.567,43,202.657,6,1824.586,57,727.454,23,1097.131,35,,293.852,58,212.79,42,,,50.664,10,162.125,32,0,0,2675.511,100,,,0,0,2675.511,100,293.852,9,2888.301,91,,,50.664,2,2837.636,89,
Eritrea,1992,511.799,16,2682.782,84,3194.581,317.315,62,204.72,40,194.484,38,5.118,1,189.366,37,1046.285,39,0,0,1636.497,61,724.351,27,912.146,34,1363.6,43,204.72,6,1830.981,57,729.469,23,1101.512,35,,296.843,58,214.956,42,,,51.18,10,163.776,32,0,0,2682.782,100,,,0,0,2682.782,100,296.843,9,2897.738,91,,,51.18,2,2846.558,89,
Eritrea,1993,516.265,16,2683.355,84,3199.62,320.084,62,206.506,40,196.181,38,5.163,1,191.018,37,1046.508,39,0,0,1636.847,61,724.506,27,912.341,34,1366.593,43,206.506,6,1833.027,57,729.669,23,1103.359,35,,299.434,58,216.831,42,,,51.627,10,165.205,32,0,0,2683.355,100,,,0,0,2683.355,100,299.434,9,2900.186,91,,,51.627,2,2848.56,89,
Eritrea,1994,522.674,16,2681.693,84,3204.367,329.285,63,209.07,40,193.389,37,5.227,1,188.163,36,1099.494,41,0,0,1582.199,59,670.423,25,911.776,34,1428.779,45,209.07,7,1775.588,55,675.65,21,1099.938,34,,297.924,57,224.75,43,,,52.267,10,172.482,33,0,0,2681.693,100,,,26.817,1,2654.876,99,297.924,9,2906.443,91,,,79.084,2,2827.358,88,
Eritrea,1995,533.083,17,2679.42,83,3212.503,341.173,64,218.564,41,191.91,36,5.331,1,186.579,35,1125.356,42,0,0,1554.064,58,616.267,23,937.797,35,1466.53,46,218.564,7,1745.973,54,621.597,19,1124.376,35,,303.857,57,229.226,43,,,47.977,9,181.248,34,26.794,1,2652.626,99,,,0,0,2652.626,99,330.652,10,2881.851,90,,,47.977,1,2833.874,88,
Eritrea,1996,548.121,17,2749.848,83,3297.969,356.279,65,224.73,41,191.842,35,0,0,191.842,35,1209.933,44,0,0,1539.915,56,577.468,21,962.447,35,1566.212,47,224.73,7,1731.757,53,577.468,18,1154.289,34,,306.948,56,241.173,44,,,49.331,9,191.842,35,27.498,1,2722.35,99,,,0,0,2722.35,99,334.446,10,2963.523,90,,,49.331,1,2914.192,88,
Eritrea,1997,567.577,17,2817.006,83,3384.583,374.601,66,232.707,41,192.976,34,0,0,192.976,34,1267.653,45,0,0,1549.353,55,535.231,19,1014.122,36,1642.254,49,232.707,7,1742.329,51,535.231,16,1207.098,35,,317.843,56,249.734,44,,,51.082,9,198.652,35,28.17,1,2788.836,99,,,28.17,1,2760.666,98,346.013,10,3038.57,90,,,79.252,2,2959.318,87,
Eritrea,1998,591.513,17,2882.734,83,3474.247,396.314,67,242.52,41,195.199,33,0,0,195.199,33,1354.885,47,0,0,1527.849,53,490.065,17,1037.784,36,1751.199,50,242.52,7,1723.048,50,490.065,14,1232.984,36,,325.332,55,266.181,45,,,53.236,9,212.945,36,57.655,2,2825.079,98,,,0,0,2825.079,98,382.987,11,3091.26,89,,,53.236,2,3038.024,87,
Eritrea,1999,619.763,17,2948.321,83,3568.084,427.636,69,254.103,41,192.127,31,0,0,192.127,31,1444.677,49,0,0,1503.644,51,442.248,15,1061.396,36,1872.314,52,254.103,7,1695.77,48,442.248,12,1253.522,36,,340.87,55,278.893,45,,,49.581,8,229.312,37,58.966,2,2889.355,98,,,0,0,2889.355,98,399.836,11,3168.248,89,,,49.581,1,3118.667,87,
Eritrea,2000,652.058,18,3015.518,82,3667.576,456.441,70,273.864,42,195.617,30,0,0,195.617,30,1507.759,50,0,0,1507.759,50,392.017,13,1115.742,37,1964.2,54,273.864,7,1703.376,46,392.017,11,1311.359,36,,352.111,54,299.947,46,,,52.165,8,247.782,38,60.31,2,2955.208,98,,,30.155,1,2925.052,97,412.422,11,3255.154,89,,,82.32,2,3172.835,87,
Eritrea,2001,688.799,18,3127.389,82,3816.188,489.047,71,289.296,42,199.752,29,0,0,199.752,29,1626.242,52,0,0,1501.147,48,344.013,11,1157.134,37,2115.29,55,289.296,8,1700.898,45,344.013,9,1356.886,35,,365.063,53,323.736,47,,,55.104,8,268.632,39,93.822,3,3033.567,97,,,0,0,3033.567,97,458.885,12,3357.303,88,,,55.104,1,3302.199,87,
Eritrea,2002,730.218,18,3244.693,82,3974.911,525.757,72,306.692,42,204.461,28,0,0,204.461,28,1752.134,54,0,0,1492.559,46,292.022,9,1200.536,37,2277.891,57,306.692,8,1697.02,43,292.022,7,1404.997,35,,387.016,53,343.202,47,,,58.417,8,284.785,39,97.341,3,3147.352,97,,,32.447,1,3114.905,96,484.356,12,3490.555,88,,,90.864,2,3399.69,86,
Eritrea,2003,775.25,19,3366.299,81,4141.549,565.933,73,325.605,42,209.317,27,0,0,209.318,27,1851.464,55,0,0,1514.835,45,201.978,6,1312.857,39,2417.397,58,325.605,8,1724.152,42,201.978,5,1522.174,36,,403.13,52,372.12,48,,,62.02,8,310.1,40,100.989,3,3265.31,97,,,33.663,1,3231.647,96,504.119,12,3637.43,88,,,95.683,2,3541.747,86,
Eritrea,2004,822.515,19,3490.107,81,4312.622,608.661,74,345.456,42,213.854,26,0,0,213.854,26,1989.361,57,0,0,1500.746,43,139.604,4,1361.142,39,2598.022,60,345.456,8,1714.6,40,139.604,3,1574.996,37,,427.708,52,394.807,48,,,57.576,7,337.231,41,139.604,4,3350.503,96,,,0,0,3350.503,96,567.312,13,3745.31,87,,,57.576,1,3687.734,86,
Eritrea,2005,870.942,19,3615.213,81,4486.155,644.497,74,365.796,42,226.445,26,0,0,226.445,26,2060.671,57,0,0,1554.542,43,144.609,4,1409.933,39,2705.168,60,365.796,8,1780.987,40,144.609,3,1636.378,37,,452.89,52,418.052,48,,,60.966,7,357.086,41,144.609,4,3470.604,96,,,0,0,3470.604,96,597.498,13,3888.657,87,,,60.966,1,3827.691,85,
Eritrea,2006,919.922,20,3717.582,80,4637.504,680.742,74,386.367,42,239.18,26,0,0,239.18,26,2119.022,57,0,0,1598.56,43,148.703,4,1449.857,39,2799.764,60,386.367,8,1837.74,40,148.703,3,1689.037,37,,478.359,52,441.563,48,,,64.395,7,377.168,41,148.703,4,3568.879,96,,,0,0,3568.879,96,627.063,14,4010.441,86,,,64.395,1,3946.047,85,
Eritrea,2007,969.789,20,3818.336,80,4788.125,717.644,74,407.311,42,252.145,26,0,0,252.145,26,2176.452,57,0,0,1641.884,43,152.733,4,1489.151,39,2894.095,60,407.311,9,1894.03,40,152.733,3,1741.296,36,,504.29,52,465.499,48,,,67.885,7,397.613,41,152.733,4,3665.603,96,,,0,0,3665.603,96,657.024,14,4131.101,86,,,67.885,1,4063.216,85,
Eritrea,2008,1021.267,21,3918.455,79,4939.722,755.738,74,428.932,42,265.529,26,0,0,265.529,26,2233.519,57,0,0,1684.936,43,156.738,4,1528.197,39,2989.257,61,428.932,9,1950.465,39,156.738,3,1793.727,36,,531.059,52,490.208,48,,,71.489,7,418.719,41,156.738,4,3761.717,96,,,0,0,3761.717,96,687.797,14,4251.925,86,,,71.489,1,4180.436,85,
Eritrea,2009,1075.525,21,4019.182,79,5094.707,,,,,,,,,,,,,0,0,,,,,,,,,,,,,,,,,,,,,,,,,,,,160.767,4,3858.415,96,,,3858.415,96,,,,,,,,,,,,,
Eritrea,2010,1133.586,22,4120.09,78,5253.676,,,,,,,,,,,,,0,0,,,,,,,,,,,,,,,,,,,,,,,,,,,,164.804,4,3955.286,96,,,3955.286,96,,,,,,,,,,,,,
Ethiopia,1990,6100.141,13,42233.12,87,48333.261,4819.111,79,549.013,9,1281.03,21,610.014,10,671.016,11,2111.656,5,0,0,40121.464,95,23650.547,56,16470.917,39,6930.767,14,549.013,1,41402.494,86,24260.561,50,17141.932,36,31,1220.028,20,4880.113,80,1647.038,27,671.016,11,2562.059,42,422.331,1,41810.789,99,0,0,0,0,41811,99,1642.359,3,46690.902,97,1647.038,3,671.016,1,44795.179,93,18
Ethiopia,1991,6433.351,13,43600.572,87,50033.923,5082.347,79,579.002,9,1351.004,21,643.335,10,707.669,11,2180.029,5,0,0,41420.543,95,24416.32,56,17004.223,39,7262.376,15,579.002,1,42771.547,85,25059.655,50,17711.892,36,,1286.67,20,5146.681,80,1737.005,27,707.669,11,2702.007,42,436.006,1,43164.566,99,0,0,0,0,43600.572,99,1722.676,3,48311.247,97,1737.005,3,707.669,1,46302.579,93,
Ethiopia,1992,6784.945,13,44971.656,87,51756.601,5360.107,79,610.645,9,1424.838,21,678.495,10,746.344,11,2248.583,5,0,0,42723.073,95,25184.127,56,17538.946,39,7608.689,15,610.645,1,44147.912,85,25862.622,50,18285.29,35,,1356.989,20,5427.956,80,1831.935,27,746.344,11,2849.677,42,449.717,1,44521.939,99,0,0,0,0,44971.656,99,1806.706,3,49949.895,97,1831.935,4,746.344,1,47821.333,92,
Ethiopia,1993,7153.246,13,46350.5,87,53503.746,5722.597,80,786.857,11,1430.649,20,715.325,10,715.325,10,3244.535,7,0,0,43105.965,93,25029.27,54,18076.695,39,8967.132,17,786.857,1,44536.614,83,25744.595,48,18792.02,36,,1430.649,20,5722.597,80,2002.909,28,858.39,12,2861.298,40,463.505,1,45886.995,99,0,0,0,0,46350.5,99,1894.154,4,51609.592,96,2002.909,4,858.39,0,49211.798,92,
Ethiopia,1994,7533.149,14,47735.366,86,55268.515,6101.851,81,979.309,13,1431.298,19,677.983,9,753.315,10,4296.183,9,0,0,43439.183,91,24822.39,52,18616.793,39,10398.034,19,979.309,2,44870.481,81,25500.374,46,19370.108,35,,1581.961,21,5951.188,79,2184.613,29,903.978,12,2862.597,38,477.354,1,47258.012,99,0,0,477.354,1,46780.659,98,2059.315,4,53209.2,96,2184.613,4,1381.332,2,49643.255,90,
Ethiopia,1995,7928.865,14,49113.332,86,57042.197,6501.669,82,1268.618,16,1427.196,18,713.598,9,713.598,9,4911.333,10,0,0,44201.999,90,24556.666,50,19645.333,40,11413.003,20,1268.618,2,45629.194,80,25270.264,44,20358.931,36,,1665.062,21,6263.803,79,2299.371,29,1110.041,14,2854.391,36,491.133,1,48622.199,99,0,0,982.267,2,47639.932,97,2156.195,4,54886.002,96,2299.371,4,2092.308,3,50494.323,89,
Ethiopia,1996,8287.187,14,50514.944,86,58802.131,6878.365,83,1491.694,18,1408.822,17,662.975,8,745.847,9,6061.793,12,0,0,44453.151,88,24247.173,48,20205.978,40,12940.158,22,1491.694,3,45861.973,78,24910.148,42,20951.824,36,,1823.181,22,6464.006,78,2486.156,30,1077.334,13,2900.515,35,505.149,1,50009.795,99,0,0,505.149,1,49504.645,98,2328.331,4,56473.8,96,2486.156,4,1582.484,3,52405.161,89,
Ethiopia,1997,8648.889,14,51876.007,86,60524.896,7265.067,84,1729.778,20,1383.822,16,605.422,7,778.4,9,7262.641,14,0,0,44613.366,86,23862.963,46,20750.403,40,14527.708,24,1729.778,3,45997.188,76,24468.385,40,21528.803,36,,1902.756,22,6746.133,78,2681.156,31,1210.844,14,2854.133,33,1037.52,2,50838.487,98,518.76,1,1556.28,3,48763.447,94,2940.276,5,57584.62,95,3199.916,5,2767.125,5,51617.58,85,
Ethiopia,1998,9015.255,14,53204.898,86,62220.153,7662.967,85,1983.356,22,1352.288,15,631.068,7,721.22,8,7980.735,15,0,0,45224.163,85,23942.204,45,21281.959,40,15643.701,25,1983.356,3,46576.452,75,24573.272,39,22003.18,36,,2073.509,23,6941.746,77,2794.729,31,1352.288,15,2794.729,31,1596.147,3,51608.751,97,532.049,1,2660.245,5,48416.457,91,3669.656,6,58550.497,94,3326.778,5,4012.533,7,51211.186,82,
Ethiopia,1999,9388.714,15,54513.154,85,63901.868,8074.294,86,2253.291,24,1314.42,14,563.323,6,751.097,8,9267.236,17,0,0,45245.918,83,23440.656,43,21805.262,40,17341.53,27,2253.291,4,46560.338,73,24003.979,38,22556.359,34,,2159.404,23,7229.31,77,3004.388,32,1502.194,16,2722.727,29,2725.658,5,51787.496,95,545.132,1,3270.789,6,47971.576,88,4885.062,8,59016.806,92,3549.52,6,4772.983,7,50694.303,79,
Ethiopia,2000,9771.107,15,55806.79,85,65577.897,8500.863,87,2540.488,26,1270.244,13,586.266,6,683.977,7,10603.29,19,0,0,45203.5,81,22880.784,41,22322.716,40,19104.153,29,2540.488,4,46473.744,71,23467.05,36,23006.693,35,,2345.066,24,7426.041,76,3224.465,33,1563.377,16,2638.199,27,3348.407,6,52458.383,94,1116.136,2,3906.475,7,47435.772,85,5693.473,9,59884.424,91,4340.601,7,5469.852,8,50073.97,76,
Ethiopia,2001,10162.863,15,57213.954,85,67376.817,8943.319,88,2845.602,28,1219.544,12,508.143,5,711.4,7,11442.791,20,0,0,45771.163,80,22313.442,39,23457.721,41,20386.11,30,2845.602,4,46990.707,70,22821.585,34,24169.122,36,,2439.087,24,7723.776,76,3353.745,33,1829.315,18,2540.716,25,4004.977,7,53208.977,93,1144.279,2,5149.256,9,46915.442,82,6444.064,10,60932.753,90,4498.024,7,6978.571,10,49456.158,73,
Ethiopia,2002,10563.222,15,58584.841,85,69148.063,9401.268,89,3274.599,31,1161.954,11,422.529,4,739.426,7,12888.665,22,0,0,45696.176,78,21676.391,37,24019.785,41,22289.933,32,3274.599,5,46858.13,68,22098.92,32,24759.21,36,,2640.806,25,7922.416,75,3591.495,34,1795.748,17,2535.173,24,5272.636,9,53312.205,91,1757.545,3,5272.636,9,46282.024,79,7913.441,11,61234.622,89,5349.041,8,7068.383,10,48817.198,71,
Ethiopia,2003,11005.498,16,59885.01,84,70890.508,9904.948,90,3631.814,33,1100.55,10,440.22,4,660.33,6,14372.402,24,0,0,45512.608,76,20959.754,35,24552.854,41,24277.351,34,3631.814,5,46613.157,66,21399.973,30,25213.184,36,,2751.375,25,8254.123,75,3851.924,35,1980.99,18,2421.21,22,5988.501,10,53896.509,90,1796.55,3,7186.201,12,44913.758,75,8739.876,12,62150.632,88,5648.475,8,9167.191,13,47334.967,67,
Ethiopia,2004,11459.206,16,61137.416,84,72596.622,10427.877,91,4010.722,35,1031.329,9,343.776,3,687.552,6,15284.354,25,611.374,1,45853.062,75,20175.347,33,25677.715,42,25712.231,35,4622.096,6,46884.391,65,20519.123,28,26365.267,37,,2979.394,26,8479.812,74,4125.314,36,2062.657,18,2291.841,20,6725.116,11,54412.3,89,1834.122,3,8559.238,14,44018.94,72,9704.509,13,62892.113,87,5959.437,8,10621.895,15,46310.781,64,
Ethiopia,2005,11828.748,16,62435.113,84,74263.861,10882.448,92,4376.637,37,946.3,8,354.862,3,591.437,5,16857.481,27,624.351,1,45577.632,73,19354.885,31,26222.747,42,27739.929,37,5000.988,7,46523.932,63,19709.747,27,26814.185,35,,3075.474,26,8753.274,74,4258.349,36,2365.75,20,2129.175,18,7492.214,12,54942.899,88,2497.405,4,9365.267,15,43080.228,69,10567.688,14,63696.173,86,6755.754,9,11731.017,16,45209.403,61,
Ethiopia,2006,12202.261,16,63879.947,84,76082.208,11348.103,93,4758.882,39,854.158,7,244.045,2,610.113,5,18525.185,29,638.799,1,45354.762,71,18525.185,29,26829.578,42,29873.287,39,5397.681,7,46208.921,61,18769.23,25,27439.691,36,,3294.61,27,8907.651,73,4514.837,37,2440.452,20,1952.362,16,8943.193,14,54936.754,86,2555.198,4,10220.792,16,42160.765,66,12237.803,16,63844.405,84,7070.034,9,12661.244,17,44113.127,58,
Ethiopia,2007,12580.283,16,65259.414,84,77839.697,11951.269,95,5157.916,41,629.014,5,125.803,1,503.211,4,19577.824,30,652.594,1,45681.59,70,17620.042,27,28061.548,43,31529.093,41,5810.51,7,46310.604,59,17745.845,23,28564.759,37,,3396.676,27,9183.607,73,4780.508,38,2641.859,21,1761.24,14,9788.912,15,55470.502,85,3262.971,5,11094.1,17,41113.431,63,13185.589,17,64654.108,83,8043.478,10,13735.96,18,42874.67,55,
Ethiopia,2008,12974.395,16,66578.406,84,79552.801,12455.419,96,5708.734,44,518.976,4,129.744,1,389.232,3,21305.09,32,665.784,1,45273.316,68,16644.602,25,28628.715,43,33760.509,42,6374.518,8,45792.292,58,16774.345,21,29017.946,37,,3632.831,28,9341.564,72,4930.27,38,2724.623,21,1686.671,13,10652.545,16,55925.861,84,3328.92,5,12649.897,19,39947.044,60,14285.376,18,65267.425,82,8259.19,10,15374.52,20,41633.715,52,
Ethiopia,2009,13387.048,16,67862.618,84,81249.666,12985.437,97,6158.042,46,401.611,3,0,0,401.611,3,23073.29,34,678.626,1,44789.328,66,15608.402,23,29180.926,43,36058.727,44,6836.668,8,45190.939,56,15608.402,19,29582.537,37,,3748.373,28,9638.675,72,5220.949,39,2945.151,22,1472.575,11,12215.271,18,55647.347,82,3393.131,5,14251.15,21,38003.066,56,15963.645,20,65286.021,80,8614.08,11,17196.3,20,39475.641,49,
Ethiopia,2010,13820.223,17,69129.318,83,82949.541,13405.616,97,6357.303,46,414.607,3,0,0,414.607,3,23503.968,34,691.293,1,45625.35,66,15899.743,23,29725.607,43,36909.584,44,7048.596,8,46039.957,56,15899.743,19,30140.213,37,,4007.865,29,9812.358,71,5528.089,40,3040.449,22,1243.82,9,13134.57,19,55994.748,81,4147.759,6,15208.45,22,36638.539,53,17142.435,21,65807.106,79,9675.848,12,18248.899,21,37882.359,46,
Gabon,1990,642.369,69,286.675,31,929.044,,,,,,,,,,,,,,,,,,,,,,,,,,,,,,,27,,,,,,,,,,,,,,,,,,,,,,,,,,,,,,,7
Gabon,1991,676.175,71,282.852,29,959.027,,,,,,,,,,,,,,,,,,,,,,,,,,,,,,,,,,,,,,,,,,,,,,,,,,,,,,,,,,,,,,
Gabon,1992,711.24,72,279.322,28,990.562,,,,,,,,,,,,,,,,,,,,,,,,,,,,,,,,,,,,,,,,,,,,,,,,,,,,,,,,,,,,,,
Gabon,1993,747.167,73,275.916,27,1023.083,,,,,,,,,,,,,,,,,,,,,,,,,,,,,,,,,,,,,,,,,,,,,,,,,,,,,,,,,,,,,,
Gabon,1994,783.482,74,272.08,26,1055.562,744.308,95,415.245,53,39.174,5,7.835,1,31.339,4,133.319,49,21.766,8,138.761,51,87.066,32,51.695,19,877.627,83,437.012,41,177.935,17,94.9,9,83.034,8,,297.723,38,485.759,62,321.228,41,141.027,18,23.504,3,78.903,29,193.177,71,65.299,24,111.553,41,16.325,6,376.626,36,678.936,64,386.527,37,252.58,23,39.829,4,
Gabon,1995,819.421,75,267.906,25,1087.327,778.45,95,434.293,53,40.971,5,8.194,1,32.777,4,131.274,49,21.432,8,136.632,51,85.73,32,50.902,19,909.724,84,455.726,42,177.603,16,93.924,9,83.679,7,,311.38,38,508.041,62,335.963,41,147.496,18,24.583,3,77.693,29,190.213,71,64.297,24,109.841,41,16.074,6,389.073,36,698.254,64,400.26,37,257.337,23,40.657,4,
Gabon,1996,854.775,76,264.311,24,1119.086,812.036,95,453.031,53,42.739,5,8.548,1,34.191,4,129.512,49,21.145,8,134.799,51,84.58,32,50.219,19,941.549,84,474.176,42,177.537,16,93.127,8,84.41,8,,324.815,38,529.96,62,350.458,41,153.86,18,25.643,3,76.65,29,187.661,71,63.435,24,108.368,41,15.859,6,401.465,36,717.621,64,413.892,37,262.227,23,41.502,4,
Gabon,1997,889.529,77,259.164,23,1148.693,845.053,95,471.45,53,44.476,5,8.895,1,35.581,4,126.99,49,20.733,8,132.174,51,82.932,32,49.241,19,972.043,85,492.183,43,176.65,15,91.828,8,84.822,7,,338.021,38,551.508,62,364.707,41,160.115,18,26.686,3,75.158,29,184.006,71,62.199,24,106.257,41,15.55,6,413.179,36,735.514,64,426.906,37,266.372,23,42.236,4,
Gabon,1998,923.631,78,253.465,22,1177.096,877.449,95,489.524,53,46.182,5,9.236,1,36.945,4,124.198,49,20.277,8,129.267,51,81.109,32,48.158,19,1001.647,85,509.802,43,175.449,15,90.345,8,85.104,7,,350.98,38,572.651,62,378.689,41,166.254,18,27.709,3,73.505,29,179.96,71,60.832,24,103.921,41,15.208,6,424.485,36,752.611,64,439.52,37,270.174,23,42.917,4,
Gabon,1999,957.126,79,248.626,21,1205.752,909.27,95,507.277,53,47.856,5,19.143,2,28.714,3,119.34,48,19.89,8,129.286,52,84.533,34,44.753,18,1028.61,85,527.167,44,177.142,15,103.675,9,73.466,5,,363.708,38,593.418,62,392.422,41,181.854,19,19.143,2,72.102,29,176.524,71,59.67,24,104.423,42,12.431,5,435.809,36,769.943,64,452.092,37,286.277,24,31.574,3,
Gabon,2000,990.023,80,245.251,20,1235.274,940.522,95,514.812,52,49.501,5,19.8,2,29.701,3,115.268,47,19.62,8,129.983,53,85.838,35,44.145,18,1055.79,85,534.432,43,179.484,15,105.638,9,73.846,6,,366.309,37,623.714,63,396.009,40,207.905,21,19.8,2,73.575,30,171.676,70,58.86,24,100.553,41,12.263,5,439.884,36,795.39,64,454.869,37,308.458,24,32.063,3,
Gabon,2001,1022.317,81,238.562,19,1260.879,971.201,95,531.605,52,51.116,5,20.446,2,30.67,3,109.739,46,21.471,9,128.823,54,88.268,37,40.556,17,1080.94,86,553.075,44,179.939,14,108.714,9,71.225,5,,378.257,37,644.06,63,408.927,40,214.687,21,20.446,2,71.569,30,166.993,70,57.255,24,100.196,42,9.542,4,449.826,36,811.053,64,466.182,37,314.883,25,29.989,2,
Gabon,2002,1053.965,82,234.25,18,1288.215,1001.267,95,537.522,51,52.698,5,21.079,2,31.619,3,105.413,45,21.083,9,128.837,55,89.015,38,39.823,17,1106.679,86,558.605,43,181.536,14,110.094,9,71.441,5,,379.427,36,674.538,64,411.046,39,242.412,23,21.079,2,70.275,30,163.975,70,56.22,24,98.385,42,9.37,4,449.702,35,838.513,65,467.266,36,340.797,27,30.449,2,
Gabon,2003,1085.04,82,231.332,18,1316.372,1030.788,95,553.37,51,54.252,5,32.551,3,21.701,2,104.099,45,20.82,9,127.233,55,92.533,40,34.7,15,1134.887,86,574.19,44,181.485,14,125.084,10,56.401,3,,390.614,36,694.426,64,412.315,38,260.41,24,21.701,2,69.4,30,161.932,70,55.52,24,97.159,42,9.253,4,460.014,35,856.358,65,467.835,36,357.569,27,30.954,2,
Gabon,2004,1115.648,83,228.381,17,1344.029,1059.866,95,568.98,51,55.782,5,33.469,3,22.313,2,100.488,44,20.554,9,127.893,56,93.636,41,34.257,15,1160.353,86,589.535,44,183.676,14,127.106,9,56.57,5,,390.477,35,725.171,65,423.946,38,278.912,25,22.313,2,68.514,30,159.867,70,57.095,25,95.92,42,6.851,3,458.991,34,885.038,66,481.041,36,374.832,28,29.164,2,
Gabon,2005,1145.916,84,224.813,16,1370.729,1088.62,95,572.958,50,57.296,5,34.377,3,22.918,2,96.67,43,22.481,10,128.143,57,96.67,43,31.474,14,1185.29,86,595.439,43,185.439,14,131.047,10,54.392,4,,389.611,34,756.305,66,423.989,37,320.856,28,11.459,1,67.444,30,157.369,70,56.203,25,94.421,42,6.744,3,457.055,33,913.674,67,480.192,35,415.278,31,18.204,1,
Gabon,2006,1175.849,84,222.524,16,1398.373,1117.057,95,587.925,50,58.792,5,35.275,3,23.517,2,93.46,42,22.252,10,129.064,58,97.911,44,31.153,14,1210.517,87,610.177,44,187.856,13,133.186,10,54.67,3,,399.789,34,776.06,66,435.064,37,329.238,28,11.758,1,66.757,30,155.767,70,55.631,25,95.685,43,4.45,2,466.546,33,931.827,67,490.695,35,424.923,31,16.209,1,
Gabon,2007,1205.507,85,219.535,15,1425.042,1145.232,95,590.698,49,60.275,5,48.22,4,12.055,1,90.009,41,21.954,10,129.526,59,100.986,46,28.54,13,1235.241,87,612.652,43,189.801,13,149.206,10,40.595,3,,397.817,33,807.69,67,433.983,36,361.652,30,12.055,1,65.861,30,153.674,70,54.884,25,94.4,43,4.391,2,463.678,33,961.364,67,488.866,34,456.052,32,16.446,1,
Gabon,2008,1235.113,85,216.09,15,1451.203,1173.357,95,605.205,49,61.756,5,49.405,4,12.351,1,88.597,41,21.609,10,127.493,59,99.401,46,28.092,13,1261.954,87,626.814,43,189.249,13,148.806,10,40.443,3,,407.587,33,827.526,67,444.641,36,370.534,30,12.351,1,64.827,30,151.263,70,54.023,25,92.919,43,4.322,2,472.414,33,978.789,67,498.663,34,463.453,32,16.673,1,
Gabon,2009,1264.915,86,212.919,14,1477.834,1201.669,95,619.808,49,63.246,5,50.597,4,12.649,1,87.297,41,21.292,10,125.622,59,97.943,46,27.679,13,1288.966,87,641.1,43,188.868,13,148.539,10,40.329,3,,417.422,33,847.493,67,455.369,36,379.475,30,12.649,1,63.876,30,149.043,70,53.23,25,91.555,43,4.258,2,481.298,33,996.536,67,508.599,34,471.03,32,16.908,1,
Gabon,2010,1295.12,86,210.343,14,1505.463,1230.364,95,634.609,49,64.756,5,51.805,4,12.951,1,86.241,41,21.034,10,124.102,59,96.758,46,27.345,13,1316.605,87,655.643,44,188.858,13,148.563,10,40.296,2,,427.39,33,867.73,67,466.243,36,388.536,30,12.951,1,63.103,30,147.24,70,52.586,25,90.447,43,4.207,2,490.493,33,1014.97,67,518.829,34,478.983,32,17.158,1,
Gambia,1990,370.152,38,595.999,62,966.151,318.331,86,92.538,25,51.821,14,0,0,51.821,14,399.319,67,0,0,196.68,33,0,0,196.68,33,717.65,74,92.538,10,248.501,26,0,0,248.501,25,38,,,,,,,,,,,,,,,,,,,,,,,,,,,,,,,28
Gambia,1991,394.593,40,603.072,60,997.665,343.296,87,106.54,27,51.297,13,0,0,51.297,13,410.089,68,0,0,192.983,32,0,0,192.983,32,753.385,76,106.54,11,244.28,24,0,0,244.28,24,,,,,,,,,,,,,,,,,,,,,,,,,,,,,,,,
Gambia,1992,418.875,41,610.86,59,1029.735,364.421,87,117.285,28,54.454,13,0,0,54.454,13,421.493,69,6.109,1,189.367,31,0,0,189.367,31,785.915,76,123.394,12,243.82,24,0,0,243.82,24,,272.269,65,146.606,35,96.341,23,41.888,10,8.378,2,348.19,57,262.67,43,85.52,14,116.063,19,61.086,10,620.459,60,409.276,40,181.862,18,157.951,15,69.464,7,
Gambia,1993,443.235,42,618.645,58,1061.88,385.614,87,132.971,30,57.621,13,0,0,57.621,13,433.052,70,6.186,1,185.593,30,0,0,185.594,30,818.666,77,139.157,13,243.214,23,0,0,243.214,23,,288.103,65,155.132,35,101.944,23,44.324,10,8.865,2,352.628,57,266.017,43,86.61,14,117.543,19,61.865,10,640.73,60,421.15,40,188.554,18,161.866,15,70.729,7,
Gambia,1994,468.047,43,625.929,57,1093.976,411.881,88,145.095,31,56.166,12,0,0,56.166,12,444.41,71,6.259,1,181.519,29,0,0,181.519,29,856.291,78,151.354,14,237.685,22,0,0,237.685,22,,304.231,65,163.816,35,107.651,23,46.805,10,9.361,2,356.78,57,269.149,43,87.63,14,118.927,19,62.593,10,661.01,60,432.966,40,195.281,18,165.731,15,71.954,7,
Gambia,1995,493.73,44,632.453,56,1126.183,434.482,88,162.931,33,59.248,12,0,0,59.248,12,455.366,72,12.649,2,177.087,28,0,0,177.087,28,889.849,79,175.58,16,236.334,21,0,0,236.334,21,,320.925,65,172.805,35,113.558,23,49.373,10,9.875,2,360.498,57,271.955,43,88.543,14,120.166,19,63.245,10,681.423,61,444.76,39,202.101,18,169.539,15,73.12,6,
Gambia,1996,520.358,45,640.299,55,1160.657,457.915,88,176.922,34,62.443,12,0,0,62.443,12,467.418,73,12.806,2,172.881,27,0,0,172.881,27,925.333,80,189.728,16,235.324,20,0,0,235.324,21,,338.233,65,182.125,35,119.682,23,52.036,10,10.407,2,364.97,57,275.329,43,89.642,14,121.657,19,64.03,10,703.203,61,457.454,39,209.324,18,173.693,15,74.437,6,
Gambia,1997,547.836,46,646.962,54,1194.798,487.574,89,191.743,35,60.262,11,0,0,60.262,11,478.752,74,12.939,2,168.21,26,0,0,168.21,26,966.326,81,204.682,17,228.472,19,0,0,228.472,19,,356.093,65,191.743,35,126.002,23,54.784,10,10.957,2,375.238,58,271.724,42,90.575,14,122.923,19,58.227,9,731.331,61,463.467,39,216.577,18,177.706,15,69.183,6,
Gambia,1998,576.322,47,652.431,53,1228.753,512.927,89,213.239,37,63.395,11,0,0,63.395,11,489.323,75,19.573,3,163.108,25,0,0,163.108,25,1002.25,82,232.812,19,226.503,18,0,0,226.503,18,,380.373,66,195.949,34,132.554,23,57.632,10,5.763,1,378.41,58,274.021,42,91.34,14,123.962,19,58.719,9,758.783,62,469.97,38,223.894,18,181.594,15,64.482,5,
Gambia,1999,605.957,48,656.791,52,1262.748,539.302,89,230.264,38,66.655,11,0,0,66.655,11,499.161,76,19.704,3,157.63,24,0,0,157.63,24,1038.463,82,249.967,20,224.285,18,0,0,224.285,18,,399.932,66,206.025,34,145.43,24,54.536,9,6.06,1,387.507,59,269.284,41,91.951,14,118.222,18,59.111,9,787.438,62,475.31,38,237.38,19,172.759,14,65.171,5,
Gambia,2000,636.855,49,660.229,51,1297.084,573.17,90,254.742,40,63.685,10,0,0,63.686,10,508.376,77,19.807,3,151.853,23,0,0,151.853,23,1081.546,83,274.549,21,215.538,17,0,0,215.538,17,,426.693,67,210.162,33,152.845,24,50.948,8,6.369,1,396.137,60,264.092,40,92.432,14,118.841,18,52.818,8,822.83,63,474.254,37,245.277,19,169.79,13,59.187,5,
Gambia,2001,669.159,50,669.164,50,1338.323,602.243,90,274.355,41,66.916,10,0,0,66.916,10,521.948,78,20.075,3,147.216,22,0,0,147.216,22,1124.191,84,294.43,22,214.132,16,0,0,214.132,16,,448.337,67,220.822,33,160.598,24,53.533,8,6.692,1,401.498,60,267.666,40,93.683,14,120.45,18,53.533,8,849.835,63,488.488,37,254.281,19,173.982,13,60.225,5,
Gambia,2002,702.865,51,676.352,49,1379.217,632.579,90,302.232,43,70.286,10,0,0,70.287,10,534.318,79,27.054,4,142.034,21,0,0,142.034,21,1166.897,85,329.286,24,212.32,15,0,0,212.32,15,,470.92,67,231.945,33,168.688,24,56.229,8,7.029,1,412.575,61,263.777,39,101.453,15,114.98,17,47.345,7,883.494,64,495.723,36,270.14,20,171.209,12,54.373,4,
Gambia,2003,737.818,52,682.446,48,1420.264,671.414,91,324.64,44,66.404,9,0,0,66.404,9,545.957,80,27.298,4,136.489,20,0,0,136.489,20,1217.371,86,351.938,25,202.893,14,0,0,202.893,14,,501.716,68,236.102,32,177.076,24,51.647,7,7.378,1,423.117,62,259.329,38,102.367,15,109.191,16,47.771,7,924.833,65,495.431,35,279.443,20,160.839,11,55.149,4,
Gambia,2004,773.74,53,688.005,47,1461.745,704.103,91,348.183,45,69.637,9,0,0,69.637,9,557.284,81,27.52,4,130.721,19,0,0,130.721,19,1261.387,86,375.703,26,200.358,14,0,0,200.358,13,,526.143,68,247.597,32,185.698,24,54.162,7,7.737,1,426.563,62,261.442,38,103.201,15,110.081,16,48.16,7,952.706,65,509.039,35,288.898,20,164.243,11,55.898,4,
Gambia,2005,810.407,54,693.271,46,1503.678,737.47,91,380.891,47,72.937,9,0,0,72.937,9,568.482,82,34.664,5,124.789,18,0,0,124.789,18,1305.953,87,415.555,28,197.725,13,0,0,197.725,13,,559.181,69,251.226,31,194.498,24,48.624,6,8.104,1,436.761,63,256.51,37,103.991,15,110.923,16,41.596,6,995.942,66,507.736,34,298.488,20,159.548,11,49.7,3,
Gambia,2006,847.759,55,700.543,45,1548.302,779.938,92,406.924,48,67.821,8,0,0,67.821,8,581.451,83,35.027,5,119.092,17,0,0,119.092,17,1361.389,88,441.951,29,186.913,12,0,0,186.913,12,,584.954,69,262.805,31,211.94,25,50.866,6,0,0,448.348,64,252.195,36,105.081,15,105.081,15,42.033,6,1033.301,67,515.001,33,317.021,20,155.947,10,42.033,3,
Gambia,2007,885.829,56,707.021,44,1592.85,814.963,92,442.915,50,70.866,8,0,0,70.866,8,593.898,84,35.351,5,113.123,16,0,0,113.123,16,1408.86,88,478.266,30,183.99,12,0,0,183.99,12,,611.222,69,274.607,31,221.457,25,53.15,6,0,0,452.493,64,254.528,36,106.053,15,113.123,16,35.351,5,1063.715,67,529.135,33,327.51,21,166.273,10,35.351,2,
Gambia,2008,924.662,56,712.862,44,1637.524,850.689,92,471.578,51,73.973,8,0,0,73.973,8,605.933,85,35.643,5,106.929,15,0,0,106.929,15,1456.622,89,507.221,31,180.902,11,0,0,180.902,11,,647.263,70,277.399,30,231.166,25,46.233,5,0,0,463.36,65,249.502,35,106.929,15,106.929,15,35.643,5,1110.624,68,526.9,32,338.095,21,153.162,9,35.643,2,
Gambia,2009,964.374,57,718.246,43,1682.62,887.224,92,491.831,51,77.15,8,0,0,77.15,8,610.509,85,35.912,5,107.737,15,0,0,107.737,15,1497.733,89,527.743,31,184.887,11,0,0,184.887,11,,675.062,70,289.312,30,241.094,25,48.219,5,0,0,466.86,65,251.386,35,107.737,15,107.737,15,35.912,5,1141.922,68,540.698,32,348.83,21,155.956,9,35.912,2,
Gambia,2010,1005.044,58,723.35,42,1728.394,924.64,92,512.572,51,80.404,8,0,0,80.404,8,614.848,85,36.168,5,108.502,15,0,0,108.503,15,1539.488,89,548.74,32,188.906,11,0,0,188.906,11,,703.531,70,301.513,30,251.261,25,50.252,5,0,0,470.178,65,253.172,35,108.503,15,108.503,15,36.168,5,1173.708,68,554.686,32,359.764,21,158.755,9,36.168,2,
Ghana,1990,5390.868,36,9402.547,64,14793.415,4528.329,84,2210.256,41,862.539,16,485.178,9,377.361,7,3384.917,36,188.051,2,6017.63,64,4983.35,53,1034.28,11,7913.246,53,2398.307,16,6880.169,47,5468.528,37,1411.641,10,42,646.904,12,4743.964,88,2371.982,44,1778.986,33,592.995,11,376.102,4,9026.445,96,1880.509,20,4419.197,47,2726.739,29,1023.006,7,13770.409,93,4252.491,29,6198.184,42,3319.734,22,8
Ghana,1991,5655.684,37,9571.228,63,15226.912,4750.775,84,2318.83,41,904.909,16,452.455,8,452.455,8,3637.067,38,191.425,2,5934.161,62,4881.326,51,1052.835,11,8387.841,55,2510.255,16,6839.071,45,5333.781,35,1505.29,10,,678.682,12,4977.002,88,2601.615,46,1753.262,31,622.125,11,382.849,4,9188.379,96,2009.958,21,4402.765,46,2775.656,29,1061.531,7,14165.381,93,4611.573,30,6156.027,41,3397.781,22,
Ghana,1992,5934.349,38,9730.754,62,15665.103,4984.853,84,2373.74,40,949.496,16,474.748,8,474.748,8,3892.302,40,194.615,2,5838.452,60,4768.069,49,1070.383,11,8877.155,57,2568.355,16,6787.948,43,5242.817,33,1545.131,11,,771.465,13,5162.884,87,2789.144,47,1720.961,29,652.778,11,389.23,4,9341.524,96,2140.766,22,4378.839,45,2821.919,29,1160.696,7,14504.407,93,4929.91,31,6099.801,40,3474.697,22,
Ghana,1993,6223.81,39,9884.468,61,16108.278,5290.239,85,2489.524,40,933.571,15,435.667,7,497.905,8,4250.321,43,197.689,2,5634.147,57,4645.7,47,988.447,10,9540.56,59,2687.213,17,6567.718,41,5081.367,32,1486.352,8,,809.095,13,5414.715,87,3049.667,49,1680.429,27,684.619,11,395.379,4,9489.089,96,2273.428,23,4349.166,44,2866.496,29,1204.474,7,14903.804,93,5323.095,33,6029.595,38,3551.115,22,
Ghana,1994,6520.792,39,10032.468,61,16553.26,5542.673,85,2543.109,39,978.119,15,456.455,7,521.663,8,4514.611,45,200.649,2,5517.857,55,4514.611,45,1003.247,10,10057.284,61,2743.758,17,6495.976,39,4971.066,30,1524.91,9,,847.703,13,5673.089,87,3260.396,50,1760.614,27,652.079,10,501.623,5,9530.845,95,2407.792,24,4213.637,42,2909.416,29,1349.326,8,15203.934,92,5668.188,34,5974.25,36,3561.495,22,
Ghana,1995,6822.386,40,10174.515,60,16996.901,5799.028,85,2660.731,39,1023.358,15,409.343,6,614.015,9,4782.022,47,203.49,2,5392.493,53,4375.041,43,1017.452,10,10581.05,62,2864.221,17,6415.851,38,4784.385,28,1631.466,10,,955.134,14,5867.252,86,3479.417,51,1705.597,25,682.239,10,508.726,5,9665.789,95,2543.629,25,4069.806,40,3052.355,30,1463.86,9,15533.041,91,6023.046,35,5775.403,34,3734.593,22,
Ghana,1996,7127.675,41,10306.734,59,17434.409,6129.801,86,2779.793,39,997.874,14,427.661,6,570.214,8,5050.3,49,309.202,3,5256.434,51,4122.694,40,1133.741,11,11180.1,64,3088.995,18,6254.309,36,4550.354,26,1703.955,10,,997.875,14,6129.8,86,3777.668,53,1639.365,23,712.768,10,515.337,5,9791.397,95,2782.818,27,3916.559,38,3092.02,30,1513.211,9,15921.198,91,6560.486,38,5555.924,31,3804.788,22,
Ghana,1997,7437.247,42,10426.347,58,17863.594,6396.032,86,2826.154,38,1041.215,14,371.862,5,669.352,9,5317.437,51,312.79,3,5108.91,49,3962.012,38,1146.898,11,11713.469,66,3138.944,18,6150.125,34,4333.874,24,1816.25,10,,1041.215,14,6396.032,86,4016.113,54,1636.194,22,743.725,10,521.317,5,9905.03,95,2919.377,28,3857.748,37,3127.904,30,1562.532,9,16301.062,91,6935.491,39,5493.943,30,3871.629,22,
Ghana,1998,7754.117,42,10535.285,58,18289.402,6746.082,87,2946.564,38,1008.035,13,387.706,5,620.329,8,5583.701,53,316.059,3,4951.584,47,3792.703,36,1158.881,11,12329.783,67,3262.623,18,5959.619,33,4180.408,23,1779.211,9,,1163.118,15,6590.999,85,4342.306,56,1550.823,20,697.871,9,526.764,5,10008.521,95,3055.233,29,3792.703,36,3160.586,30,1689.882,9,16599.52,91,7397.538,40,5343.526,30,3858.456,21,
Ghana,1999,8081.99,43,10639.174,57,18721.164,7031.331,87,2990.336,37,1050.659,13,404.1,5,646.559,8,5957.937,56,319.175,3,4681.237,44,3617.319,34,1063.917,10,12989.269,69,3309.512,18,5731.895,31,4021.419,21,1710.477,9,,1212.299,15,6869.691,85,4606.734,57,1535.578,19,727.379,9,638.35,6,10000.824,94,3191.752,30,3617.319,34,3191.752,30,1850.649,10,16870.515,90,7798.487,42,5152.897,27,3919.131,21,
Ghana,2000,8423.999,44,10741.491,56,19165.49,7328.879,87,3116.88,37,1095.12,13,336.96,4,758.16,9,6230.065,58,322.245,3,4511.426,42,3437.277,32,1074.149,10,13558.944,71,3439.124,18,5606.546,29,3774.237,20,1832.309,9,,1347.84,16,7076.159,84,4970.159,59,1347.84,16,758.16,9,644.489,6,10097.002,94,3329.862,31,3437.277,32,3329.862,31,1992.329,10,17173.161,90,8300.022,43,4785.117,26,4088.022,21,
Ghana,2001,8779.745,45,10853.386,55,19633.131,7726.176,88,3160.708,36,1053.569,12,351.19,4,702.38,8,6512.032,60,325.602,3,4341.354,40,3256.016,30,1085.339,10,14238.207,73,3486.31,18,5394.924,27,3607.206,18,1787.718,9,,1404.759,16,7374.986,84,5267.847,60,1316.962,15,790.177,9,651.203,6,10202.183,94,3473.084,32,3364.55,31,3364.55,31,2055.962,10,17577.169,90,8740.931,45,4681.511,24,4154.727,21,
Ghana,2002,9149.419,45,10970.18,55,20119.599,8051.489,88,3293.791,36,1097.93,12,274.483,3,823.448,9,6801.512,62,329.105,3,4168.668,38,3071.65,28,1097.018,10,14853,74,3622.896,18,5266.599,26,3346.133,17,1920.466,9,,1463.907,16,7685.512,84,5581.146,61,1372.413,15,731.954,8,658.211,6,10311.969,94,3729.861,34,3181.352,29,3400.756,31,2122.118,11,17997.481,89,9311.007,46,4553.765,22,4132.709,21,
Ghana,2003,9532.334,46,11088.026,54,20620.36,8388.454,88,3431.64,36,1143.88,12,285.97,3,857.91,9,7096.337,64,332.641,3,3991.689,36,2882.887,26,1108.803,10,15484.791,75,3764.281,18,5135.569,25,3168.857,15,1966.713,10,,1620.497,17,7911.837,83,6005.37,63,1143.88,12,762.587,8,776.162,7,10311.864,93,3880.809,35,2993.767,27,3437.288,31,2396.659,12,18223.701,88,9886.18,48,4137.647,20,4199.875,20,
Ghana,2004,9928.048,47,11199.872,53,21127.92,8835.963,89,3474.817,35,1092.085,11,198.561,2,893.524,9,7391.916,66,335.996,3,3807.956,34,2687.969,24,1119.987,10,16227.878,77,3810.813,18,4900.042,23,2886.53,14,2013.512,9,,1687.768,17,8240.28,83,6353.951,64,1092.085,11,794.244,8,783.991,7,10415.881,93,4031.954,36,2911.967,26,3471.96,31,2471.759,12,18656.161,88,10385.905,49,4004.052,19,4266.204,20,
Ghana,2005,10335.821,48,11303.985,52,21639.806,9198.881,89,3617.537,35,1136.94,11,206.716,2,930.224,9,7799.75,69,339.12,3,3504.235,31,2486.877,22,1017.359,9,16998.63,79,3956.657,18,4641.176,21,2693.593,12,1947.583,10,,1757.09,17,8578.731,83,6821.642,66,930.224,9,826.866,8,791.279,7,10512.706,93,4182.474,37,2712.956,24,3617.275,32,2548.369,12,19091.437,88,11004.116,51,3643.18,16,4444.141,21,
Ghana,2006,10755.824,48,11430.299,52,22186.123,9572.683,89,3656.98,34,1183.141,11,107.558,1,1075.582,10,8115.512,71,342.909,3,3314.787,29,2286.06,20,1028.727,9,17688.196,80,3999.889,18,4497.927,20,2393.618,11,2104.309,9,,1936.048,18,8819.776,82,7206.402,67,860.466,8,752.908,7,800.121,7,10630.178,93,4343.514,38,2628.969,23,3657.696,32,2736.169,12,19449.954,88,11549.916,52,3489.435,16,4410.603,20,
Ghana,2007,11188.357,49,11543.171,51,22731.528,10069.521,90,3804.041,34,1118.836,10,111.884,1,1006.952,9,8426.515,73,346.295,3,3116.656,27,1962.339,17,1154.317,10,18496.036,81,4150.337,18,4235.492,19,2074.223,9,2161.269,10,,2013.904,18,9174.453,82,7608.083,68,783.185,7,783.185,7,808.022,7,10735.149,93,4501.837,39,2539.498,22,3693.815,32,2821.926,12,19909.602,88,12109.919,53,3322.683,15,4477,20,
Ghana,2008,11632.786,50,11646.552,50,23279.338,10469.507,90,3838.819,33,1163.279,10,116.328,1,1046.951,9,8734.914,75,349.397,3,2911.638,25,1746.983,15,1164.655,10,19204.421,82,4188.216,18,4074.917,18,1863.311,8,2211.606,9,,2210.229,19,9422.557,81,8142.95,70,465.311,4,814.295,7,931.724,8,10714.828,92,4658.621,40,2329.31,20,3726.897,32,3141.954,13,20137.384,87,12801.571,55,2794.622,12,4541.192,20,
Ghana,2009,12088.502,51,11744.293,49,23832.795,11000.537,91,3989.206,33,1087.965,9,0,0,1087.965,9,9043.106,77,352.329,3,2701.187,23,1526.758,13,1174.429,10,20043.642,84,4341.534,18,3789.153,16,1526.758,6,2262.394,10,,2296.815,19,9791.687,81,8582.836,71,362.655,3,846.195,7,939.543,8,10804.75,92,4932.603,42,2113.973,18,3758.174,32,3236.359,14,20596.436,86,13515.439,57,2476.628,10,4604.369,19,
Ghana,2010,12554.715,51,11837.108,49,24391.823,11424.791,91,4143.056,33,1129.924,9,0,0,1129.924,9,9469.686,80,355.113,3,2367.422,20,1302.082,11,1065.34,9,20894.477,86,4498.169,18,3497.346,14,1302.082,5,2195.264,10,,2385.396,19,10169.319,81,9164.942,73,251.094,2,753.283,6,946.969,8,10890.139,92,5089.956,43,1893.937,16,3906.246,33,3332.364,14,21059.459,86,14254.898,58,2145.032,9,4659.529,19,
Guinea,1990,1614.122,28,4145.252,72,5759.374,1404.286,87,338.966,21,209.836,13,129.13,8,80.706,5,1533.743,37,0,0,2611.509,63,2238.436,54,373.073,9,2938.029,51,338.966,6,2821.345,49,2367.566,41,453.779,8,30,306.683,19,1307.439,81,371.248,23,839.343,52,96.847,6,248.715,6,3896.537,94,165.81,4,1450.838,35,2279.889,55,555.398,10,5203.976,90,537.058,9,2290.182,40,2376.736,41,9
Guinea,1991,1722.444,28,4371.607,72,6094.051,1498.526,87,361.713,21,223.918,13,120.571,7,103.347,6,1704.927,39,0,0,2666.68,61,2273.236,52,393.445,9,3203.453,53,361.713,6,2890.598,47,2393.807,39,496.791,8,,344.489,20,1377.955,80,413.387,24,861.222,50,103.347,6,306.012,7,4065.595,93,174.864,4,1530.062,35,2360.668,54,650.501,11,5443.55,89,588.251,10,2391.284,39,2464.014,40,
Guinea,1992,1849.465,29,4593.82,71,6443.285,1609.035,87,406.882,22,240.43,13,129.463,7,110.968,6,1837.528,40,0,0,2756.292,60,2296.91,50,459.382,10,3446.563,53,406.882,6,2996.722,47,2426.373,38,570.35,9,,369.893,20,1479.572,80,462.366,25,924.733,50,92.473,5,321.567,7,4272.253,93,183.753,4,1699.713,37,2388.786,52,691.46,11,5751.825,89,646.119,10,2624.446,40,2481.26,39,
Guinea,1993,1985.184,29,4823.981,71,6809.165,1727.11,87,436.74,22,258.074,13,119.111,6,138.963,7,2026.072,42,0,0,2797.909,58,2315.511,48,482.398,10,3753.182,55,436.74,6,3055.983,45,2434.622,36,621.361,9,,416.889,21,1568.295,79,516.148,26,952.888,48,99.259,5,337.679,7,4486.302,93,192.959,4,1833.113,38,2460.23,51,754.567,11,6054.598,89,709.107,10,2786.001,41,2559.49,38,
Guinea,1994,2115.566,29,5070.798,71,7186.364,1840.542,87,486.58,23,275.024,13,126.934,6,148.09,7,2180.443,43,0,0,2890.355,57,2332.567,46,557.788,11,4020.986,56,486.58,7,3165.378,44,2459.501,34,705.877,10,,465.425,22,1650.141,78,571.203,27,973.16,46,105.778,5,354.956,7,4715.842,93,202.832,4,1977.611,39,2535.399,50,820.38,11,6365.984,89,774.035,11,2950.772,41,2641.177,37,
Guinea,1995,2229.853,29,5335.382,71,7565.235,1962.271,88,512.866,23,267.582,12,111.493,5,156.09,7,2400.922,45,0,0,2934.46,55,2347.568,44,586.892,11,4363.193,58,512.866,7,3202.042,42,2459.061,33,742.982,9,,490.568,22,1739.285,78,624.359,28,1003.434,45,111.493,5,426.831,8,4908.551,92,213.415,4,2134.153,40,2560.983,48,917.398,12,6647.837,88,837.774,11,3137.587,42,2672.476,35,
Guinea,1996,2323.767,30,5409.773,70,7733.54,2044.915,88,534.466,23,278.852,12,116.188,5,162.664,7,2488.496,46,0,0,2921.277,54,2218.007,41,703.27,13,4533.411,59,534.466,7,3200.129,41,2334.195,30,865.934,11,,534.466,23,1789.301,77,650.655,28,1045.695,45,92.951,4,432.782,8,4976.991,92,270.489,5,2163.909,40,2542.593,47,967.248,13,6766.292,87,921.143,12,3209.604,41,2635.544,34,
Guinea,1997,2399.995,30,5497.552,70,7897.547,2111.996,88,575.999,24,287.999,12,96,4,192,8,2638.825,48,0,0,2858.727,52,2144.045,39,714.682,13,4750.821,60,575.999,7,3146.726,40,2240.045,28,906.681,12,,575.999,24,1823.996,76,695.999,29,1031.998,43,96,4,439.804,8,5057.748,92,274.878,5,2253.996,41,2528.874,46,1015.803,13,6881.744,87,970.876,12,3285.994,42,2624.874,33,
Guinea,1998,2464.461,31,5588.569,69,8053.03,2168.726,88,591.471,24,295.735,12,98.578,4,197.157,8,2738.399,49,0,0,2850.17,51,2067.771,37,782.4,14,4907.124,61,591.471,7,3145.906,39,2166.349,27,979.557,12,,591.471,24,1872.99,76,739.338,30,1035.074,42,98.578,4,447.086,8,5141.483,92,279.428,5,2403.085,43,2458.97,44,1038.556,13,7014.474,87,1018.767,13,3438.158,42,2557.549,32,
Guinea,1999,2525.836,31,5674.942,69,8200.778,2222.736,88,631.459,25,303.1,12,75.775,3,227.325,9,2837.471,50,0,0,2837.471,50,1986.23,35,851.241,15,5060.207,62,631.459,8,3140.571,38,2062.005,25,1078.567,13,,631.459,25,1894.377,75,783.009,31,1035.593,41,75.775,3,510.745,9,5164.197,91,283.747,5,2440.225,43,2440.225,43,1142.204,14,7058.574,86,1066.756,13,3475.818,42,2516,31,
Guinea,2000,2590.713,31,5753.773,69,8344.486,2279.827,88,647.678,25,310.886,12,77.721,3,233.164,9,2991.962,52,0,0,2761.811,48,1898.745,33,863.066,15,5271.789,63,647.678,8,3072.697,37,1976.466,24,1096.23,13,,673.585,26,1917.128,74,829.028,32,1010.378,39,77.721,3,517.84,9,5235.933,91,287.689,5,2531.66,44,2416.585,42,1191.425,14,7153.061,86,1116.717,13,3542.038,43,2494.306,30,
Guinea,2001,2660.738,31,5832.628,69,8493.366,2368.057,89,691.792,26,292.681,11,53.215,2,239.466,9,3091.293,53,0,0,2741.335,47,1808.115,31,933.22,16,5459.35,64,691.792,8,3034.016,36,1861.329,22,1172.687,14,,718.399,27,1942.339,73,878.044,33,984.473,37,79.822,3,524.937,9,5307.691,91,291.631,5,2624.683,45,2391.377,41,1243.336,15,7250.03,85,1169.675,14,3609.156,42,2471.2,29,
Guinea,2002,2734.477,32,5901.652,68,8636.129,2433.685,89,710.964,26,300.792,11,54.69,2,246.103,9,3245.909,55,0,0,2655.743,45,1711.479,29,944.264,16,5679.593,66,710.964,8,2956.536,34,1766.169,20,1190.367,14,,738.309,27,1996.168,73,929.722,34,984.412,36,82.034,3,531.149,9,5370.503,91,295.083,5,2773.776,47,2301.644,39,1269.457,15,7366.672,85,1224.805,14,3758.188,43,2383.679,28,
Guinea,2003,2812.755,32,5961.545,68,8774.3,2503.352,89,731.316,26,309.403,11,28.128,1,281.276,10,3338.465,56,0,0,2623.08,44,1609.617,27,1013.463,17,5841.817,67,731.316,8,2932.483,33,1637.745,19,1294.738,15,,787.571,28,2025.184,72,984.464,35,984.464,35,56.255,2,596.155,10,5365.39,90,298.077,5,2801.926,47,2265.387,38,1383.726,16,7390.574,84,1282.542,15,3786.39,43,2321.642,26,
Guinea,2004,2895.519,33,6013.497,67,8909.016,2577.012,89,781.79,27,318.507,11,28.955,1,289.552,10,3487.828,58,0,0,2525.669,42,1503.374,25,1022.294,17,6064.84,68,781.79,9,2844.176,32,1532.329,17,1311.846,15,,839.701,29,2055.818,71,1013.432,35,984.476,34,57.91,2,601.35,10,5412.147,90,360.81,6,2826.344,47,2224.994,37,1441.05,16,7467.966,84,1374.241,15,3810.82,43,2282.904,26,
Guinea,2005,2983.316,33,6058.132,67,9041.448,2655.151,89,805.495,27,328.165,11,0,0,328.165,11,3574.298,59,0,0,2483.834,41,1393.37,23,1090.464,18,6229.449,69,805.495,9,2811.999,31,1393.37,15,1418.629,16,,865.162,29,2118.154,71,1073.994,36,984.494,33,59.666,2,605.813,10,5452.319,90,363.488,6,2968.485,49,2120.346,35,1470.975,16,7570.473,84,1437.482,16,3952.979,44,2180.013,24,
Guinea,2006,3076.577,33,6158.212,67,9234.789,2738.154,89,861.442,28,338.423,11,0,0,338.423,11,3694.927,60,0,0,2463.285,40,1293.225,21,1170.06,19,6433.081,70,861.442,9,2801.708,30,1293.225,14,1508.484,17,,922.973,30,2153.604,70,1138.333,37,953.739,31,61.532,2,615.821,10,5542.391,90,369.493,6,3079.106,50,2093.792,34,1538.794,17,7695.995,83,1507.826,16,4032.845,44,2155.324,23,
Guinea,2007,3176.719,34,6247.049,66,9423.768,2827.28,89,889.481,28,349.439,11,0,0,349.439,11,3873.17,62,62.47,1,2373.879,38,1186.939,19,1186.939,19,6700.45,71,951.952,10,2723.318,29,1186.939,13,1536.378,16,,984.783,31,2191.936,69,1207.153,38,953.016,30,31.767,1,624.705,10,5622.344,90,374.823,6,3185.995,51,2061.526,33,1609.488,17,7814.28,83,1581.976,17,4139.011,44,2093.293,22,
Guinea,2008,3284.797,34,6325.371,66,9610.168,2956.317,90,952.591,29,328.48,10,0,0,328.48,10,3984.984,63,63.254,1,2340.387,37,1075.313,17,1265.074,20,6941.301,72,1015.845,11,2668.867,28,1075.313,11,1593.554,16,,1051.135,32,2233.662,68,1281.071,39,919.743,28,32.848,1,695.791,11,5629.58,89,379.522,6,3289.193,52,1960.865,31,1746.926,18,7863.242,82,1660.593,17,4208.936,44,1993.713,21,
Guinea,2009,3402.077,35,6393.468,65,9795.545,3061.869,90,986.602,29,340.208,10,0,0,340.208,10,4155.754,65,63.935,1,2237.714,35,895.086,14,1342.628,21,7217.624,74,1050.537,11,2577.921,26,895.086,9,1682.836,17,,1088.665,32,2313.412,68,1360.831,40,918.561,27,34.021,1,703.281,11,5690.187,89,383.608,6,3388.538,53,1918.04,30,1791.946,18,8003.599,82,1744.439,18,4307.099,44,1952.061,20,
Guinea,2010,3529.59,35,6452,65,9981.59,3176.631,90,1023.581,29,352.959,10,0,0,352.959,10,4193.8,65,64.52,1,2258.2,35,903.28,14,1354.92,21,7370.431,74,1088.101,11,2611.159,26,903.28,9,1707.879,17,,1129.469,32,2400.121,68,1411.836,40,952.989,27,35.296,1,709.72,11,5742.28,89,387.12,6,3419.56,53,1935.6,30,1839.189,18,8142.401,82,1798.956,18,4372.549,44,1970.896,20,
Guinea-Bissau,1990,286.006,28,730.689,72,1016.695,128.703,45,40.041,14,157.303,55,0,0,157.303,55,233.82,32,0,0,496.869,68,36.534,5,460.334,63,362.523,36,40.041,4,654.172,64,36.534,4,617.637,60,32,,,,,,,,,,,29.228,4,701.461,96,7.307,1,694.155,95,,,,,,,,,,,,,10
Guinea-Bissau,1991,304.704,29,731.995,71,1036.699,143.211,47,42.659,14,161.493,53,0,0,161.493,53,241.558,33,0,0,490.437,67,36.6,5,453.837,62,384.769,37,42.659,4,651.93,63,36.6,4,615.33,59,,,,,,,,,,,,29.28,4,702.715,96,7.32,1,695.395,95,,,,,,,,,,,,,
Guinea-Bissau,1992,316.445,30,742.42,70,1058.865,155.058,49,44.302,14,161.387,51,0,0,161.387,51,252.423,34,0,0,489.997,66,37.121,5,452.876,61,407.481,38,44.302,4,651.384,62,37.121,4,614.263,58,,,,,,,,,,,,29.697,4,712.723,96,7.424,1,705.299,95,,,,,,,,,,,,,
Guinea-Bissau,1993,322.739,30,759.597,70,1082.336,167.824,52,41.956,13,154.915,48,0,0,154.915,48,265.859,35,0,0,493.738,65,37.98,5,455.758,60,433.683,40,41.956,4,648.653,60,37.98,4,610.673,56,,,,,,,,,,,,30.384,4,729.213,96,7.596,1,721.617,95,,,,,,,,,,,,,
Guinea-Bissau,1994,329.114,30,775.713,70,1104.827,177.722,54,42.785,13,151.392,46,0,0,151.392,46,279.257,36,0,0,496.456,64,38.786,5,457.671,59,456.978,41,42.785,4,647.849,59,38.786,4,609.063,55,,115.19,35,213.924,65,39.494,12,157.975,48,16.456,5,31.029,4,744.684,96,7.757,1,302.528,39,434.399,56,146.218,13,958.609,87,47.251,4,460.503,42,450.855,41,
Guinea-Bissau,1995,335.524,30,789.868,70,1125.392,187.893,56,43.618,13,147.631,44,0,0,147.631,44,300.15,38,0,0,489.718,62,39.493,5,450.225,57,488.043,43,43.618,4,637.349,57,39.493,4,597.855,53,,117.433,35,218.091,65,40.263,12,161.052,48,16.776,5,31.595,4,758.273,96,7.899,1,308.049,39,442.326,56,149.028,13,976.364,87,48.162,4,469.1,42,459.102,41,
Guinea-Bissau,1996,341.973,30,809.753,70,1151.726,201.764,59,44.456,13,140.209,41,0,0,140.209,41,315.804,39,0,0,493.949,61,40.488,5,453.462,56,517.568,45,44.456,4,634.158,55,40.488,4,593.671,51,,119.691,35,222.282,65,41.037,12,164.147,48,17.099,5,32.39,4,777.363,96,8.098,1,315.804,39,453.462,56,152.081,13,999.645,87,49.134,4,479.951,42,470.56,41,
Guinea-Bissau,1997,348.458,30,826.955,70,1175.413,212.559,61,45.3,13,135.899,39,0,0,135.899,39,330.782,40,0,0,496.173,60,41.348,5,454.825,55,543.341,46,45.3,4,632.072,54,41.348,4,590.724,50,,121.96,35,226.498,65,41.815,12,167.26,48,17.423,5,33.078,4,793.877,96,8.27,1,322.512,39,463.095,56,155.039,13,1020.374,87,50.085,4,489.772,42,480.518,41,
Guinea-Bissau,1998,355.008,30,842.225,70,1197.233,223.655,63,46.151,13,131.353,37,0,0,131.353,37,345.312,41,0,0,496.913,59,33.689,4,463.224,55,568.967,48,46.151,4,628.266,52,33.689,3,594.577,49,,124.253,35,230.755,65,42.601,12,170.404,48,17.75,5,33.689,4,808.536,96,8.422,1,328.468,39,471.646,56,157.942,13,1039.291,87,51.023,4,498.872,42,489.396,41,
Guinea-Bissau,1999,361.651,30,857.069,70,1218.72,238.69,66,47.015,13,122.961,34,0,0,122.961,34,359.969,42,0,0,497.1,58,34.283,4,462.817,54,598.659,49,47.015,4,620.061,51,34.283,3,585.779,48,,130.194,36,231.457,64,47.015,13,169.976,47,14.466,4,34.283,4,822.786,96,8.571,1,342.828,40,471.388,55,164.477,13,1054.243,87,55.585,5,512.804,42,485.854,40,
Guinea-Bissau,2000,368.413,30,872.242,70,1240.655,250.521,68,47.894,13,117.892,32,0,0,117.892,32,375.064,43,0,0,497.178,57,34.89,4,462.288,53,625.585,50,47.894,4,615.07,50,34.89,3,580.18,46,,132.629,36,235.784,64,47.894,13,173.154,47,14.737,4,43.612,5,828.63,95,8.722,1,357.619,41,462.288,53,176.241,14,1064.414,86,56.616,5,530.773,43,477.025,38,
Guinea-Bissau,2001,375.295,30,891.008,70,1266.303,262.707,70,45.035,12,112.588,30,0,0,112.589,30,392.044,44,0,0,498.964,56,35.64,4,463.324,52,654.75,52,45.035,4,611.553,48,35.64,3,575.913,45,,138.859,37,236.436,63,48.788,13,172.636,46,15.012,4,44.55,5,846.458,95,8.91,1,374.223,42,463.324,52,183.41,14,1082.893,86,57.698,5,546.859,43,478.336,38,
Guinea-Bissau,2002,382.319,30,909.789,70,1292.108,279.093,73,45.878,12,103.226,27,0,0,103.226,27,409.405,45,0,0,500.384,55,36.392,4,463.992,51,688.498,53,45.878,4,603.61,47,36.392,3,567.219,43,,145.281,38,237.038,62,53.525,14,172.044,45,11.47,3,54.587,6,855.202,94,9.098,1,382.111,42,463.992,51,199.869,15,1092.239,85,62.623,5,554.155,43,475.462,37,
Guinea-Bissau,2003,389.495,30,928.416,70,1317.911,292.121,75,46.739,12,97.374,25,0,0,97.374,25,427.071,46,0,0,501.345,54,37.137,4,464.208,50,719.193,55,46.739,4,598.718,45,37.137,3,561.582,42,,151.903,39,237.592,61,54.529,14,171.378,44,11.685,3,55.705,6,872.711,94,18.568,2,389.935,42,464.208,50,207.608,16,1110.303,84,73.098,6,561.313,42,475.893,36,
Guinea-Bissau,2004,396.881,30,946.269,70,1343.15,305.598,77,47.626,12,91.283,23,0,0,91.283,23,444.746,47,0,0,501.523,53,37.851,4,463.672,49,750.345,56,47.626,4,592.805,44,37.851,3,554.954,41,,154.784,39,242.097,61,55.563,14,174.628,44,11.906,3,66.239,7,880.03,93,18.925,2,406.896,43,454.209,48,221.022,16,1122.128,84,74.489,6,581.523,43,466.116,35,
Guinea-Bissau,2005,404.865,30,962.83,70,1367.695,323.892,80,48.584,12,80.973,20,0,0,80.973,20,462.158,48,0,0,500.672,52,28.885,3,471.787,49,786.05,57,48.584,4,581.645,43,28.885,2,552.76,40,,161.946,40,242.919,60,56.681,14,178.141,44,8.097,2,67.398,7,895.432,93,19.257,2,423.645,44,452.53,47,229.344,17,1138.351,83,75.938,6,601.786,43,460.627,34,
Guinea-Bissau,2006,413.484,30,985.263,70,1398.747,339.057,82,49.618,12,74.427,18,0,0,74.427,18,482.779,49,0,0,502.484,51,29.558,3,472.926,48,821.836,59,49.618,4,576.911,41,29.558,2,547.353,39,,169.528,41,243.956,59,62.023,15,173.663,42,8.27,2,78.821,8,906.442,92,19.705,2,433.516,44,453.221,46,248.349,18,1150.398,82,81.728,6,607.179,43,461.491,33,
Guinea-Bissau,2007,422.757,30,1005.86,70,1428.617,355.116,84,50.731,12,67.641,16,0,0,67.641,16,502.93,50,0,0,502.93,50,30.176,3,472.754,47,858.046,60,50.731,4,570.571,40,30.176,2,540.395,37,,177.558,42,245.199,58,63.414,15,173.33,41,8.455,2,80.469,8,925.391,92,20.117,2,452.637,45,452.637,45,258.027,18,1170.59,82,83.531,6,625.967,44,461.092,32,
Guinea-Bissau,2008,432.696,30,1024.975,70,1457.671,376.446,87,51.924,12,56.25,13,4.327,1,51.924,12,522.737,51,0,0,502.238,49,30.749,3,471.489,46,899.183,62,51.924,4,558.488,38,35.076,2,523.412,36,,181.732,42,250.964,58,64.904,15,177.405,41,8.654,2,92.248,9,932.727,91,20.5,2,471.489,46,440.739,43,273.98,19,1183.691,81,85.404,6,648.894,44,449.393,31,
Guinea-Bissau,2009,443.307,30,1043.129,70,1486.436,394.543,89,53.197,12,48.764,11,4.433,1,44.331,10,542.427,52,0,0,500.702,48,31.294,3,469.408,45,936.97,63,53.197,4,549.466,37,35.727,2,513.739,35,,190.622,43,252.685,57,66.496,15,177.323,40,8.866,2,93.882,9,949.247,91,20.863,2,479.839,46,448.545,43,284.504,19,1201.932,81,87.359,6,657.162,44,457.412,31,
Guinea-Bissau,2010,454.613,30,1060.611,70,1515.224,413.698,91,50.007,11,40.915,9,4.546,1,36.369,8,562.124,53,0,0,498.487,47,31.818,3,466.669,44,975.822,64,50.007,3,539.402,36,36.364,2,503.038,34,,200.03,44,254.583,56,72.738,16,172.753,38,9.092,2,95.455,9,965.156,91,21.212,2,487.881,46,456.063,43,295.485,20,1219.739,80,93.95,6,660.634,43,465.155,31,
Kenya,1990,4273.014,18,19174.163,82,23447.177,3931.173,92,2392.888,56,341.841,8,170.921,4,170.921,4,6327.474,33,1917.416,10,12846.689,67,9395.34,49,3451.349,18,10258.647,44,4310.304,18,13188.53,56,9566.26,41,3622.27,16,26,1153.714,27,3119.3,73,1794.666,42,1196.444,28,128.19,3,4793.541,25,14380.622,75,3067.866,16,8053.148,42,3259.608,17,5947.255,25,17499.922,75,4862.532,21,9249.592,40,3387.798,14,14
Kenya,1991,4453.15,18,19801.359,82,24254.509,4096.898,92,2449.233,55,356.252,8,178.126,4,178.126,4,6732.462,34,1980.136,10,13068.897,66,9504.652,48,3564.245,18,10829.36,45,4429.368,18,13425.149,55,9682.778,40,3742.371,16,,1246.882,28,3206.268,72,1870.323,42,1202.351,27,133.595,3,5148.353,26,14653.006,74,3366.231,17,7920.544,40,3366.231,17,6395.235,26,17859.274,74,5236.554,22,9122.894,38,3499.826,14,
Kenya,1992,4637.589,19,20401.894,81,25039.483,4220.206,91,2550.674,55,417.383,9,185.504,4,231.879,5,7140.663,35,2040.189,10,13261.231,65,9588.89,47,3672.341,18,11360.869,45,4590.863,18,13678.614,55,9774.394,39,3904.22,16,,1298.525,28,3339.064,72,1947.787,42,1252.149,27,139.128,3,5304.492,26,15097.402,74,3468.322,17,8160.758,40,3468.322,17,6603.017,26,18436.466,74,5416.109,22,9412.907,38,3607.45,14,
Kenya,1993,4824.754,19,20991.956,81,25816.71,4390.526,91,2605.367,54,434.228,9,192.99,4,241.238,5,7557.104,36,2099.196,10,13434.852,64,9656.3,46,3778.552,18,11947.63,46,4704.563,18,13869.08,54,9849.29,38,4019.79,16,,1350.931,28,3473.823,72,2074.644,43,1254.436,26,144.743,3,5457.909,26,15534.047,74,3568.633,17,8396.782,40,3568.633,17,6808.84,26,19007.87,74,5643.277,22,9651.218,38,3713.375,14,
Kenya,1994,5013.126,19,21595.024,81,26608.15,4511.813,90,2707.088,54,501.313,10,200.525,4,300.788,6,7990.159,37,2375.453,11,13604.865,63,9717.761,45,3887.104,18,12501.972,47,5082.541,19,14106.178,53,9918.286,37,4187.892,16,,1403.675,28,3609.451,72,2155.644,43,1303.413,26,150.394,3,5830.656,27,15764.368,73,3671.154,17,8422.059,39,3671.154,17,7234.332,27,19373.818,73,5826.798,22,9725.472,37,3821.548,14,
Kenya,1995,5201.562,19,22224.158,81,27425.72,4629.39,89,2756.828,53,572.172,11,208.062,4,364.109,7,8445.18,38,2444.657,11,13778.978,62,9778.63,44,4000.348,18,13074.57,48,5201.485,19,14351.15,52,9986.692,36,4364.458,16,,1456.437,28,3745.125,72,2236.672,43,1352.406,26,156.047,3,6000.523,27,16223.635,73,3778.107,17,8667.422,39,3778.107,17,7456.96,27,19968.76,73,6014.779,22,10019.828,37,3934.154,14,
Kenya,1996,5389.67,19,22732.745,81,28122.415,4796.806,89,2802.628,52,592.864,11,215.587,4,377.277,7,8865.771,39,2500.602,11,13866.974,61,9775.08,43,4091.894,18,13662.577,49,5303.23,19,14459.838,51,9990.667,36,4469.171,15,,1563.004,29,3826.666,71,2371.455,44,1293.521,24,161.69,3,6137.841,27,16594.904,73,4091.894,18,8638.443,38,3864.567,17,7700.845,27,20421.57,73,6463.349,23,9931.964,36,4026.257,14,
Kenya,1997,5577.659,19,23293.492,81,28871.151,4908.34,88,2900.383,52,669.319,12,223.106,4,446.213,8,9317.397,40,2562.284,11,13976.095,60,9783.267,42,4192.829,18,14225.737,49,5462.667,19,14645.414,51,10006.373,35,4639.041,16,,1617.521,29,3960.138,71,2454.17,44,1338.638,24,167.33,3,6289.243,27,17004.249,73,4192.829,18,8618.592,37,4192.829,18,7906.764,27,20964.387,73,6646.999,23,9957.23,35,4360.158,15,
Kenya,1998,5767.934,19,23886.288,81,29654.222,5075.782,88,2941.646,51,692.152,12,230.717,4,461.435,8,9793.378,41,2627.492,11,14092.91,59,9793.378,41,4299.532,18,14869.16,50,5569.138,19,14785.062,50,10024.095,34,4760.967,16,,1672.701,29,4095.233,71,2537.891,44,1384.304,24,173.038,3,6688.161,28,17198.127,72,4299.532,18,8599.064,36,4299.532,18,8360.862,28,21293.36,72,6837.423,23,9983.368,34,4472.57,15,
Kenya,1999,5963.576,20,24486.447,80,30450.023,5188.311,87,3041.424,51,775.265,13,238.543,4,536.722,9,10284.308,42,2693.509,11,14202.139,58,9794.579,40,4407.56,18,15472.619,51,5734.933,19,14977.404,49,10033.122,33,4944.282,16,,1729.437,29,4234.139,71,2683.609,45,1371.622,23,178.907,3,6856.205,28,17630.242,72,4407.56,18,8815.121,36,4407.56,18,8585.642,28,21864.381,72,7091.17,23,10186.743,34,4586.468,15,
Kenya,2000,6166.98,20,25086.721,80,31253.701,5365.273,87,3083.49,50,801.707,13,246.679,4,555.028,9,10787.29,43,2759.539,11,14299.431,57,9783.821,39,4515.61,18,16152.563,52,5843.029,19,15101.138,48,10030.5,32,5070.638,16,,1850.094,30,4316.886,70,2775.141,45,1356.736,22,185.009,3,7024.282,28,18062.439,72,4766.477,19,8780.352,35,4515.61,18,8874.376,28,22379.325,72,7541.618,24,10137.088,33,4700.619,15,
Kenya,2001,6383.803,20,25717.172,80,32100.975,5490.071,86,3191.902,50,893.732,14,255.352,4,638.38,10,11315.556,44,2828.889,11,14401.616,56,9772.525,38,4629.091,18,16805.626,52,6020.79,19,15295.349,48,10027.877,31,5267.471,16,,1915.141,30,4468.662,70,2872.711,45,1404.437,22,191.514,3,7457.98,29,18259.192,71,4886.263,19,8743.838,34,4629.091,18,9373.121,29,22727.854,71,7758.974,24,10148.275,32,4820.605,15,
Kenya,2002,6614.549,20,26341.149,80,32955.698,5688.512,86,3241.129,49,926.037,14,264.582,4,661.455,10,11853.517,45,2897.526,11,14487.632,55,9746.225,37,4741.407,18,17542.029,53,6138.655,19,15413.669,47,10010.807,30,5402.862,16,,1984.365,30,4630.184,70,3042.693,46,1455.201,22,132.291,2,7638.933,29,18702.216,71,5004.818,19,8955.991,34,4741.407,18,9623.298,29,23332.4,71,8047.511,24,10411.191,32,4873.698,15,
Kenya,2003,6859.096,20,26963.687,80,33822.783,5830.232,85,3360.957,49,1028.864,15,274.364,4,754.501,11,12133.659,45,3235.642,12,14830.028,55,9706.927,36,5123.101,19,17963.891,53,6596.599,20,15858.892,47,9981.291,30,5877.601,16,,2057.729,30,4801.367,70,3155.184,46,1509.001,22,137.182,2,7819.469,29,19144.218,71,5123.101,19,9167.654,34,4853.464,18,9877.198,29,23945.585,71,8278.285,24,10676.655,32,4990.646,15,
Kenya,2004,7116.722,21,27592.042,79,34708.764,6049.214,85,3416.027,48,1067.508,15,284.669,4,782.839,11,12692.339,46,3311.045,12,14899.703,54,9657.215,35,5242.488,19,18741.553,54,6727.072,19,15967.211,46,9941.884,29,6025.327,17,,2135.017,30,4981.705,70,3273.692,46,1565.679,22,142.334,2,8277.613,30,19314.429,70,5242.488,19,9105.374,33,4966.568,18,10412.629,30,24296.135,70,8516.18,25,10671.053,30,5108.902,15,
Kenya,2005,7387.531,21,28227.045,79,35614.576,6205.526,84,3472.14,47,1182.005,16,295.501,4,886.504,12,13266.711,47,3387.245,12,14960.334,53,9597.195,34,5363.139,19,19472.237,55,6859.385,19,16142.339,45,9892.697,28,6249.642,18,,2290.135,31,5097.396,69,3398.264,46,1551.382,21,147.751,2,8468.114,30,19758.931,70,5645.409,20,9032.654,32,5080.868,18,10758.248,30,24856.328,70,9043.673,25,10584.036,30,5228.619,15,
Kenya,2006,7671.407,21,28905.372,79,36576.779,6443.982,84,3605.561,47,1227.425,16,306.856,4,920.569,12,13874.579,48,3468.645,12,15030.793,52,9538.773,33,5492.021,19,20318.56,56,7074.206,19,16258.219,44,9845.629,27,6412.59,18,,2378.136,31,5293.271,69,3605.561,47,1534.281,20,153.428,2,8671.612,30,20233.76,70,5781.074,20,9249.719,32,5202.967,18,11049.748,30,25527.031,70,9386.636,26,10784,29,5356.395,15,
Kenya,2007,7970.863,21,29560.778,79,37531.641,6615.816,83,3666.597,46,1355.047,17,318.835,4,1036.212,13,14484.781,49,3547.293,12,15075.997,51,9755.057,33,5320.94,18,21100.598,56,7213.89,19,16431.043,44,10073.891,27,6357.152,17,,2470.968,31,5499.895,69,3746.306,47,1594.173,20,159.417,2,9163.841,31,20396.937,69,5912.156,20,9163.841,31,5320.94,18,11634.809,31,25896.832,69,9658.461,26,10758.014,28,5480.357,15,
Kenya,2008,8287.527,22,30207.786,78,38495.313,6878.647,83,3812.262,46,1408.88,17,331.501,4,1077.379,13,15103.893,50,3624.934,12,15103.893,50,9666.492,32,5437.401,18,21982.54,57,7437.197,19,16512.773,43,9997.993,26,6514.78,17,,2569.133,31,5718.394,69,3895.138,47,1657.505,20,165.751,2,9364.414,31,20843.372,69,6041.557,20,9364.414,31,5437.401,18,11933.547,31,26561.766,69,9936.695,26,11021.919,28,5603.152,15,
Kenya,2009,8624.856,22,30861.073,78,39485.929,7072.382,82,3881.185,45,1552.474,18,344.994,4,1207.48,14,15739.147,51,3703.329,12,15121.926,49,9566.933,31,5554.993,18,22811.529,58,7584.514,19,16674.4,42,9911.927,25,6762.473,17,,2673.705,31,5951.151,69,4139.931,48,1638.723,19,172.497,2,9566.933,31,21294.14,69,6172.215,20,9566.933,31,5554.993,18,12240.638,31,27245.291,69,10312.145,26,11205.655,28,5727.49,15,
Kenya,2010,8985.713,22,31526.969,78,40512.682,7368.285,82,4043.571,45,1617.428,18,359.429,4,1258,14,16394.024,52,3783.236,12,15132.945,48,9458.091,30,5674.854,18,23762.309,59,7826.807,19,16750.373,41,9817.519,24,6932.854,18,,2875.428,32,6110.285,68,4313.142,48,1617.428,18,179.714,2,10088.63,32,21438.339,68,6620.663,21,9142.821,29,5674.854,18,12964.058,32,27548.624,68,10933.806,27,10760.249,27,5854.569,14,
Lesotho,1990,228.944,14,1410.233,86,1639.177,217.497,95,57.236,25,11.447,5,0,0,11.447,5,1099.982,78,28.205,2,310.251,22,28.205,2,282.047,20,1317.479,80,85.441,5,321.698,20,28.205,2,293.494,18,12,,,,,,,,,,,,,,,,,,,,,,,,,,,,,,,6
Lesotho,1991,242.483,15,1427.624,85,1670.107,230.359,95,60.621,25,12.124,5,0,0,12.124,5,1113.547,78,28.552,2,314.077,22,28.552,2,285.525,20,1343.906,80,89.173,5,326.201,20,28.552,2,297.649,18,,,,,,,,,,,,,,,,,,,,,,,,,,,,,,,,
Lesotho,1992,256.694,15,1444.311,85,1701.005,243.859,95,64.174,25,12.835,5,0,0,12.835,5,1126.563,78,28.886,2,317.748,22,28.886,2,288.862,20,1370.422,81,93.06,5,330.583,19,28.886,2,301.697,18,,,,,,,,,,,,,,,,,,,,,,,,,,,,,,,,
Lesotho,1993,271.646,16,1460.32,84,1731.966,258.064,95,67.912,25,13.582,5,0,0,13.582,5,1139.05,78,29.206,2,321.27,22,29.206,2,292.064,20,1397.113,81,97.118,6,334.853,19,29.206,2,305.646,17,,,,,,,,,,,,,,,,,,,,,,,,,,,,,,,,
Lesotho,1994,287.469,16,1475.621,84,1763.09,273.096,95,71.867,25,14.373,5,0,0,14.373,5,1150.984,78,29.512,2,324.637,22,29.512,2,295.124,20,1424.08,81,101.38,6,339.01,19,29.512,2,309.498,17,,109.238,38,178.231,62,97.739,34,45.995,16,34.496,12,309.88,21,1165.741,79,44.269,3,324.637,22,796.835,54,419.119,24,1343.971,76,142.008,8,370.632,21,831.332,47,
Lesotho,1995,304.263,17,1490.268,83,1794.531,289.05,95,82.151,27,15.213,5,0,0,15.213,5,1147.506,77,29.805,2,342.762,23,29.805,2,312.956,21,1436.556,80,111.956,6,357.975,20,29.805,2,328.169,18,,115.62,38,188.643,62,103.449,34,48.682,16,36.512,12,312.956,21,1177.312,79,44.708,3,327.859,22,804.745,54,428.576,24,1365.955,76,148.157,8,376.541,21,841.256,47,
Lesotho,1996,321.76,18,1506.695,82,1828.455,305.672,95,96.528,30,16.088,5,0,0,16.088,5,1160.155,77,45.201,3,346.54,23,30.134,2,316.406,21,1465.827,80,141.729,8,362.628,20,30.134,2,332.494,18,,122.269,38,199.491,62,109.398,34,51.482,16,38.611,12,316.406,21,1190.289,79,45.201,3,331.473,22,813.615,54,438.675,24,1389.78,76,154.599,8,382.955,21,852.227,47,
Lesotho,1997,338.78,18,1524.121,82,1862.901,318.453,94,108.41,32,20.327,6,0,0,20.327,6,1173.573,77,45.724,3,350.548,23,30.482,2,320.065,21,1492.026,80,154.133,8,370.875,20,30.482,2,340.392,18,,128.736,38,210.044,62,115.185,34,54.205,16,40.654,12,320.065,21,1204.056,79,45.724,3,335.307,22,823.025,54,448.802,24,1414.099,76,160.909,9,389.511,21,863.679,46,
Lesotho,1998,356.449,19,1541.01,81,1897.459,335.062,94,124.757,35,21.387,6,0,0,21.387,6,1186.578,77,46.23,3,354.432,23,30.82,2,323.612,21,1521.64,80,170.987,9,375.819,20,30.82,2,344.999,18,,135.451,38,220.998,62,121.193,34,57.032,16,42.774,12,323.612,21,1217.398,79,46.23,3,339.022,22,832.145,54,459.063,24,1438.396,76,167.423,9,396.054,21,874.919,46,
Lesotho,1999,374.372,19,1556.945,81,1931.317,351.91,94,138.518,37,22.462,6,0,0,22.462,6,1183.278,76,46.708,3,373.667,24,15.569,1,358.097,23,1535.188,79,185.226,10,396.129,21,15.569,1,380.56,19,,138.518,37,235.854,63,127.286,34,67.387,18,41.181,11,342.528,22,1214.417,78,46.708,3,326.958,21,840.75,54,481.046,25,1450.271,75,173.995,9,394.345,20,881.931,46,
Lesotho,2000,392.226,20,1571.652,80,1963.878,368.692,94,152.968,39,23.534,6,0,0,23.534,6,1194.456,76,47.15,3,377.196,24,15.717,1,361.48,23,1563.148,80,200.118,10,400.73,20,15.717,1,385.014,20,,145.124,37,247.102,63,133.357,34,70.601,18,43.145,11,345.763,22,1225.889,78,47.15,3,345.763,22,832.976,53,490.887,25,1472.991,75,180.506,9,416.364,21,876.12,45,
Lesotho,2001,409.79,21,1577.83,79,1987.62,381.105,93,172.112,42,28.685,7,0,0,28.685,7,1199.151,76,47.335,3,378.679,24,15.778,1,362.901,23,1580.256,80,219.447,11,407.364,20,15.778,1,391.586,20,,147.524,36,262.266,64,135.231,33,86.056,21,40.979,10,347.123,22,1230.707,78,63.113,4,331.344,21,836.25,53,494.647,25,1492.973,75,198.344,10,417.4,21,877.229,44,
Lesotho,2002,427.16,21,1581.602,79,2008.762,397.259,93,187.95,44,29.901,7,0,0,29.901,7,1186.202,75,47.448,3,395.4,25,15.816,1,379.584,24,1583.46,79,235.398,12,425.302,21,15.816,1,409.486,20,,153.778,36,273.382,64,140.963,33,89.704,21,42.716,10,347.952,22,1233.65,78,63.264,4,347.952,22,822.433,52,501.73,25,1507.032,75,204.227,10,437.656,22,865.149,43,
Lesotho,2003,444.549,22,1583.51,78,2028.059,413.431,93,204.493,46,31.118,7,0,0,31.118,7,1187.633,75,47.505,3,395.877,25,15.835,1,380.042,24,1601.063,79,251.998,12,426.996,21,15.835,1,411.161,20,,160.038,36,284.511,64,142.256,32,102.246,23,40.009,9,364.207,23,1219.303,77,63.34,4,332.537,21,823.425,52,524.245,26,1503.814,74,205.596,10,434.783,21,863.435,43,
Lesotho,2004,462.357,23,1584.446,77,2046.803,429.992,93,226.555,49,32.365,7,0,0,32.365,7,1188.335,75,47.533,3,396.111,25,15.844,1,380.267,24,1618.327,79,274.088,13,428.476,21,15.844,1,412.632,20,,161.825,35,300.532,65,147.954,32,110.966,24,41.612,9,364.423,23,1220.023,77,63.378,4,332.734,21,823.912,52,526.248,26,1520.555,74,211.332,10,443.699,22,865.524,42,
Lesotho,2005,480.824,23,1584.928,77,2065.752,442.358,92,245.22,51,38.466,8,0,0,38.466,8,1172.847,74,47.548,3,412.081,26,15.849,1,396.232,25,1615.205,78,292.768,14,450.547,22,15.849,1,434.698,21,,168.288,35,312.536,65,153.864,32,120.206,25,38.466,8,364.533,23,1220.395,77,63.397,4,348.684,22,808.313,51,532.822,26,1532.93,74,217.261,11,468.89,22,846.779,41,
Lesotho,2006,500.138,24,1586.427,76,2086.565,460.127,92,265.073,53,40.011,8,0,0,40.011,8,1173.956,74,63.457,4,412.471,26,15.864,1,396.607,25,1634.083,78,328.53,16,452.482,22,15.864,1,436.618,20,,170.047,34,330.091,66,155.043,31,135.037,27,40.011,8,364.878,23,1221.549,77,63.457,4,349.014,22,809.078,51,534.925,26,1551.64,74,218.5,10,484.051,23,849.089,41,
Lesotho,2007,520.108,25,1587.872,75,2107.98,478.499,92,291.26,56,41.609,8,0,0,41.609,8,1175.025,74,63.515,4,412.847,26,15.879,1,396.968,25,1653.525,78,354.775,17,454.455,22,15.879,1,438.577,20,,176.837,34,343.271,66,161.233,31,145.63,28,36.408,7,365.211,23,1222.661,77,63.515,4,365.211,23,793.936,50,542.047,26,1565.933,74,224.748,11,510.841,24,830.344,39,
Lesotho,2008,540.724,25,1588.898,75,2129.622,497.466,92,313.62,58,43.258,8,0,0,43.258,8,1175.785,74,63.556,4,413.113,26,15.889,1,397.225,25,1673.251,79,377.176,18,456.371,21,15.889,1,440.482,20,,178.439,33,362.285,67,162.217,30,162.217,30,37.851,7,381.336,24,1207.562,76,63.556,4,349.558,22,794.449,50,559.774,26,1569.848,74,225.773,11,511.775,24,832.3,39,
Lesotho,2009,561.952,26,1588.838,74,2150.79,511.376,91,337.171,60,50.576,9,0,0,50.576,9,1159.852,73,63.554,4,428.986,27,15.888,1,413.098,26,1671.228,78,400.725,19,479.562,22,15.888,1,463.674,21,,185.444,33,376.508,67,168.586,30,174.205,31,33.717,6,381.321,24,1207.517,76,63.554,4,349.544,22,794.419,50,566.765,26,1584.025,74,232.139,11,523.749,24,828.136,39,
Lesotho,2010,583.737,27,1587.581,73,2171.318,531.201,91,367.754,63,52.536,9,0,0,52.536,9,1158.934,73,63.503,4,428.647,27,15.876,1,412.771,26,1690.135,78,431.258,20,481.183,22,15.876,1,465.307,21,,186.796,32,396.941,68,175.121,30,186.796,32,35.024,6,381.019,24,1206.562,76,63.503,4,365.144,23,777.915,49,567.815,26,1603.503,74,238.624,11,551.939,26,812.939,37,
Liberia,1990,870.728,41,1256.37,59,2127.098,,,26.122,3,,,,,,,,,12.564,1,,,,,,,,,38.686,2,,,,,,,43,,,,,,,,,,,,,,,,,,,,,,,,,,,,,,,12
Liberia,1991,863.123,41,1265.575,59,2128.698,,,25.894,3,,,,,,,,,12.656,1,,,,,,,,,38.549,2,,,,,,,,,,,,,,,,,,,,,,,,,,,,,,,,,,,,,,
Liberia,1992,854.723,40,1267.964,60,2122.687,,,25.642,3,,,,,,,,,12.68,1,,,,,,,,,38.321,2,,,,,,,,,,,,,,,,,,,,,,,,,,,,,,,,,,,,,,
Liberia,1993,851.752,40,1259.714,60,2111.466,,,25.553,3,,,,,,,,,12.597,1,,,,,,,,,38.15,2,,,,,,,,,,,,,,,,,,,,,,,,,,,,,,,,,,,,,,
Liberia,1994,862.581,41,1237.526,59,2100.107,612.433,71,25.877,3,250.148,29,,,250.148,29,606.388,49,12.375,1,631.138,51,,,631.138,51,1218.82,58,38.253,2,881.287,42,,,881.287,42,,189.768,22,672.813,78,189.768,22,267.4,31,215.645,25,24.751,2,1212.775,98,61.876,5,111.377,9,1039.522,84,214.518,10,1885.589,90,251.644,12,378.777,18,1255.167,60,
Liberia,1995,892.798,43,1201.793,57,2094.591,633.887,71,26.784,3,258.911,29,,,258.911,29,588.879,49,12.018,1,612.914,51,,,612.914,51,1222.765,58,38.802,2,871.826,42,,,871.826,42,,196.416,22,696.382,78,196.416,22,276.767,31,223.2,25,24.036,2,1177.757,98,60.09,5,108.161,9,1009.506,84,220.451,11,1874.14,89,256.505,12,384.929,18,1232.706,59,
Liberia,1996,946.844,42,1282.125,58,2228.969,672.259,71,28.405,3,274.585,29,,,274.585,29,628.241,49,12.821,1,653.884,51,,,653.884,51,1300.5,58,41.227,2,928.469,42,,,928.469,42,,208.306,22,738.538,78,208.306,22,293.522,31,236.711,25,25.643,2,1256.482,98,64.106,5,115.391,9,1076.985,84,233.948,10,1995.021,90,272.412,12,408.913,19,1313.696,59,
Liberia,1997,1022.219,43,1349.828,57,2372.047,725.775,71,30.667,3,296.444,29,,,296.444,29,661.416,49,13.498,1,688.412,51,,,688.412,51,1387.191,58,44.165,2,984.856,42,,,984.856,42,,224.888,22,797.331,78,224.888,22,316.888,31,255.555,25,26.997,2,1322.831,98,67.491,5,121.485,9,1133.856,84,251.885,11,2120.162,89,292.38,12,438.372,18,1389.41,59,
Liberia,1998,1108.973,44,1416.432,56,2525.405,787.371,71,33.269,3,321.602,29,,,321.602,29,694.052,49,14.164,1,722.38,51,,,722.38,51,1481.423,59,47.434,2,1043.982,41,,,1043.982,41,,243.974,22,864.999,78,243.974,22,343.782,31,277.243,25,28.329,2,1388.103,98,70.822,5,127.479,9,1189.803,84,272.303,11,2253.102,89,314.796,12,471.261,19,1467.046,58,
Liberia,1999,1192.498,44,1493.15,56,2685.648,858.599,72,47.7,4,333.899,28,,,333.899,28,731.644,49,14.932,1,761.506,51,,,761.507,51,1590.242,59,62.631,2,1095.406,41,,,1095.406,41,,262.35,22,930.148,78,274.275,23,357.749,30,298.125,25,29.863,2,1463.287,98,104.521,7,134.384,9,1224.383,82,292.213,11,2393.435,89,378.795,14,492.133,18,1522.508,57,
Liberia,2000,1262.232,44,1585.058,56,2847.29,934.052,74,50.489,4,328.18,26,,,328.18,26,792.529,50,15.851,1,792.529,50,,,792.529,50,1726.581,61,66.34,2,1120.709,39,,,1120.709,39,,290.313,23,971.919,77,290.313,23,366.047,29,315.558,25,47.552,3,1537.506,97,126.805,8,142.655,9,1268.046,80,337.865,12,2509.425,88,417.118,15,508.703,17,1583.604,56,
Liberia,2001,1313.101,45,1602.78,55,2915.881,984.826,75,52.524,4,328.275,25,13.131,1,315.144,24,817.418,51,16.028,1,785.362,49,368.639,23,416.723,26,1802.244,62,68.552,2,1113.637,38,381.77,13,731.867,26,,315.144,24,997.957,76,315.144,24,354.537,27,328.275,25,48.083,3,1554.697,97,144.25,9,144.25,9,1266.196,79,363.228,12,2552.653,88,459.394,16,498.787,17,1594.471,55,
Liberia,2002,1348.746,45,1634.014,55,2982.76,1038.534,77,67.437,5,310.212,23,13.487,1,296.724,22,849.687,52,16.34,1,784.327,48,375.823,23,408.504,25,1888.222,63,83.777,3,1094.538,37,389.311,13,705.228,24,,323.699,24,1025.047,76,337.187,25,350.674,26,337.187,25,49.02,3,1584.994,97,179.742,11,147.061,9,1258.191,77,372.719,12,2610.041,88,516.928,17,497.735,18,1595.377,53,
Liberia,2003,1377.8,45,1669.159,55,3046.959,1074.684,78,68.89,5,303.116,22,13.778,1,289.338,21,884.654,53,16.692,1,784.505,47,383.907,23,400.598,24,1959.338,64,85.582,3,1087.621,36,397.685,13,689.936,23,,344.45,25,1033.35,75,344.45,25,344.45,25,344.45,25,66.766,4,1602.393,96,200.299,12,150.224,9,1251.869,75,411.216,13,2635.743,87,544.749,18,494.674,17,1596.319,52,
Liberia,2004,1413.559,45,1698.252,55,3111.811,1116.712,79,70.678,5,296.847,21,14.136,1,282.712,20,917.056,54,16.983,1,781.196,46,390.598,23,390.598,23,2033.768,65,87.66,3,1078.043,35,404.734,13,673.31,21,,367.525,26,1046.034,74,367.525,26,325.119,23,353.39,25,67.93,4,1630.322,96,220.773,13,152.843,9,1256.706,74,435.455,14,2676.356,86,588.298,19,477.961,15,1610.096,52,
Liberia,2005,1465.591,46,1716.948,54,3182.539,1187.129,81,87.935,6,278.462,19,14.656,1,263.806,18,944.321,55,17.169,1,772.627,45,394.898,23,377.729,22,2131.45,67,105.105,3,1051.089,33,409.554,13,641.535,20,,381.054,26,1084.537,74,395.71,27,322.43,22,366.398,25,85.847,5,1631.101,95,257.542,15,137.356,8,1236.203,72,466.901,15,2715.638,85,653.252,21,459.786,14,1602.6,50,
Liberia,2006,1537.433,46,1795.462,54,3332.895,1260.695,82,92.246,6,276.738,18,15.374,1,261.364,17,1005.459,56,17.955,1,790.003,44,412.956,23,377.047,21,2266.154,68,110.201,3,1066.741,32,428.331,13,638.411,19,,415.107,27,1122.326,73,415.107,27,322.861,21,384.358,25,89.773,5,1705.689,95,287.274,16,161.592,9,1256.823,70,504.88,15,2828.015,85,702.381,21,484.453,15,1641.182,49,
Liberia,2007,1625.311,47,1863.804,53,3489.115,1365.261,84,97.519,6,260.05,16,16.253,1,243.797,15,1062.368,57,18.638,1,801.436,43,428.675,23,372.761,20,2427.63,70,116.157,3,1061.485,30,444.928,13,616.557,18,,455.087,28,1170.224,72,455.087,28,308.809,19,406.328,25,93.19,5,1770.614,95,316.847,17,167.742,9,1286.025,69,548.277,16,2940.838,84,771.934,22,476.551,13,1692.353,49,
Liberia,2008,1722.696,47,1930.277,53,3652.973,1464.292,85,120.589,7,258.404,15,17.227,1,241.177,14,1119.561,58,19.303,1,810.716,42,443.964,23,366.753,19,2583.852,71,139.891,4,1069.121,29,461.191,13,607.93,16,,482.355,28,1240.341,72,499.582,29,310.085,18,430.674,25,115.817,6,1814.46,94,366.753,19,154.422,8,1293.286,67,598.172,16,3054.801,84,866.334,24,464.507,13,1723.96,47,
Liberia,2009,1819.957,48,2002.597,52,3822.554,1583.363,87,127.397,7,236.594,13,18.2,1,218.395,12,1181.532,59,20.026,1,821.065,41,460.597,23,360.467,18,2764.895,72,147.423,4,1057.659,28,478.797,13,578.862,15,,527.788,29,1292.169,71,527.788,29,309.393,17,454.989,25,120.156,6,1882.441,94,400.519,20,180.234,9,1301.688,65,647.943,17,3174.611,83,928.307,24,489.626,13,1756.677,46,
Liberia,2010,1909.789,48,2084.333,52,3994.122,1680.614,88,152.783,8,229.175,12,19.098,1,210.077,11,1250.6,60,20.843,1,833.733,40,479.397,23,354.337,17,2931.214,73,173.626,4,1062.908,27,498.494,12,564.413,15,,553.839,29,1355.95,71,572.937,30,305.566,16,477.447,25,145.903,7,1938.43,93,437.71,21,166.747,8,1333.973,64,699.742,18,3294.38,82,1010.647,25,472.313,12,1811.42,45,
Libya,1990,3282.182,76,1052.277,24,4334.459,1772.378,54,,,1509.804,46,,,1509.804,46,578.752,55,,,473.525,45,,,473.525,45,2351.131,54,,,1983.328,46,,,1983.328,46,,3183.717,97,98.465,3,,,98.465,3,,,1010.186,96,42.091,4,,,42.091,4,,,4193.902,97,140.557,3,,,140.557,3,,,24
Libya,1991,3350.772,76,1053.162,24,4403.934,1809.417,54,,,1541.355,46,,,1541.355,46,579.239,55,,,473.923,45,,,473.923,45,2388.656,54,,,2015.278,46,,,2015.278,46,,3250.249,97,100.523,3,,,100.523,3,,,1011.036,96,42.126,4,,,42.126,4,,,4261.284,97,142.65,3,,,142.65,3,,,
Libya,1992,3420,76,1073.366,24,4493.366,1846.8,54,,,1573.2,46,,,1573.2,46,590.351,55,,,483.015,45,,,483.015,45,2437.151,54,,,2056.215,46,,,2056.215,46,,3317.4,97,102.6,3,,,102.6,3,,,1030.431,96,42.935,4,,,42.935,4,,,4347.831,97,145.535,3,,,145.535,3,,,
Libya,1993,3489.716,76,1103.389,24,4593.105,1884.447,54,,,1605.269,46,,,1605.269,46,606.864,55,,,496.525,45,,,496.525,45,2491.311,54,,,2101.794,46,,,2101.794,46,,3385.025,97,104.691,3,,,104.691,3,,,1059.253,96,44.136,4,,,44.136,4,,,4444.278,97,148.827,3,,,148.827,3,,,
Libya,1994,3559.388,76,1129.38,24,4688.768,1922.07,54,,,1637.318,46,,,1637.318,46,621.159,55,,,508.221,45,,,508.221,45,2543.229,54,,,2145.539,46,,,2145.539,46,,3452.606,97,106.782,3,,,106.782,3,,,1084.205,96,45.175,4,,,45.175,4,,,4536.811,97,151.957,3,,,151.957,3,,,
Libya,1995,3628.72,76,1146.289,24,4775.009,1959.509,54,,,1669.211,46,,,1669.211,46,630.459,55,,,515.83,45,,,515.83,45,2589.968,54,,,2185.041,46,,,2185.041,46,,3519.858,97,108.862,3,,,108.862,3,,,1100.437,96,45.852,4,,,45.852,4,,,4620.296,97,154.713,3,,,154.713,3,,,
Libya,1996,3697.959,76,1176.391,24,4874.35,1996.898,54,,,1701.061,46,,,1701.061,46,647.015,55,,,529.376,45,,,529.376,45,2643.913,54,,,2230.437,46,,,2230.437,46,,3587.02,97,110.939,3,,,110.939,3,,,1129.335,96,47.056,4,,,47.056,4,,,4716.356,97,157.994,3,,,157.994,3,,,
Libya,1997,3768.363,76,1195.122,24,4963.485,2034.916,54,,,1733.447,46,,,1733.447,46,657.317,55,,,537.805,45,,,537.805,45,2692.233,54,,,2271.252,46,,,2271.252,46,,3655.312,97,113.051,3,,,113.051,3,,,1147.317,96,47.805,4,,,47.805,4,,,4802.629,97,160.856,3,,,160.856,3,,,
Libya,1998,3840.815,76,1206.423,24,5047.238,2074.04,54,,,1766.775,46,,,1766.775,46,663.533,55,,,542.89,45,,,542.89,45,2737.573,54,,,2309.665,46,,,2309.665,46,,3725.591,97,115.224,3,,,115.224,3,,,1158.166,96,48.257,4,,,48.257,4,,,4883.757,97,163.481,3,,,163.481,3,,,
Libya,1999,3916.154,76,1218.872,24,5135.026,2114.723,54,,,1801.431,46,,,1801.431,46,670.38,55,,,548.492,45,,,548.492,45,2785.103,54,,,2349.923,46,,,2349.923,46,,3798.669,97,117.485,3,,,117.485,3,,,1170.117,96,48.755,4,,,48.755,4,,,4968.787,97,166.239,3,,,166.24,3,,,
Libya,2000,3995.059,76,1236.13,24,5231.189,2157.332,54,,,1837.727,46,,,1837.727,46,679.872,55,,,556.258,45,,,556.259,45,2837.203,54,,,2393.986,46,,,2393.986,46,,3875.207,97,119.852,3,,,119.852,3,,,1186.685,96,49.445,4,,,49.445,4,,,5061.892,97,169.297,3,,,169.297,3,,,
Libya,2001,4077.227,77,1250.598,23,5327.825,2201.703,54,,,1875.524,46,,,1875.524,46,687.829,55,,,562.769,45,,,562.769,45,2889.531,54,,,2438.294,46,,,2438.294,46,,3954.91,97,122.317,3,,,122.317,3,,,1200.574,96,50.024,4,,,50.024,4,,,5155.484,97,172.341,3,,,172.341,3,,,
Libya,2002,4162.342,77,1269.895,23,5432.237,,,,,,,,,,,,,,,,,,,,,,,,,,,,,,,,4037.472,97,124.87,3,,,124.87,3,,,1219.099,96,50.796,4,,,50.796,4,,,5256.571,97,175.666,3,,,175.666,3,,,
Libya,2003,4251.214,77,1292.074,23,5543.288,,,,,,,,,,,,,,,,,,,,,,,,,,,,,,,,4123.678,97,127.536,3,,,127.536,3,,,1240.391,96,51.683,4,,,51.683,4,,,5364.069,97,179.219,3,,,179.219,3,,,
Libya,2004,4344.683,77,1311.845,23,5656.528,,,,,,,,,,,,,,,,,,,,,,,,,,,,,,,,4214.343,97,130.34,3,,,130.34,3,,,1259.371,96,52.474,4,,,52.474,4,,,5473.714,97,182.814,3,,,182.814,3,,,
Libya,2005,4443.022,77,1326.687,23,5769.709,,,,,,,,,,,,,,,,,,,,,,,,,,,,,,,,4309.731,97,133.291,3,,,133.291,3,,,1273.62,96,53.067,4,,,53.067,4,,,5583.351,97,186.358,3,,,186.358,3,,,
Libya,2006,4547.844,77,1341.356,23,5889.2,,,,,,,,,,,,,,,,,,,,,,,,,,,,,,,,4411.409,97,136.435,3,,,136.435,3,,,1287.702,96,53.654,4,,,53.654,4,,,5699.11,97,190.09,3,,,190.09,3,,,
Libya,2007,4657.687,78,1348.001,22,6005.688,,,,,,,,,,,,,,,,,,,,,,,,,,,,,,,,4517.956,97,139.731,3,,,139.731,3,,,1294.081,96,53.92,4,,,53.92,4,,,5812.037,97,193.651,3,,,193.651,3,,,
Libya,2008,4766.386,78,1354.568,22,6120.954,,,,,,,,,,,,,,,,,,,,,,,,,,,,,,,,4623.394,97,142.992,3,,,142.992,3,,,1300.385,96,54.183,4,,,54.183,4,,,5923.78,97,197.174,3,,,197.174,3,,,
Libya,2009,4865.654,78,1371.72,22,6237.374,,,,,,,,,,,,,,,,,,,,,,,,,,,,,,,,4719.684,97,145.97,3,,,145.97,3,,,1316.851,96,54.869,4,,,54.869,4,,,6036.536,97,200.838,3,,,200.838,3,,,
Libya,2010,4949.87,78,1405.242,22,6355.112,,,,,,,,,,,,,,,,,,,,,,,,,,,,,,,,4801.374,97,148.496,3,,,148.496,3,,,1349.032,96,56.21,4,,,56.21,4,,,6150.406,97,204.706,3,,,204.706,3,,,
Madagascar,1990,2658.392,24,8622.233,76,11280.625,1993.794,75,638.014,24,664.598,25,239.255,9,425.343,16,1293.335,15,86.222,1,7328.898,85,4224.894,49,3104.004,36,3287.129,29,724.236,6,7993.496,71,4464.149,40,3529.347,31,25,398.759,15,2259.633,85,558.262,21,1089.941,41,611.43,23,603.556,7,8018.677,93,776.001,9,1552.002,18,5690.674,66,1002.315,9,10278.31,91,1334.263,12,2641.943,23,6302.104,56,8
Madagascar,1991,2802.801,24,8864.077,76,11666.878,2102.101,75,672.672,24,700.7,25,252.252,9,448.448,16,1329.612,15,88.641,1,7534.465,85,4343.398,49,3191.068,36,3431.712,29,761.313,7,8235.166,71,4595.65,39,3639.516,31,,448.448,16,2354.353,84,588.588,21,1121.12,40,644.644,23,709.126,8,8154.951,92,797.767,9,1595.534,18,5761.65,65,1157.574,10,10509.304,90,1386.355,12,2716.654,23,6406.294,55,
Madagascar,1992,2955.482,25,9072.636,75,12028.118,2216.612,75,679.761,23,738.87,25,295.548,10,443.322,15,1451.622,16,90.726,1,7621.014,84,4354.865,48,3266.149,36,3668.233,30,770.487,6,8359.885,70,4650.413,39,3709.471,31,,472.877,16,2482.605,84,620.651,21,1182.193,40,679.761,23,725.811,8,8346.825,92,816.537,9,1723.801,19,5806.487,64,1198.688,10,10829.43,90,1437.188,12,2905.994,24,6486.248,54,
Madagascar,1993,3116.856,25,9262.506,75,12379.362,2337.642,75,716.877,23,779.214,25,311.686,10,467.528,15,1574.626,17,92.625,1,7687.88,83,4446.003,48,3241.877,35,3912.268,32,809.502,7,8467.094,68,4757.688,38,3709.406,30,,498.697,16,2618.159,84,685.708,22,1215.574,39,716.877,23,741,8,8521.506,92,926.251,10,1759.876,19,5835.379,63,1239.697,10,11139.665,90,1611.959,13,2975.45,24,6552.256,53,
Madagascar,1994,3250.252,26,9492.839,74,12743.091,2437.689,75,715.055,22,812.563,25,325.025,10,487.538,15,1708.711,18,189.857,2,7784.128,82,4461.634,47,3322.494,35,4146.4,33,904.912,7,8596.691,67,4786.66,38,3810.031,30,,520.04,16,2730.212,84,715.055,22,1267.598,39,747.558,23,759.427,8,8733.412,92,949.284,10,1898.568,20,5885.56,62,1279.467,10,11463.624,90,1664.339,13,3166.166,25,6633.118,52,
Madagascar,1995,3386.815,26,9742.412,74,13129.227,2540.111,75,745.099,22,846.704,25,372.55,11,474.154,14,1851.058,19,194.848,2,7891.354,81,4578.934,47,3312.42,34,4391.17,33,939.948,7,8738.057,67,4951.483,38,3786.574,29,,575.759,17,2811.056,83,778.967,23,1286.99,38,745.099,22,876.817,9,8865.595,91,974.241,10,1948.482,20,5942.871,61,1452.576,11,11676.651,89,1753.209,13,3235.472,25,6687.971,51,
Madagascar,1996,3530.148,26,10020.565,74,13550.713,2647.611,75,741.331,21,882.537,25,388.316,11,494.221,14,2004.113,20,200.411,2,8016.452,80,4709.666,47,3306.786,33,4651.724,34,941.742,7,8898.989,66,5097.982,38,3801.007,28,,600.125,17,2930.023,83,811.934,23,1341.456,38,776.633,22,901.851,9,9118.714,91,1002.057,10,2104.319,21,6012.339,60,1501.976,11,12048.737,89,1813.991,13,3445.775,26,6788.972,50,
Madagascar,1997,3680.114,26,10310.506,74,13990.62,2760.086,75,772.824,21,920.028,25,404.813,11,515.216,14,2165.206,21,206.21,2,8145.3,79,4742.833,46,3402.467,33,4925.292,35,979.034,7,9065.328,65,5147.645,37,3917.683,28,,625.619,17,3054.495,83,846.426,23,1398.443,38,809.625,22,927.946,9,9382.56,91,1134.156,11,2165.206,21,6083.199,59,1553.565,11,12437.055,89,1980.582,14,3563.65,26,6892.824,49,
Madagascar,1998,3836.556,27,10609.153,73,14445.709,2877.417,75,767.311,20,959.139,25,460.387,12,498.752,13,2334.014,22,212.183,2,8275.139,78,4880.21,46,3394.929,32,5211.431,36,979.494,7,9234.278,64,5340.597,37,3893.681,27,,690.58,18,3145.976,82,920.773,24,1381.16,36,844.042,22,954.824,9,9654.329,91,1167.007,11,2334.014,22,6153.309,58,1645.404,11,12800.305,89,2087.78,14,3715.174,27,6997.351,48,
Madagascar,1999,3998.995,27,10906.184,73,14905.179,2999.246,75,799.799,20,999.749,25,479.879,12,519.869,13,2508.422,23,218.124,2,8397.762,77,4907.783,45,3489.979,32,5507.669,37,1017.923,7,9397.51,63,5387.662,36,4009.848,27,,719.819,18,3279.176,82,959.759,24,1439.638,36,879.779,22,981.557,9,9924.627,91,1199.68,11,2508.422,23,6216.525,57,1701.376,11,13203.803,89,2159.439,14,3948.061,27,7096.304,48,
Madagascar,2000,4166.944,27,11197.328,73,15364.272,3125.208,75,791.719,19,1041.736,25,500.033,12,541.703,13,2687.359,24,223.947,2,8509.969,76,5038.798,45,3471.172,31,5812.567,38,1015.666,7,9551.705,62,5538.831,36,4012.874,26,,750.05,18,3416.894,82,1000.067,24,1541.769,37,875.058,21,1119.733,10,10077.595,90,1343.679,12,2463.412,22,6270.504,56,1869.783,12,13494.489,88,2343.746,15,4005.181,26,7145.562,47,
Madagascar,2001,4340.491,27,11526.813,73,15867.304,3255.368,75,824.693,19,1085.123,25,564.264,13,520.859,12,2881.703,25,230.536,2,8645.11,75,5187.066,45,3458.044,30,6137.072,39,1055.23,7,9730.232,61,5751.33,36,3978.903,25,,781.288,18,3559.203,82,1085.123,25,1562.577,36,911.503,21,1152.681,10,10374.132,90,1383.218,12,2651.167,23,6339.747,55,1933.97,12,13933.334,88,2468.34,16,4213.744,26,7251.25,46,
Madagascar,2002,4519.849,28,11844.697,72,16364.546,3389.887,75,813.573,18,1129.962,25,587.58,13,542.382,12,3079.621,26,236.894,2,8765.076,74,5211.667,44,3553.409,30,6469.508,40,1050.467,6,9895.038,60,5799.247,35,4095.791,26,,858.771,19,3661.078,81,1129.962,25,1581.947,35,949.168,21,1184.47,10,10660.227,90,1421.364,12,2842.727,24,6396.136,54,2043.241,12,14321.305,88,2551.326,16,4424.674,27,7345.305,45,
Madagascar,2003,4705.116,28,12156.084,72,16861.2,3528.837,75,799.87,17,1176.279,25,611.665,13,564.614,12,3282.143,27,243.122,2,8873.941,73,5348.677,44,3525.264,29,6810.98,40,1042.991,6,10050.22,60,5960.342,35,4089.878,25,,893.972,19,3811.144,81,1223.33,26,1599.739,34,988.074,21,1215.608,10,10940.476,90,1458.73,12,3039.021,25,6442.725,53,2109.58,13,14751.62,87,2682.06,16,4638.76,27,7430.799,44,
Madagascar,2004,4896.841,28,12469.887,72,17366.728,3672.631,75,832.463,17,1224.21,25,685.558,14,538.653,11,3491.568,28,249.398,2,8978.319,72,5362.051,43,3616.267,29,7164.199,41,1081.861,6,10202.529,59,6047.609,35,4154.92,24,,930.4,19,3966.441,81,1273.179,26,1664.926,34,1028.337,21,1371.688,11,11098.199,89,1621.085,13,2992.773,24,6484.341,52,2302.087,13,15064.641,87,2894.264,17,4657.699,27,7512.678,43,
Madagascar,2005,5097.679,29,12788.288,71,17885.967,3823.259,75,815.629,16,1274.42,25,713.675,14,560.745,11,3708.604,29,255.766,2,9079.684,71,5498.964,43,3580.721,28,7531.863,42,1071.394,6,10354.104,58,6212.639,35,4141.465,23,,1019.536,20,4078.143,80,1325.397,26,1733.211,34,1019.536,20,1406.712,11,11381.576,89,1662.477,13,3197.072,25,6522.027,51,2426.247,14,15459.72,86,2987.874,17,4930.283,27,7541.563,42,
Madagascar,2006,5308.228,29,13116.675,71,18424.903,3981.171,75,849.316,16,1327.057,25,743.152,14,583.905,11,3935.003,30,262.334,2,9181.672,70,5640.17,43,3541.502,27,7916.174,43,1111.65,6,10508.729,57,6383.322,35,4125.407,22,,1061.646,20,4246.582,80,1433.222,27,1751.715,33,1061.646,20,1442.834,11,11673.841,89,1705.168,13,3410.336,26,6558.338,50,2504.48,14,15920.423,86,3138.389,17,5162.051,28,7619.983,41,
Madagascar,2007,5528.608,29,13451.197,71,18979.805,4146.456,75,829.291,15,1382.152,25,829.291,15,552.861,10,4169.871,31,269.024,2,9281.326,69,5649.503,42,3631.823,27,8316.327,44,1098.315,6,10663.478,56,6478.794,34,4184.684,22,,1105.722,20,4422.886,80,1492.724,27,1824.441,33,1105.722,20,1479.632,11,11971.565,89,1748.656,13,3766.335,28,6456.575,48,2585.353,14,16394.452,86,3241.38,17,5590.776,29,7562.296,40,
Madagascar,2008,5759.507,29,13788.988,71,19548.495,4319.63,75,863.926,15,1439.877,25,863.926,15,575.951,10,4412.476,32,413.67,3,9376.512,68,5791.375,42,3585.137,26,8732.106,45,1277.596,7,10816.389,55,6655.301,34,4161.088,21,,1151.901,20,4607.606,80,1612.662,28,1843.042,32,1151.901,20,1654.679,12,12134.309,88,1930.458,14,3723.027,27,6480.824,47,2806.58,14,16741.915,86,3543.12,18,5566.069,29,7632.726,39,
Madagascar,2009,6000.82,30,14126.011,70,20126.831,4500.615,75,840.115,14,1500.205,25,900.123,15,600.082,10,4661.584,33,423.78,3,9464.427,67,5791.665,41,3672.763,26,9162.199,46,1263.895,6,10964.632,54,6691.788,33,4272.845,22,,1260.172,21,4740.648,79,1680.23,28,1860.254,31,1200.164,20,1695.121,12,12430.89,88,1977.642,14,3955.283,28,6497.965,46,2955.294,15,17171.537,85,3657.871,18,5815.537,29,7698.129,38,
Madagascar,2010,6253.295,30,14460.524,70,20713.819,4627.438,74,875.461,14,1625.857,26,937.994,15,687.862,11,4916.578,34,433.816,3,9543.946,66,5928.815,41,3615.131,25,9544.016,46,1309.277,6,11169.803,54,6866.809,33,4302.993,21,,1313.192,21,4940.103,79,1750.923,28,2001.054,32,1188.126,19,1735.263,12,12725.261,88,2024.473,14,4193.552,29,6507.236,45,3048.455,15,17665.364,85,3775.396,18,6194.606,30,7695.362,37,
Malawi,1990,1084.431,12,8296.461,88,9380.892,986.832,91,455.461,42,97.599,9,43.377,4,54.222,5,2903.761,35,165.929,2,5392.7,65,1659.292,20,3733.407,45,3890.594,41,621.39,7,5490.298,59,1702.669,18,3787.629,40,48,520.527,48,563.904,52,466.305,43,54.222,5,43.377,4,3152.655,38,5143.806,62,1825.221,22,497.788,6,2820.797,34,3673.182,39,5707.71,61,2291.527,24,552.009,6,2864.174,31,23
Malawi,1991,1139.022,12,8368.762,88,9507.784,1036.51,91,478.389,42,102.512,9,45.561,4,56.951,5,3096.442,37,167.375,2,5272.32,63,1590.065,19,3682.255,44,4132.952,43,645.764,7,5374.832,57,1635.626,17,3739.206,39,,546.731,48,592.291,52,489.779,43,56.951,5,45.561,4,3263.817,39,5104.945,61,1924.815,23,418.438,5,2761.691,33,3810.548,40,5697.236,60,2414.595,25,475.389,5,2807.252,30,
Malawi,1992,1182.914,12,8436.965,88,9619.879,1088.281,92,484.995,41,94.633,8,35.487,3,59.146,5,3290.416,39,168.739,2,5146.549,61,1518.654,18,3627.895,43,4378.697,46,653.734,7,5241.182,54,1554.141,16,3687.041,38,,567.799,48,615.115,52,508.653,43,59.146,5,47.317,4,3290.416,39,5146.549,61,1940.502,23,590.588,7,2615.459,31,3858.215,40,5761.664,60,2449.155,25,649.733,7,2662.776,28,
Malawi,1993,1220.841,13,8494.603,87,9715.444,1123.174,92,488.336,40,97.667,8,36.625,3,61.042,5,3567.733,42,169.892,2,4926.87,58,1444.083,17,3482.787,41,4690.907,48,658.228,7,5024.537,52,1480.708,15,3543.829,36,,586.004,48,634.837,52,524.962,43,61.042,5,48.834,4,3397.841,40,5096.762,60,1953.759,23,594.622,7,2548.381,30,3983.845,41,5731.599,59,2478.72,26,655.664,6,2597.215,27,
Malawi,1994,1261.293,13,8538.964,87,9800.257,1160.39,92,491.904,39,100.903,8,37.839,3,63.065,5,3757.144,44,170.779,2,4781.82,56,1366.234,16,3415.586,40,4917.534,50,662.684,7,4882.723,50,1404.073,14,3478.65,36,,605.421,48,655.872,52,554.969,44,50.452,4,50.452,4,3500.975,41,5037.989,59,2049.351,24,512.338,6,2476.3,29,4106.396,42,5693.861,58,2604.32,27,562.79,5,2526.751,26,
Malawi,1995,1310.829,13,8572.521,87,9883.35,1205.963,92,511.223,39,104.866,8,39.325,3,65.541,5,3943.36,46,171.45,2,4629.161,54,1371.603,16,3257.558,38,5149.322,52,682.674,7,4734.028,48,1410.928,14,3323.099,34,,629.198,48,681.631,52,576.765,44,65.541,5,39.325,3,3514.734,41,5057.787,59,2057.405,24,600.076,7,2400.306,28,4143.932,42,5739.418,58,2634.17,27,665.618,6,2439.631,25,
Malawi,1996,1372.523,14,8778.806,86,10151.329,1262.721,92,521.559,38,109.802,8,41.176,3,68.626,5,4213.827,48,175.576,2,4564.979,52,1316.821,15,3248.158,37,5476.548,54,697.135,7,4674.781,46,1357.997,13,3316.784,33,,658.811,48,713.712,52,603.91,44,68.626,5,41.176,3,3687.099,42,5091.707,58,2194.702,25,526.728,6,2370.278,27,4345.91,43,5805.419,57,2798.612,28,595.355,5,2411.453,24,
Malawi,1997,1444.884,14,8968.202,86,10413.086,1329.293,92,534.607,37,115.591,8,28.898,2,86.693,6,4573.783,51,179.364,2,4394.419,49,1255.548,14,3138.871,35,5903.076,57,713.971,7,4510.01,43,1284.446,12,3225.564,31,,693.544,48,751.34,52,635.749,44,72.244,5,43.347,3,3856.327,43,5111.875,57,2242.051,25,627.774,7,2242.051,25,4549.871,44,5863.215,56,2877.799,28,700.018,6,2285.397,22,
Malawi,1998,1526.481,14,9150.862,86,10677.343,1419.627,93,564.798,37,106.854,7,30.53,2,76.324,5,4849.957,53,183.017,2,4300.905,47,1189.612,13,3111.293,34,6269.584,59,747.815,7,4407.759,41,1220.142,11,3187.617,30,,747.976,49,778.505,51,671.652,44,61.059,4,45.794,3,3934.871,43,5215.991,57,2287.716,25,732.069,8,2196.207,24,4682.846,44,5994.497,56,2959.367,28,793.128,7,2242.001,21,
Malawi,1999,1613.765,15,9335.33,85,10949.095,1500.801,93,580.955,36,112.964,7,32.275,2,80.688,5,5134.432,55,186.707,2,4200.898,45,1120.24,12,3080.659,33,6635.233,61,767.662,7,4313.862,39,1152.515,11,3161.347,28,,790.745,49,823.02,51,710.057,44,64.551,4,48.413,3,4107.545,44,5227.785,56,2427.186,26,653.473,7,2147.126,23,4898.29,45,6050.805,55,3137.242,29,718.024,6,2195.539,20,
Malawi,2000,1704.076,15,9524.68,85,11228.756,1584.791,93,596.427,35,119.285,7,34.082,2,85.204,5,5429.068,57,190.494,2,4095.612,43,1142.962,12,2952.651,31,7013.858,62,786.92,7,4214.898,38,1177.043,10,3037.855,28,,834.997,49,869.079,51,749.793,44,68.163,4,51.122,3,4286.106,45,5238.574,55,2476.417,26,666.728,7,2095.43,22,5121.103,46,6107.653,54,3226.21,29,734.891,6,2146.552,19,
Malawi,2001,1797.078,16,9732.795,84,11529.873,1671.283,93,611.007,34,125.795,7,35.942,2,89.854,5,5742.349,59,194.656,2,3990.446,41,1070.607,11,2919.839,30,7413.632,64,805.662,7,4116.241,36,1106.549,10,3009.692,26,,880.568,49,916.51,51,790.714,44,71.883,4,53.912,3,4379.758,45,5353.037,55,2530.527,26,778.624,8,2043.887,21,5260.326,46,6269.547,54,3321.241,29,850.507,7,2097.799,18,
Malawi,2002,1894.243,16,9944.685,84,11838.928,1761.646,93,644.043,34,132.597,7,18.942,1,113.655,6,6165.705,62,198.894,2,3778.98,38,994.469,10,2784.512,28,7927.351,67,842.936,7,3911.577,33,1013.411,9,2898.166,24,,928.179,49,966.064,51,833.467,44,75.77,4,56.827,3,4574.555,46,5370.13,54,2685.065,27,795.575,8,1889.49,19,5502.734,46,6336.194,54,3518.532,30,871.345,8,1946.317,16,
Malawi,2003,1996.629,16,10159.503,84,12156.132,1856.865,93,658.888,33,139.764,7,19.966,1,119.798,6,6502.082,64,203.19,2,3657.421,36,914.355,9,2743.066,27,8358.947,69,862.078,7,3797.185,31,934.322,8,2862.864,23,,978.348,49,1018.281,51,878.517,44,79.865,4,59.899,3,4774.966,47,5384.537,53,2743.066,27,812.76,8,1828.711,18,5753.315,47,6402.817,53,3621.583,30,892.625,7,1888.609,16,
Malawi,2004,2105.657,17,10377.294,83,12482.951,1979.318,94,673.81,32,126.339,6,21.057,1,105.283,5,6849.014,66,207.546,2,3528.28,34,933.956,9,2594.324,25,8828.332,71,881.356,7,3654.619,29,955.013,8,2699.606,21,,1031.772,49,1073.885,51,926.489,44,84.226,4,63.17,3,4877.328,47,5499.966,53,2905.642,28,830.184,8,1764.14,17,5909.1,47,6573.851,53,3832.131,31,914.41,7,1827.31,15,
Malawi,2005,2222.924,17,10599.663,83,12822.587,2089.549,94,689.106,31,133.375,6,22.229,1,111.146,5,7207.771,68,211.993,2,3391.892,32,847.973,8,2543.919,24,9297.319,73,901.1,7,3525.268,27,870.202,7,2655.065,21,,1089.233,49,1133.691,51,978.087,44,111.146,5,44.458,2,5087.838,48,5511.825,52,2967.906,28,847.973,8,1695.946,16,6177.071,48,6645.516,52,3945.992,31,959.119,7,1740.405,14,
Malawi,2006,2348.769,18,10857.04,82,13205.809,2207.843,94,728.118,31,140.926,6,23.488,1,117.438,5,7708.498,71,217.141,2,3148.542,29,759.993,7,2388.549,22,9916.341,75,945.259,7,3289.468,25,783.48,6,2505.987,19,,1150.897,49,1197.872,51,1033.458,44,117.438,5,46.975,2,5319.95,49,5537.09,51,3039.971,28,868.563,8,1628.556,15,6470.846,49,6734.963,51,4073.43,31,986.002,7,1675.531,13,
Malawi,2007,2483.464,18,11123.271,82,13606.735,2334.456,94,745.039,30,149.008,6,0,0,149.008,6,8119.988,73,222.465,2,3003.283,27,667.396,6,2335.887,21,10454.444,77,967.505,7,3152.291,23,667.396,5,2484.895,18,,1216.897,49,1266.567,51,1092.724,44,124.173,5,49.669,2,5450.403,49,5672.868,51,3225.749,29,1001.094,9,1446.025,13,6667.3,49,6939.435,51,4318.473,32,1125.268,8,1495.695,11,
Malawi,2008,2627.499,19,11396.459,81,14023.958,2469.849,94,761.975,29,157.65,6,0,0,157.65,6,8547.344,75,227.929,2,2849.115,25,569.823,5,2279.292,20,11017.193,79,989.904,7,3006.765,21,569.823,4,2436.942,17,,1287.475,49,1340.024,51,1156.1,44,131.375,5,52.55,2,5698.23,50,5698.229,50,3304.973,29,1025.681,9,1367.575,12,6985.704,50,7038.254,50,4461.073,32,1157.056,8,1420.125,10,
Malawi,2009,2781.441,19,11673.903,81,14455.344,2642.369,95,778.803,28,139.072,5,0,0,139.072,5,8988.905,77,233.478,2,2684.998,23,583.695,5,2101.303,18,11631.274,80,1012.282,7,2824.07,20,583.695,4,2240.375,16,,1362.906,49,1418.535,51,1223.834,44,139.072,5,55.629,2,5953.691,51,5720.212,49,3502.171,30,933.912,8,1284.129,11,7316.597,51,7138.747,49,4726.005,33,1072.984,7,1339.758,9,
Malawi,2010,2945.747,20,11955.094,80,14900.841,2798.46,95,824.809,28,147.287,5,0,0,147.287,5,9564.075,80,239.102,2,2391.019,20,478.204,4,1912.815,16,12362.535,83,1063.911,7,2538.306,17,478.204,3,2060.102,14,,1443.416,49,1502.331,51,1296.129,44,147.287,5,58.915,2,6097.098,51,5857.996,49,3586.528,30,1075.958,9,1195.509,10,7540.514,51,7360.327,49,4882.657,33,1223.246,8,1254.424,8,
Mali,1990,2022.686,23,6650.182,77,8672.868,1072.024,53,343.857,17,950.662,47,40.454,2,910.209,45,1330.036,20,0,0,5320.146,80,665.018,10,4655.127,70,2402.06,28,343.857,4,6270.808,72,705.472,8,5565.336,64,40,667.486,33,1355.2,67,728.167,36,525.898,26,101.134,5,665.018,10,5985.164,90,399.011,6,3125.586,47,2460.567,37,1332.505,15,7340.363,85,1127.178,13,3651.484,42,2561.702,30,11
Mali,1991,2104.662,24,6798.105,76,8902.767,1157.564,55,378.839,18,947.098,45,42.093,2,905.005,43,1495.583,22,0,0,5302.522,78,679.811,10,4622.711,68,2653.147,30,378.839,4,6249.62,70,721.904,8,5527.716,62,,694.538,33,1410.124,67,757.678,36,568.259,27,84.186,4,679.811,10,6118.294,90,407.886,6,3263.09,48,2447.318,36,1374.349,15,7528.418,85,1165.565,13,3831.349,44,2531.504,28,
Mali,1992,2195.184,24,6935.344,76,9130.528,1251.255,57,417.085,19,943.929,43,43.904,2,900.025,41,1664.483,24,0,0,5270.861,76,693.534,10,4577.327,66,2915.737,32,417.085,5,6214.791,68,737.438,8,5477.352,60,,724.411,33,1470.773,67,790.266,36,592.7,27,87.807,4,693.534,10,6241.81,90,416.121,6,3398.319,49,2427.37,35,1417.945,16,7712.583,84,1206.387,13,3991.018,43,2515.178,28,
Mali,1993,2293.243,25,7065.342,75,9358.585,1330.081,58,458.649,20,963.162,42,45.865,2,917.297,40,1766.336,25,0,0,5299.006,75,635.881,9,4663.126,66,3096.416,33,458.649,5,6262.169,67,681.746,7,5580.423,60,,756.77,33,1536.473,67,825.567,36,619.176,27,91.73,4,777.188,11,6288.154,89,423.921,6,3462.018,49,2402.216,34,1533.958,16,7824.627,84,1249.488,13,4081.193,44,2493.946,27,
Mali,1994,2397.657,25,7191.451,75,9589.108,1438.594,60,479.531,20,959.063,40,47.953,2,911.11,38,1941.692,27,71.915,1,5249.759,73,647.231,9,4602.529,64,3380.286,35,551.446,6,6208.822,65,695.184,7,5513.638,57,,791.227,33,1606.43,67,863.157,36,647.367,27,95.906,4,791.06,11,6400.391,89,503.402,7,3523.811,49,2373.179,33,1582.286,17,8006.822,83,1366.558,14,4171.178,43,2469.085,26,
Mali,1995,2507.117,26,7317.393,74,9824.51,1554.413,62,526.495,21,952.704,38,50.142,2,902.562,36,2048.87,28,73.174,1,5268.523,72,658.565,9,4609.958,63,3603.283,37,599.669,6,6221.227,63,708.708,7,5512.52,56,,827.349,33,1679.768,67,902.562,36,676.922,27,100.285,4,804.913,11,6512.48,89,512.218,7,3658.697,50,2341.566,32,1632.262,17,8192.248,83,1414.78,14,4335.618,44,2441.85,25,
Mali,1996,2621.593,26,7489.7,74,10111.293,1651.604,63,576.75,22,969.989,37,52.432,2,917.558,35,2246.91,30,74.897,1,5242.79,70,599.176,8,4643.614,62,3898.514,39,651.647,6,6212.779,61,651.608,6,5561.172,56,,865.126,33,1756.467,67,943.773,36,707.83,27,104.864,4,823.867,11,6665.833,89,524.279,7,3819.747,51,2321.807,31,1688.993,17,8422.3,83,1468.052,15,4527.577,44,2426.671,24,
Mali,1997,2741.559,26,7658.993,74,10400.552,1782.013,65,630.559,23,959.546,35,54.831,2,904.714,33,2374.288,31,76.59,1,5284.705,69,612.719,8,4671.986,61,4156.301,40,707.149,7,6244.251,60,667.551,6,5576.7,54,,932.13,34,1809.429,66,986.961,36,712.805,26,109.662,4,842.489,11,6816.504,89,536.13,7,3906.086,51,2374.288,31,1774.619,17,8625.933,83,1523.091,15,4618.892,44,2483.95,24,
Mali,1998,2873.122,27,7820.444,73,10693.566,1924.992,67,689.549,24,948.13,33,57.462,2,890.668,31,2580.747,33,78.204,1,5239.697,67,547.431,7,4692.266,60,4505.738,42,767.754,7,6187.828,58,604.894,6,5582.934,52,,976.861,34,1896.261,66,1063.055,37,718.281,25,114.925,4,938.453,12,6881.991,88,547.431,7,3988.426,51,2346.133,30,1915.315,18,8778.251,82,1610.486,15,4706.707,44,2461.058,23,
Mali,1999,3031.593,28,7959.703,72,10991.296,2091.799,69,757.898,25,939.794,31,30.316,1,909.478,30,2706.299,34,79.597,1,5253.404,66,557.179,7,4696.225,59,4798.098,44,837.495,8,6193.198,56,587.495,5,5605.703,51,,1030.742,34,2000.851,66,1121.689,37,757.898,25,121.264,4,955.164,12,7004.539,88,557.179,7,4139.046,52,2308.314,29,1985.906,18,9005.39,82,1678.869,15,4896.944,45,2429.578,22,
Mali,2000,3200.756,28,8094.568,72,11295.324,2240.529,70,832.197,26,960.227,30,32.008,1,928.219,29,2914.044,36,80.946,1,5180.524,64,566.62,7,4613.904,57,5154.574,46,913.142,8,6140.75,54,598.627,5,5542.123,49,,1088.257,34,2112.499,66,1184.28,37,800.189,25,128.03,4,971.348,12,7123.22,88,566.62,7,4290.121,53,2266.479,28,2059.605,18,9235.719,82,1750.899,16,5090.31,45,2394.509,21,
Mali,2001,3381.012,29,8285.125,71,11666.137,2434.329,72,912.873,27,946.683,28,33.81,1,912.873,27,3065.496,37,82.851,1,5219.629,63,497.108,6,4722.521,57,5499.825,47,995.724,9,6166.312,53,530.918,5,5635.394,47,,1149.544,34,2231.468,66,1250.974,37,845.253,25,135.24,4,994.215,12,7290.91,88,579.959,7,4473.968,54,2236.984,27,2143.759,18,9522.378,82,1830.933,16,5319.221,46,2372.224,20,
Mali,2002,3572.842,30,8463.629,70,12036.471,2643.903,74,964.667,27,928.939,26,35.728,1,893.211,25,3300.815,39,84.636,1,5162.814,61,507.818,6,4654.996,55,5944.718,49,1049.304,9,6091.753,51,543.546,5,5548.206,45,,1214.766,34,2358.076,66,1321.952,37,893.211,25,142.914,4,1015.635,12,7447.994,88,677.09,8,4570.36,54,2200.544,26,2230.402,19,9806.069,81,1999.042,17,5463.57,45,2343.457,19,
Mali,2003,3776.056,30,8633.696,70,12409.752,2832.042,75,1057.296,28,944.014,25,37.761,1,906.253,24,3453.478,40,86.337,1,5180.218,60,518.022,6,4662.196,54,6285.52,51,1143.633,9,6124.232,49,555.782,4,5568.449,46,,1283.859,34,2492.197,66,1397.141,37,944.014,25,151.042,4,1122.38,13,7511.316,87,690.696,8,4575.859,53,2244.761,26,2406.24,19,10003.512,81,2087.836,17,5519.873,45,2395.803,19,
Mali,2004,3990.566,31,8798.624,69,12789.19,3072.736,77,1157.264,29,917.83,23,39.906,1,877.925,22,3695.422,42,87.986,1,5103.202,58,439.931,5,4663.271,53,6768.158,53,1245.25,10,6021.032,47,479.837,4,5541.195,43,,1356.792,34,2633.774,66,1476.509,37,997.642,25,159.623,4,1143.821,13,7654.803,87,703.89,8,4751.257,54,2199.656,25,2500.614,20,10288.576,80,2180.399,17,5748.898,45,2359.279,18,
Mali,2005,4215.735,32,8960.907,68,13176.642,3330.431,79,1264.721,30,885.304,21,42.157,1,843.147,20,3853.19,43,89.609,1,5107.717,57,448.045,5,4659.672,52,7183.621,55,1354.33,10,5993.021,45,490.203,4,5502.819,42,,1433.35,34,2782.385,66,1559.822,37,1053.934,25,168.629,4,1164.918,13,7795.989,87,716.873,8,4928.499,55,2150.618,24,2598.268,20,10578.374,80,2276.695,17,5982.433,45,2319.247,18,
Mali,2006,4452.32,33,9158.392,67,13610.712,3606.379,81,1380.219,31,845.941,19,44.523,1,801.418,18,4121.276,45,91.584,1,5037.116,55,366.336,4,4670.78,51,7727.656,57,1471.803,11,5883.056,43,410.859,3,5472.198,40,,1558.312,35,2894.008,65,1691.882,38,1024.034,23,178.093,4,1190.591,13,7967.801,87,732.671,8,5128.7,56,2106.43,23,2748.903,20,10861.809,80,2424.553,18,6152.733,45,2284.523,17,
Mali,2007,4700.609,33,9345.152,67,14045.761,3854.499,82,1504.195,32,846.11,18,47.006,1,799.104,17,4392.221,47,93.452,1,4952.931,53,373.806,4,4579.124,49,8246.721,59,1597.646,11,5799.04,41,420.812,3,5378.228,39,,1645.213,35,3055.396,65,1786.231,38,1081.14,23,188.024,4,1308.321,14,8036.831,86,747.612,8,5233.285,56,2055.933,22,2953.534,21,11092.227,79,2533.844,18,6314.425,45,2243.958,16,
Mali,2008,4959.777,34,9523.635,66,14483.412,4166.213,84,1636.726,33,793.564,16,49.598,1,743.967,15,4571.345,48,95.236,1,4952.29,52,380.945,4,4571.345,48,8737.557,60,1731.963,12,5745.855,40,430.543,3,5315.311,37,,1735.922,35,3223.855,65,1884.715,38,1140.749,23,198.391,4,1333.309,14,8190.326,86,761.891,8,5428.472,57,1999.963,21,3069.231,21,11414.181,79,2646.606,18,6569.221,46,2198.354,15,
Mali,2009,5229.915,35,9694.475,65,14924.39,4497.727,86,1778.171,34,732.188,14,0,0,732.188,14,4847.238,50,96.945,1,4847.237,50,290.834,3,4556.403,47,9344.964,63,1875.116,13,5579.426,37,290.834,2,5288.591,35,,1830.47,35,3399.445,65,1987.368,38,1202.88,23,209.197,4,1357.227,14,8337.248,86,775.558,8,5622.796,58,1938.895,20,3187.697,21,11736.693,79,2762.926,19,6825.676,46,2148.092,14,
Mali,2010,5511.152,36,9858.657,64,15369.809,4794.702,87,1928.903,35,716.45,13,0,0,716.45,13,5027.915,51,98.587,1,4830.742,49,295.76,3,4534.982,46,9822.617,64,2027.49,13,5547.192,36,295.76,2,5251.432,34,,1928.903,35,3582.249,65,2094.238,38,1267.565,23,220.446,4,1380.212,14,8478.445,86,887.279,9,5619.434,57,1971.731,20,3309.115,22,12060.694,78,2981.517,19,6886.999,45,2192.177,14,
Mauritania,1990,791.654,40,1203.894,60,1995.548,284.995,36,118.748,15,506.659,64,7.917,1,498.742,63,313.012,26,0,0,890.882,74,108.35,9,782.531,65,598.008,30,118.748,6,1397.54,70,116.267,6,1281.273,64,26,229.58,29,562.074,71,79.165,10,300.829,38,182.08,23,96.312,8,1107.582,92,36.117,3,373.207,31,698.259,58,325.891,16,1669.657,84,115.282,6,674.036,34,880.339,44,15
Mauritania,1991,814.093,40,1239.748,60,2053.841,301.214,37,130.255,16,512.879,63,8.141,1,504.738,62,334.732,27,12.397,1,905.016,73,111.577,9,793.439,64,635.946,31,142.652,7,1417.895,69,119.718,6,1298.176,63,,236.087,29,578.006,71,81.409,10,309.355,38,187.241,23,99.18,8,1140.568,92,37.192,3,384.322,31,719.054,58,335.267,16,1718.574,84,118.602,6,693.677,34,906.295,44,
Mauritania,1992,837.451,40,1274.852,60,2112.303,318.231,38,142.367,17,519.22,62,8.375,1,510.845,61,356.959,28,25.497,2,917.893,72,101.988,8,815.905,64,675.19,32,167.864,8,1437.113,68,110.363,5,1326.75,63,,242.861,29,594.59,71,83.745,10,318.231,38,192.614,23,101.988,8,1172.864,92,38.246,3,395.204,31,739.414,58,344.849,16,1767.454,84,121.991,6,713.436,34,932.028,44,
Mauritania,1993,861.709,40,1309.578,60,2171.287,336.067,39,163.725,19,525.642,61,8.617,1,517.025,60,392.873,30,26.192,2,916.705,70,104.766,8,811.938,62,728.94,34,189.916,9,1442.347,66,113.383,5,1328.964,61,,249.896,29,611.813,71,86.171,10,327.449,38,198.193,23,104.766,8,1204.812,92,39.287,3,405.969,31,759.555,58,354.662,16,1816.625,84,125.458,6,733.419,34,957.748,44,
Mauritania,1994,886.88,40,1344.262,60,2231.142,354.752,40,177.376,20,532.128,60,8.869,1,523.259,59,416.721,31,40.328,3,927.541,69,107.541,8,820,61,771.473,35,217.704,10,1459.669,65,116.41,5,1343.259,60,,266.064,30,620.816,70,97.557,11,319.277,36,203.982,23,107.541,8,1236.721,92,40.328,3,389.836,29,806.557,60,373.605,17,1857.537,83,137.885,6,709.113,32,1010.54,45,
Mauritania,1995,912.925,40,1379.128,60,2292.053,374.299,41,191.714,21,538.626,59,9.129,1,529.497,58,441.321,32,55.165,4,937.807,68,110.33,8,827.477,60,815.62,36,246.879,11,1476.433,64,119.459,5,1356.973,59,,283.007,31,629.918,69,100.422,11,328.653,36,200.844,22,124.122,9,1255.006,91,41.374,3,372.365,27,841.268,61,407.128,18,1884.925,82,141.796,6,701.018,31,1042.112,45,
Mauritania,1996,939.818,40,1420.906,60,2360.724,385.325,41,206.76,22,554.493,59,9.398,1,545.094,58,468.899,33,71.045,5,952.007,67,113.672,8,838.335,59,854.224,36,277.805,12,1506.5,64,123.071,5,1383.429,59,,310.14,33,629.678,67,112.778,12,310.14,33,206.76,22,127.882,9,1293.024,91,42.627,3,369.436,26,880.962,62,438.021,19,1922.703,81,155.405,7,679.576,28,1087.722,46,
Mauritania,1997,967.579,40,1462.232,60,2429.811,406.383,42,222.543,23,561.196,58,9.676,1,551.52,57,497.159,34,73.112,5,965.073,66,116.979,8,848.095,58,903.542,37,295.655,12,1526.269,63,126.654,5,1399.615,58,,328.977,34,638.602,66,116.109,12,319.301,33,203.192,21,131.601,9,1330.631,91,43.867,3,350.936,24,935.828,64,460.578,19,1969.233,81,159.976,7,670.237,27,1139.02,47,
Mauritania,1998,996.28,40,1503.342,60,2499.622,428.4,43,239.107,24,567.88,57,9.963,1,557.917,56,526.17,35,90.201,6,977.172,65,105.234,7,871.938,58,954.57,38,329.308,13,1545.052,62,115.197,5,1429.855,57,,358.661,36,637.619,64,129.516,13,298.884,30,209.219,21,135.301,9,1368.041,91,45.1,3,345.769,23,977.172,65,493.962,20,2005.66,80,174.617,7,644.653,26,1186.391,47,
Mauritania,1999,1025.992,40,1544.513,60,2570.505,451.436,44,256.498,25,574.556,56,10.26,1,564.296,55,556.025,36,108.116,7,988.488,64,108.116,7,880.372,57,1007.461,39,364.614,14,1563.044,61,118.376,5,1444.668,56,,379.617,37,646.375,63,133.379,13,307.798,30,205.198,20,139.006,9,1405.507,91,61.781,4,308.903,20,1034.824,67,518.623,20,2051.882,80,195.159,8,616.7,24,1240.022,48,
Mauritania,2000,1056.806,40,1585.937,60,2642.743,475.563,45,274.77,26,581.243,55,10.568,1,570.675,54,586.797,37,126.875,8,999.14,63,111.016,7,888.125,56,1062.359,40,401.645,15,1580.384,60,121.584,5,1458.8,55,,401.586,38,655.22,62,147.953,14,295.906,28,211.361,20,142.734,9,1443.203,91,63.437,4,301.328,19,1078.437,68,544.321,21,2098.422,79,211.39,8,597.234,22,1289.798,49,
Mauritania,2001,1088.718,40,1632.763,60,2721.481,500.81,46,293.954,27,587.908,54,10.887,1,577.021,53,636.778,39,130.621,8,995.985,61,114.293,7,881.692,54,1137.588,42,424.575,16,1583.893,58,125.181,5,1458.713,53,,435.487,40,653.231,60,152.421,14,293.954,27,206.856,19,146.949,9,1485.814,91,65.311,4,293.897,18,1126.606,69,582.436,21,2139.045,79,217.731,8,587.851,22,1333.463,49,
Mauritania,2002,1122.317,40,1679.141,60,2801.458,516.266,46,314.249,28,606.051,54,11.223,1,594.828,53,671.656,40,151.123,9,1007.485,60,117.54,7,889.945,53,1187.922,42,465.371,17,1613.536,58,128.763,5,1484.773,52,,460.15,41,662.167,59,168.348,15,280.579,25,213.24,19,151.123,9,1528.018,91,67.166,4,268.663,16,1192.19,71,611.273,22,2190.185,78,235.513,8,549.242,20,1405.43,50,
Mauritania,2003,1157.384,40,1725.183,60,2882.567,543.97,47,335.641,29,613.414,53,11.574,1,601.84,52,707.325,41,172.518,10,1017.858,59,120.763,7,897.095,52,1251.296,43,508.16,18,1631.271,57,132.337,5,1498.935,51,,497.675,43,659.709,57,173.608,15,277.772,24,208.329,18,155.266,9,1569.917,91,69.007,4,258.777,15,1242.132,72,652.942,23,2229.625,77,242.615,8,536.55,19,1450.461,50,
Mauritania,2004,1193.696,40,1770.84,60,2964.536,572.974,48,358.109,30,620.722,52,0,0,620.722,52,743.753,42,194.792,11,1027.087,58,123.959,7,903.128,51,1316.727,44,552.901,19,1647.809,56,123.959,4,1523.85,51,,525.226,44,668.47,56,190.991,16,262.613,22,214.865,18,159.376,9,1611.464,91,70.834,4,230.209,13,1310.422,74,684.602,23,2279.934,77,261.825,9,492.822,17,1525.287,51,
Mauritania,2005,1231.028,40,1816.221,60,3047.249,603.204,49,381.619,31,627.824,51,0,0,627.824,51,780.975,43,199.784,11,1035.246,57,108.973,6,926.273,51,1384.179,45,581.403,19,1663.07,55,108.973,4,1554.097,51,,553.963,45,677.065,55,196.964,16,270.826,22,209.275,17,163.46,9,1652.761,91,72.649,4,217.947,12,1362.166,75,717.422,24,2329.827,76,269.613,9,488.773,15,1571.441,52,
Mauritania,2006,1269.324,41,1859.887,59,3129.211,634.662,50,406.184,32,634.662,50,0,0,634.662,50,818.35,44,223.186,12,1041.537,56,111.593,6,929.944,50,1453.012,46,629.37,20,1676.199,54,111.593,4,1564.606,50,,596.582,47,672.742,53,215.785,17,241.172,19,215.785,17,167.39,9,1692.497,91,74.395,4,204.588,11,1413.514,76,763.972,24,2365.239,76,290.181,9,445.759,15,1629.299,52,
Mauritania,2007,1308.714,41,1902.418,59,3211.132,667.444,51,431.876,33,641.27,49,0,0,641.27,49,856.088,45,247.314,13,1046.33,55,114.145,6,932.185,49,1523.532,47,679.19,21,1687.6,53,114.145,4,1573.455,49,,628.183,48,680.531,52,222.481,17,248.656,19,209.394,16,171.218,9,1731.2,91,76.097,4,171.218,9,1483.886,78,799.4,25,2411.732,75,298.578,9,419.873,13,1693.28,53,
Mauritania,2008,1349.176,41,1944.131,59,3293.307,701.572,52,458.72,34,647.604,48,0,0,647.604,48,913.742,47,272.178,14,1030.389,53,116.648,6,913.742,47,1615.313,49,730.898,22,1677.994,51,116.648,4,1561.346,47,,674.588,50,674.588,50,242.852,18,215.868,16,215.868,16,174.972,9,1769.159,91,77.765,4,155.53,8,1535.863,79,849.56,26,2443.747,74,320.617,10,371.399,11,1751.732,53,
Mauritania,2009,1390.773,41,1985.352,59,3376.125,723.202,52,486.771,35,667.571,48,0,0,667.571,48,952.969,48,277.949,14,1032.383,52,119.121,6,913.262,46,1676.171,50,764.72,23,1699.954,50,119.121,4,1580.833,46,,709.294,51,681.479,49,250.339,18,222.524,16,208.616,15,178.682,9,1806.67,91,79.414,4,119.121,6,1608.135,81,887.976,26,2488.149,74,329.753,10,341.645,10,1816.751,54,
Mauritania,2010,1433.522,41,2026.251,59,3459.773,745.431,52,501.733,35,688.091,48,0,0,688.091,48,972.6,48,283.675,14,1053.651,52,121.575,6,932.075,46,1718.032,50,785.408,23,1741.741,50,121.575,4,1620.166,46,,731.096,51,702.426,49,258.034,18,229.364,16,215.028,15,182.363,9,1843.888,91,81.05,4,121.575,6,1641.263,81,913.459,26,2546.314,74,339.084,10,350.939,10,1856.292,54,
Mauritius,1990,465.142,44,594.406,56,1059.548,465.142,100,465.142,100,0,0,0,0,0,0,588.462,99,588.462,99,5.944,1,,,5.944,1,1053.604,99,1053.604,99,5.944,1,,,5.944,1,12,423.279,91,41.863,9,37.211,8,4.651,1,0,0,523.077,88,71.329,12,53.497,9,17.832,3,0,0,946.357,89,113.191,11,90.708,9,22.484,2,,,11
Mauritius,1991,469.837,44,608.021,56,1077.858,469.837,100,469.837,100,0,0,0,0,0,0,601.941,99,601.941,99,6.08,1,,,6.08,1,1071.778,99,1071.778,99,6.08,1,,,6.08,1,,427.552,91,42.285,9,37.587,8,4.698,1,,,535.058,88,72.963,12,54.722,9,18.241,3,,,962.61,89,115.248,11,92.309,9,22.939,2,,,
Mauritius,1992,475.355,43,618.093,57,1093.448,475.355,100,475.355,100,0,0,0,0,0,0,611.912,99,611.912,99,6.181,1,,,6.181,1,1087.267,99,1087.267,99,6.181,1,,,6.181,1,,432.573,91,42.782,9,38.028,8,4.754,1,,,543.922,88,74.171,12,55.628,9,18.543,3,,,976.495,89,116.953,11,93.657,9,23.296,2,,,
Mauritius,1993,481.293,43,626.332,57,1107.625,481.293,100,481.293,100,0,0,0,0,0,0,620.069,99,620.069,99,6.263,1,,,6.263,1,1101.362,99,1101.362,99,6.263,1,,,6.263,1,,437.977,91,43.316,9,38.503,8,4.813,1,,,551.172,88,75.16,12,56.37,9,18.79,3,,,989.149,89,118.476,11,94.873,9,23.603,2,,,
Mauritius,1994,487.044,43,635.058,57,1122.102,487.044,100,487.044,100,0,0,0,0,0,0,628.707,99,628.707,99,6.351,1,0,0,6.351,1,1115.751,99,1115.751,99,6.351,1,0,0,6.351,1,,443.21,91,43.834,9,38.964,8,4.87,1,0,0,558.851,88,76.207,12,57.155,9,19.052,3,0,0,1002.061,89,120.041,11,96.119,9,23.922,2,0,0,
Mauritius,1995,492.181,43,644.917,57,1137.098,492.181,100,492.181,100,0,0,0,0,0,0,638.468,99,638.468,99,6.449,1,0,0,6.449,1,1130.649,99,1130.649,99,6.449,1,0,0,6.449,1,,447.885,91,44.296,9,39.374,8,4.922,1,0,0,567.527,88,77.39,12,58.043,9,19.348,3,0,0,1015.412,89,121.686,11,97.417,9,24.269,2,0,0,
Mauritius,1996,496.545,43,653.041,57,1149.586,496.545,100,496.545,100,0,0,0,0,0,0,646.511,99,646.511,99,6.53,1,0,0,6.53,1,1143.056,99,1143.056,99,6.53,1,0,0,6.53,1,,451.856,91,44.689,9,39.724,8,4.965,1,0,0,574.676,88,78.365,12,58.774,9,19.591,3,0,0,1026.532,89,123.054,11,98.497,9,24.557,2,0,0,
Mauritius,1997,500.269,43,661.306,57,1161.575,500.269,100,500.269,100,0,0,0,0,0,0,654.693,99,654.693,99,6.613,1,0,0,6.613,1,1154.962,99,1154.962,99,6.613,1,0,0,6.613,1,,455.245,91,45.024,9,40.022,8,5.003,1,0,0,581.949,88,79.357,12,59.518,9,19.839,3,0,0,1037.194,89,124.381,11,99.539,9,24.842,2,0,0,
Mauritius,1998,503.598,43,669.598,57,1173.196,503.598,100,503.598,100,0,0,0,0,0,0,662.902,99,662.902,99,6.696,1,0,0,6.696,1,1166.5,99,1166.5,99,6.696,1,0,0,6.696,1,,458.274,91,45.324,9,40.288,8,5.036,1,0,0,589.246,88,80.352,12,60.264,9,20.088,3,0,0,1047.52,89,125.676,11,100.552,9,25.124,2,0,0,
Mauritius,1999,506.87,43,677.705,57,1184.575,506.87,100,506.87,100,0,0,0,0,0,0,670.928,99,670.928,99,6.777,1,0,0,6.777,1,1177.798,99,1177.798,99,6.777,1,0,0,6.777,1,,461.252,91,45.618,9,40.55,8,5.069,1,0,0,596.38,88,81.325,12,60.993,9,20.331,3,0,0,1057.632,89,126.943,11,101.543,9,25.4,2,0,0,
Mauritius,2000,510.345,43,685.682,57,1196.027,510.345,100,510.345,100,0,0,0,0,0,0,678.825,99,678.825,99,6.857,1,0,0,6.857,1,1189.17,99,1189.17,99,6.857,1,0,0,6.857,1,,464.414,91,45.931,9,40.828,8,5.103,1,0,0,603.4,88,82.282,12,61.711,9,20.57,3,0,0,1067.814,89,128.213,11,102.539,9,25.674,2,0,0,
Mauritius,2001,514.449,43,692.931,57,1207.38,514.449,100,514.449,100,0,0,0,0,0,0,686.002,99,686.002,99,6.929,1,0,0,6.929,1,1200.451,99,1200.451,99,6.929,1,0,0,6.929,1,,468.149,91,46.3,9,41.156,8,5.144,1,0,0,609.779,88,83.152,12,62.364,9,20.788,3,0,0,1077.928,89,129.452,11,103.52,9,25.932,2,0,0,
Mauritius,2002,518.69,43,701.443,57,1220.133,518.69,100,518.69,100,0,0,0,0,0,0,694.429,99,694.429,99,7.014,1,0,0,7.014,1,1213.119,99,1213.119,99,7.014,1,0,0,7.014,1,,472.008,91,46.682,9,41.495,8,5.187,1,0,0,617.27,88,84.173,12,63.13,9,21.043,3,0,0,1089.278,89,130.855,11,104.625,9,26.23,2,0,0,
Mauritius,2003,522.92,42,710.449,58,1233.369,522.92,100,522.92,100,0,0,0,0,0,0,703.345,99,703.345,99,7.104,1,0,0,7.104,1,1226.265,99,1226.265,99,7.104,1,0,0,7.104,1,,475.857,91,47.063,9,41.834,8,5.229,1,0,0,625.195,88,85.254,12,63.94,9,21.313,3,0,0,1101.052,89,132.317,11,105.774,9,26.543,2,0,0,
Mauritius,2004,526.731,42,719.072,58,1245.803,526.731,100,526.731,100,0,0,0,0,0,0,711.881,99,711.881,99,7.191,1,0,0,7.191,1,1238.612,99,1238.612,99,7.191,1,0,0,7.191,1,,479.325,91,47.406,9,42.138,8,5.267,1,0,0,632.783,88,86.289,12,64.716,9,21.572,3,0,0,1112.109,89,133.694,11,106.855,9,26.839,2,0,0,
Mauritius,2005,530.094,42,726.648,58,1256.742,530.094,100,530.094,100,0,0,0,0,0,0,719.382,99,719.382,99,7.266,1,0,0,7.266,1,1249.476,99,1249.476,99,7.266,1,0,0,7.266,1,,482.386,91,47.708,9,42.408,8,5.301,1,0,0,639.45,88,87.198,12,65.398,9,21.799,3,0,0,1121.836,89,134.906,11,107.806,9,27.1,2,0,0,
Mauritius,2006,532.957,42,734.894,58,1267.851,532.957,100,532.957,100,0,0,0,0,0,0,727.545,99,727.545,99,7.349,1,0,0,7.349,1,1260.502,99,1260.502,99,7.349,1,0,0,7.349,1,,484.991,91,47.966,9,42.637,8,5.33,1,0,0,646.707,88,88.187,12,66.14,9,22.047,3,0,0,1131.698,89,136.153,11,108.777,9,27.376,2,0,0,
Mauritius,2007,535.39,42,741.15,58,1276.54,535.39,100,535.39,100,0,0,0,0,0,0,733.739,99,733.739,99,7.411,1,,,7.412,1,1269.129,99,1269.129,99,7.411,1,,,7.412,1,,487.205,91,48.185,9,42.831,8,5.354,1,0,0,652.212,88,88.938,12,66.704,9,22.235,3,0,0,1139.417,89,137.123,11,109.535,9,27.588,2,0,0,
Mauritius,2008,537.869,42,745.889,58,1283.758,537.869,100,537.869,100,0,0,0,0,0,0,738.43,99,738.43,99,7.459,1,,,7.459,1,1276.299,99,1276.299,99,7.459,1,,,7.459,1,,489.461,91,48.408,9,43.03,8,5.379,1,0,0,656.382,88,89.507,12,67.13,9,22.377,3,0,0,1145.843,89,137.915,11,110.16,9,27.755,2,0,0,
Mauritius,2009,540.551,42,750.511,58,1291.062,540.551,100,540.551,100,0,0,0,0,0,0,743.006,99,743.006,99,7.505,1,,,7.505,1,1283.557,99,1283.557,99,7.505,1,,,7.505,1,,491.901,91,48.65,9,43.244,8,5.406,1,0,0,660.45,88,90.061,12,67.546,9,22.515,3,0,0,1152.351,89,138.711,11,110.79,9,27.921,2,0,0,
Mauritius,2010,543.535,42,755.637,58,1299.172,543.535,100,543.535,100,0,0,0,0,0,0,748.081,99,748.081,99,7.556,1,,,7.556,1,1291.616,99,1291.616,99,7.556,1,,,7.556,1,,494.617,91,48.918,9,43.483,8,5.435,1,0,0,664.961,88,90.676,12,68.007,9,22.669,3,0,0,1159.577,89,139.595,11,111.49,9,28.104,2,,,
Mayotte,1990,33.321,36,59.092,64,92.413,,,,,,,,,,,,,,,,,,,,,,,,,,,,,,,,,,,,,,,,,,,,,,,,,,,,,,,,,,,,,,
Mayotte,1991,35.913,37,61.875,63,97.788,,,,,,,,,,,,,,,,,,,,,,,,,,,,,,,,,,,,,,,,,,,,,,,,,,,,,,,,,,,,,,
Mayotte,1992,39.248,38,64.206,62,103.454,,,,,,,,,,,,,,,,,,,,,,,,,,,,,,,,,,,,,,,,,,,,,,,,,,,,,,,,,,,,,,
Mayotte,1993,42.883,39,66.514,61,109.397,,,,,,,,,,,,,,,,,,,,,,,,,,,,,,,,,,,,,,,,,,,,,,,,,,,,,,,,,,,,,,
Mayotte,1994,46.678,40,68.902,60,115.58,,,,,,,,,,,,,,,,,,,,,,,,,,,,,,,,,,,,,,,,,,,,,,,,,,,,,,,,,,,,,,
Mayotte,1995,50.558,41,71.391,59,121.949,,,,,,,,,,,,,,,,,,,,,,,,,,,,,,,,,,,,,,,,,,,,,,,,,,,,,,,,,,,,,,
Mayotte,1996,54.494,43,72.652,57,127.146,,,,,,,,,,,,,,,,,,,,,,,,,,,,,,,,,,,,,,,,,,,,,,,,,,,,,,,,,,,,,,
Mayotte,1997,58.486,44,74.072,56,132.558,,,,,,,,,,,,,,,,,,,,,,,,,,,,,,,,,,,,,,,,,,,,,,,,,,,,,,,,,,,,,,
Mayotte,1998,62.551,45,75.548,55,138.099,,,,,,,,,,,,,,,,,,,,,,,,,,,,,,,,,,,,,,,,,,,,,,,,,,,,,,,,,,,,,,
Mayotte,1999,66.714,46,76.843,54,143.557,,,,,,,,,,,,,,,,,,,,,,,,,,,,,,,,,,,,,,,,,,,,,,,,,,,,,,,,,,,,,,
Mayotte,2000,71.001,48,77.752,52,148.753,,,,,,,,,,,,,,,,,,,,,,,,,,,,,,,,,,,,,,,,,,,,,,,,,,,,,,,,,,,,,,
Mayotte,2001,75.402,49,78.58,51,153.982,,,,,,,,,,,,,,,,,,,,,,,,,,,,,,,,,,,,,,,,,,,,,,,,,,,,,,,,,,,,,,
Mayotte,2002,79.919,50,78.64,50,158.559,,,,,,,,,,,,,,,,,,,,,,,,,,,,,,,,,,,,,,,,,,,,,,,,,,,,,,,,,,,,,,
Mayotte,2003,82.585,51,80.335,49,162.92,,,,,,,,,,,,,,,,,,,,,,,,,,,,,,,,,,,,,,,,,,,,,,,,,,,,,,,,,,,,,,
Mayotte,2004,85.13,51,82.9,49,168.03,,,,,,,,,,,,,,,,,,,,,,,,,,,,,,,,,,,,,,,,,,,,,,,,,,,,,,,,,,,,,,
Mayotte,2005,87.746,50,86.935,50,174.681,,,,,,,,,,,,,,,,,,,,,,,,,,,,,,,,,,,,,,,,,,,,,,,,,,,,,,,,,,,,,,
Mayotte,2006,90.442,51,87.115,49,177.557,,,,,,,,,,,,,,,,,,,,,,,,,,,,,,,,,,,,,,,,,,,,,,,,,,,,,,,,,,,,,,
Mayotte,2007,93.216,51,89.827,49,183.043,,,,,,,,,,,,,,,,,,,,,,,,,,,,,,,,,,,,,,,,,,,,,,,,,,,,,,,,,,,,,,
Mayotte,2008,96.075,50,94.322,50,190.397,,,,,,,,,,,,,,,,,,,,,,,,,,,,,,,,,,,,,,,,,,,,,,,,,,,,,,,,,,,,,,
Mayotte,2009,99.072,50,98.795,50,197.867,,,,,,,,,,,,,,,,,,,,,,,,,,,,,,,,,,,,,,,,,,,,,,,,,,,,,,,,,,,,,,
Mayotte,2010,102.21,50,101.904,50,204.114,,,,,,,,,,,,,,,,,,,,,,,,,,,,,,,,,,,,,,,,,,,,,,,,,,,,,,,,,,,,,,
Morocco,1990,11991.825,48,12789.28,52,24781.105,11152.397,93,8873.951,74,839.428,7,0,0,839.428,7,6906.211,54,511.571,4,5883.069,46,639.464,5,5243.605,41,18058.608,73,9385.522,38,6722.497,27,639.464,3,6083.033,24,19,9713.378,81,2278.447,19,1678.856,14,0,0,599.591,5,3453.106,27,9336.174,73,383.678,3,255.786,2,8696.71,68,13166.484,53,11614.621,47,2062.534,8,255.786,1,9296.302,38,21
Morocco,1991,12396.124,49,12807.635,51,25203.759,11528.395,93,9297.093,75,867.729,7,0,0,867.729,7,6916.123,54,640.382,5,5891.512,46,768.458,6,5123.054,40,18444.518,73,9937.475,39,6759.241,27,768.458,3,5990.783,24,,10040.86,81,2355.264,19,1735.457,14,0,0,619.806,5,3714.214,29,9093.421,71,384.229,3,128.076,1,8581.115,67,13755.075,55,11448.684,45,2119.686,8,128.076,0,9200.922,37,
Morocco,1992,12799.841,50,12845.319,50,25645.16,12031.851,94,9727.879,76,767.99,6,0,0,767.99,6,7064.925,55,770.719,6,5780.394,45,899.172,7,4881.221,38,19096.776,74,10498.598,41,6548.384,26,899.172,4,5649.212,21,,10367.871,81,2431.97,19,1791.978,14,0,0,639.992,5,3853.596,30,8991.723,70,513.813,4,128.453,1,8349.457,65,14221.467,55,11423.693,45,2305.791,9,128.453,1,8989.449,35,
Morocco,1993,13202.439,51,12889.734,49,26092.173,12410.293,94,10165.878,77,792.146,6,0,0,792.146,6,7089.354,55,902.281,7,5800.38,45,1031.179,8,4769.202,37,19499.646,75,11068.159,42,6592.527,25,1031.179,4,5561.348,22,,10693.976,81,2508.463,19,1848.341,14,132.024,1,528.098,4,4124.715,32,8765.019,68,515.589,4,128.897,1,8120.532,63,14818.69,57,11273.483,43,2363.931,9,260.922,1,8648.63,33,
Morocco,1994,13605.281,51,12917.523,49,26522.804,12788.964,94,10476.066,77,816.317,6,0,0,816.317,6,7104.638,55,1033.402,8,5812.885,45,1162.577,9,4650.308,36,19893.602,75,11509.468,43,6629.202,25,1162.577,4,5466.625,21,,11020.278,81,2585.003,19,1904.739,14,136.053,1,544.211,4,4262.783,33,8654.74,67,516.701,4,258.35,2,7879.689,61,15283.06,58,11239.744,42,2421.44,9,394.403,1,8423.9,32,
Morocco,1995,13919.932,52,13008.668,48,26928.6,13084.736,94,10857.547,78,835.196,6,0,0,835.196,6,7284.854,56,1040.693,8,5723.814,44,1300.867,10,4422.947,34,20369.59,76,11898.24,44,6559.01,24,1300.867,5,5258.143,20,,11275.145,81,2644.787,19,1948.79,14,139.199,1,556.797,4,4553.034,35,8455.634,65,520.347,4,260.173,2,7675.114,59,15828.179,59,11100.421,41,2469.137,9,399.373,1,8231.911,31,
Morocco,1996,14214.316,52,13124.225,48,27338.541,13503.6,95,11229.31,79,710.716,5,0,0,710.716,5,7349.566,56,1181.18,9,5774.659,44,1443.665,11,4330.994,33,20853.166,76,12410.49,45,6485.375,24,1443.665,5,5041.71,19,,11655.739,82,2558.577,18,1990.004,14,142.143,1,426.429,3,4724.721,36,8399.504,64,524.969,4,393.727,3,7480.808,57,16380.46,60,10958.081,40,2514.973,9,535.87,2,7907.238,29,
Morocco,1997,14505.477,52,13217.043,48,27722.52,13780.203,95,11604.382,80,725.274,5,0,0,725.274,5,7533.715,57,1321.704,10,5683.328,43,1586.045,12,4097.283,31,21313.918,77,12926.086,47,6408.602,23,1586.045,6,4822.557,17,,11894.491,82,2610.986,18,2030.767,14,145.055,1,435.164,3,5022.476,38,8194.567,62,528.682,4,396.511,3,7269.374,55,16916.967,61,10805.553,39,2559.449,9,541.566,2,7704.538,28,
Morocco,1998,14793.396,53,13292.407,47,28085.803,14053.726,95,11982.651,81,739.67,5,0,0,739.67,5,7576.672,57,1462.165,11,5715.735,43,1728.013,13,3987.722,30,21630.398,77,13444.816,48,6455.405,23,1728.013,6,4727.392,17,,12130.585,82,2662.811,18,2071.075,14,147.934,1,443.802,3,5316.963,40,7975.444,60,664.62,5,265.848,2,7044.976,53,17447.548,62,10638.255,38,2735.696,10,413.782,1,7488.778,27,
Morocco,1999,15077.531,53,13363.146,47,28440.677,14474.43,96,12212.8,81,603.101,4,0,0,603.101,4,7616.993,57,1469.946,11,5746.153,43,1870.84,14,3875.312,29,22091.423,78,13682.746,48,6349.254,22,1870.84,7,4478.414,15,,12363.575,82,2713.956,18,2110.854,14,150.775,1,452.326,3,5478.89,41,7884.256,59,668.157,5,400.894,3,6815.204,51,17842.465,63,10598.212,37,2779.012,10,551.67,1,7267.53,26,
Morocco,2000,15356.872,53,13436.364,47,28793.236,14742.597,96,12592.635,82,614.275,4,0,0,614.275,4,7793.091,58,1612.364,12,5643.273,42,2015.455,15,3627.818,27,22535.688,78,14204.999,49,6257.548,22,2015.455,7,4242.093,15,,12592.635,82,2764.237,18,2149.962,14,307.137,2,307.137,2,5777.637,43,7658.727,57,671.818,5,268.727,2,6718.182,50,18370.272,64,10422.964,36,2821.78,10,575.865,2,7025.319,24,
Morocco,2001,15631.313,54,13487.402,46,29118.715,15006.06,96,12973.99,83,625.253,4,0,0,625.253,4,7822.693,58,1753.362,13,5664.709,42,2157.984,16,3506.725,26,22828.754,78,14727.352,51,6289.961,22,2157.984,7,4131.977,14,,12817.677,82,2813.636,18,2188.384,14,312.626,2,312.626,2,5934.457,44,7552.945,56,674.37,5,404.622,3,6473.953,48,18752.134,64,10366.581,36,2862.754,10,717.248,3,6786.579,23,
Morocco,2002,15902.177,54,13537.828,46,29440.005,15266.09,96,13357.829,84,636.087,4,0,0,636.087,4,7851.94,58,1895.296,14,5685.888,42,2301.431,17,3384.457,25,23118.03,79,15253.125,52,6321.975,21,2301.431,8,4020.544,13,,13198.807,83,2703.37,17,2226.305,14,159.022,1,318.044,2,6227.401,46,7310.427,54,676.891,5,406.135,3,6227.401,46,19426.208,66,10013.797,34,2903.196,10,565.157,2,6545.444,22,
Morocco,2003,16170.343,54,13588.333,46,29758.676,15685.233,97,13583.088,84,485.11,3,0,0,485.11,3,8017.116,59,2038.25,15,5571.217,41,2445.9,18,3125.317,23,23702.349,80,15621.338,52,6056.327,20,2445.9,8,3610.427,13,,13421.385,83,2748.958,17,2263.848,14,323.407,2,161.703,1,6386.517,47,7201.816,53,815.3,6,407.65,3,5978.867,44,19807.901,67,9950.775,33,3079.148,10,731.057,2,6140.57,21,
Morocco,2004,16438.091,55,13637.285,45,30075.376,15944.948,97,13972.377,85,493.143,3,0,0,493.143,3,8045.998,59,2045.593,15,5591.287,41,2591.084,19,3000.203,22,23990.946,80,16017.97,53,6084.43,20,2591.084,9,3493.345,11,,13643.616,83,2794.475,17,2301.333,14,328.762,2,164.381,1,6682.27,49,6955.015,51,818.237,6,409.119,3,5727.66,42,20325.885,68,9749.491,32,3119.57,10,737.88,2,5892.041,20,
Morocco,2005,16778.773,55,13613.7,45,30392.473,16275.41,97,14429.745,86,503.363,3,0,0,503.363,3,8032.083,59,2178.192,16,5581.617,41,2722.74,20,2858.877,21,24307.493,80,16607.937,55,6084.98,20,2722.74,9,3362.24,11,,13926.382,83,2852.391,17,2349.028,14,335.575,2,167.788,1,6806.85,50,6806.85,50,816.822,6,544.548,4,5445.48,40,20733.232,68,9659.241,32,3165.85,10,880.123,4,5613.268,18,
Morocco,2006,17137.596,56,13566.863,44,30704.459,16623.468,97,14909.709,87,514.128,3,0,0,514.128,3,8140.118,60,2306.367,17,5426.745,40,2849.041,21,2577.704,19,24763.586,81,17216.075,56,5940.873,19,2849.041,9,3091.832,10,,14224.205,83,2913.391,17,2399.263,14,514.128,3,0,0,7054.769,52,6512.094,48,814.012,6,542.675,4,5155.408,38,21278.973,69,9425.486,31,3213.275,10,1056.802,4,5155.408,17,
Morocco,2007,17499.62,56,13521.378,44,31020.998,17149.628,98,15224.669,87,349.992,2,0,0,349.992,2,8112.827,60,2433.848,18,5408.551,40,2974.703,22,2433.848,18,25262.454,81,17658.517,57,5758.544,19,2974.703,10,2783.84,8,,14524.685,83,2974.935,17,2449.947,14,524.989,3,0,0,7031.117,52,6490.261,48,811.283,6,540.855,4,5138.124,38,21555.801,69,9465.197,31,3261.229,11,1065.844,3,5138.124,17,
Morocco,2008,17865.13,57,13473.359,43,31338.489,17507.827,98,15721.314,88,357.303,2,0,0,357.303,2,8084.015,60,2425.205,18,5389.344,40,2964.139,22,2425.205,18,25591.843,82,18146.519,58,5746.646,18,2964.139,9,2782.507,9,,14828.058,83,3037.072,17,2501.118,14,535.954,3,0,0,7006.147,52,6467.212,48,808.402,6,538.934,4,5119.876,38,21834.205,70,9504.284,30,3309.52,11,1074.888,3,5119.876,16,
Morocco,2009,18234.14,58,13415.829,42,31649.969,17869.457,98,16228.385,89,364.683,2,0,0,364.683,2,8183.656,61,2549.008,19,5232.173,39,3085.641,23,2146.533,16,26053.113,82,18777.392,59,5596.856,18,3085.641,10,2511.215,8,,15134.336,83,3099.804,17,2552.78,14,547.024,3,0,0,6976.231,52,6439.598,48,804.95,6,536.633,4,5098.015,38,22110.567,70,9539.402,30,3357.729,11,1083.657,3,5098.015,16,
Morocco,2010,18608.183,58,13343.229,42,31951.412,18236.019,98,16561.283,89,372.164,2,0,0,372.164,2,8139.37,61,2535.214,19,5203.859,39,3068.943,23,2134.917,16,26375.389,83,19096.496,60,5576.023,17,3068.943,10,2507.08,7,,15444.792,83,3163.391,17,2605.146,14,558.245,3,0,0,6938.479,52,6404.75,48,800.594,6,533.729,4,5070.427,38,22383.271,70,9568.141,30,3405.739,11,1091.975,3,5070.427,16,
Mozambique,1990,2857.891,21,10689.185,79,13547.076,2086.26,73,628.736,22,771.631,27,85.737,3,685.894,24,2779.188,26,106.892,1,7909.997,74,3527.431,33,4382.566,41,4865.449,36,735.628,5,8681.627,64,3613.168,27,5068.46,38,21,1028.841,36,1829.05,64,200.052,7,743.052,26,885.946,31,427.567,4,10261.618,96,106.892,1,2244.729,21,7909.997,74,1456.408,11,12090.668,89,306.944,2,2987.781,22,8795.943,65,9
Mozambique,1991,3059.015,22,10918.884,78,13977.899,2233.081,73,672.983,22,825.934,27,91.77,3,734.164,24,2838.91,26,109.189,1,8079.974,74,3603.232,33,4476.742,41,5071.991,36,782.172,6,8905.908,64,3695.002,26,5210.906,37,,1101.245,36,1957.77,64,214.131,7,795.344,26,948.295,31,436.755,4,10482.129,96,109.189,1,2292.966,21,8079.974,74,1538.001,11,12439.898,89,323.32,2,3088.31,22,9028.269,65,
Mozambique,1992,3301.053,23,11133.282,77,14434.335,2409.769,73,726.232,22,891.284,27,99.032,3,792.253,24,2894.653,26,111.333,1,8238.629,74,3673.983,33,4564.646,41,5304.422,37,837.564,6,9129.913,63,3773.015,26,5356.898,37,,1188.379,36,2112.674,64,231.074,7,858.274,26,1023.326,31,445.331,4,10687.951,96,111.333,1,2337.989,21,8238.629,74,1633.71,11,12800.625,89,342.407,2,3196.263,23,9261.955,64,
Mozambique,1993,3576.837,24,11344.131,76,14920.968,2611.091,73,786.904,22,965.746,27,107.305,3,858.441,24,2949.474,26,113.441,1,8394.657,74,3743.563,33,4651.094,41,5560.565,37,900.345,6,9360.403,63,3850.868,26,5509.535,37,,1287.661,36,2289.176,64,250.379,7,929.978,26,1108.819,31,453.765,4,10890.366,96,113.441,1,2382.268,21,8394.657,74,1741.427,12,13179.541,88,363.82,2,3312.245,22,9503.476,64,
Mozambique,1994,3872.994,25,11552.925,75,15425.919,2827.286,73,852.059,22,1045.708,27,116.19,3,929.519,24,3003.761,26,115.529,1,8549.164,74,3812.465,33,4736.699,41,5831.046,38,967.588,6,9594.873,62,3928.655,25,5666.218,37,,1394.278,36,2478.716,64,271.11,7,1006.978,26,1200.628,31,462.117,4,11090.808,96,115.529,1,2426.114,21,8549.165,74,1856.395,12,13569.524,88,386.639,3,3433.093,22,9749.793,63,
Mozambique,1995,4177.91,26,11755.542,74,15933.452,3049.874,73,919.14,22,1128.036,27,125.337,3,1002.698,24,3056.441,26,117.555,1,8699.101,74,3761.773,32,4937.328,42,6106.315,38,1036.696,7,9827.137,62,3887.111,24,5940.026,37,,1504.048,36,2673.862,64,292.454,7,1128.036,27,1253.373,30,470.222,4,11285.32,96,117.555,1,2586.219,22,8581.546,73,1974.269,12,13959.183,88,410.009,3,3714.255,23,9834.919,62,
Mozambique,1996,4486.957,27,11895.111,73,16382.068,3320.348,74,987.131,22,1166.609,26,179.478,4,987.131,22,3092.729,26,118.951,1,8802.382,74,3687.484,31,5114.898,43,6413.077,39,1106.082,7,9968.991,61,3866.963,24,6102.028,37,,1660.174,37,2826.783,63,314.087,7,1211.478,27,1301.218,29,475.804,4,11419.307,96,118.951,1,2735.876,23,8564.48,72,2135.979,13,14246.089,87,433.038,3,3947.354,24,9865.697,60,
Mozambique,1997,4802.576,29,12028.091,71,16830.667,3553.906,74,1056.567,22,1248.67,26,192.103,4,1056.567,22,3247.585,27,120.281,1,8780.506,73,3608.427,30,5172.079,43,6801.491,40,1176.848,7,10029.176,60,3800.53,23,6228.646,37,,1776.953,37,3025.623,63,336.18,7,1344.721,28,1344.721,28,481.124,4,11546.967,96,120.281,1,2886.742,24,8539.945,71,2258.077,13,14572.59,87,456.461,3,4231.463,25,9884.666,59,
Mozambique,1998,5056,29,12220.879,71,17276.879,3741.44,74,1112.32,22,1314.56,26,202.24,4,1112.32,22,3299.637,27,122.209,1,8921.242,73,3421.846,28,5499.396,45,7041.077,41,1234.529,7,10235.802,59,3624.086,21,6611.716,38,,1870.72,37,3185.28,63,353.92,7,1466.24,29,1365.12,27,488.835,4,11732.044,96,122.209,1,3055.22,25,8554.615,70,2359.555,14,14917.324,86,476.129,3,4521.46,26,9919.735,57,
Mozambique,1999,5312.994,30,12416.95,70,17729.944,3984.746,75,1115.729,21,1328.248,25,212.52,4,1115.729,21,3352.577,27,124.17,1,9064.373,73,3352.577,27,5711.797,46,7337.322,41,1239.898,7,10392.622,59,3565.096,20,6827.526,39,,1965.808,37,3347.186,63,371.91,7,1593.898,30,1381.378,26,496.678,4,11920.272,96,124.17,1,3228.407,26,8567.696,69,2462.486,14,15267.458,86,496.079,3,4822.305,27,9949.074,56,
Mozambique,2000,5585.963,31,12614.693,69,18200.656,4189.472,75,1173.052,21,1396.491,25,223.439,4,1173.052,21,3405.967,27,126.147,1,9208.726,73,3279.82,26,5928.906,47,7595.439,42,1299.199,7,10605.217,58,3503.259,19,7101.958,39,,2066.806,37,3519.157,63,391.017,7,1731.649,31,1396.491,25,504.588,4,12110.105,96,126.147,1,3405.967,27,8577.991,68,2571.394,14,15629.262,86,517.164,3,5137.616,28,9974.482,55,
Mozambique,2001,5875.287,31,12820.145,69,18695.432,4406.465,75,1233.81,21,1468.822,25,235.011,4,1233.81,21,3461.439,27,128.201,1,9358.706,73,3205.036,25,6153.67,48,7867.904,42,1362.012,7,10827.528,58,3440.048,18,7387.48,40,,2173.856,37,3701.431,63,411.27,7,1880.092,32,1410.069,24,512.806,4,12307.339,96,128.201,1,3589.641,28,8589.497,67,2686.662,14,16008.77,86,539.472,3,5469.732,30,9999.566,53,
Mozambique,2002,6179.719,32,13029.521,68,19209.24,4634.789,75,1297.741,21,1544.93,25,247.189,4,1297.741,21,3648.266,28,130.295,1,9381.255,72,3127.085,24,6254.17,48,8283.055,43,1428.036,7,10926.185,57,3374.274,18,7551.911,39,,2286.496,37,3893.223,63,432.58,7,2101.104,34,1359.538,22,521.181,4,12508.34,96,130.295,1,3778.561,29,8599.484,66,2807.677,15,16401.563,85,562.876,3,5879.666,30,9959.022,52,
Mozambique,2003,6497.678,33,13238.169,67,19735.847,4938.235,76,1364.512,21,1559.443,24,259.907,4,1299.536,20,3706.687,28,132.382,1,9531.482,72,3044.779,23,6486.703,49,8644.923,44,1496.894,8,11090.924,56,3304.686,17,7786.238,39,,2404.141,37,4093.537,63,454.837,7,2274.187,35,1364.512,21,529.527,4,12708.642,96,132.382,1,3971.451,30,8604.81,65,2933.668,15,16802.179,85,587.219,3,6245.638,31,9969.322,51,
Mozambique,2004,6827.25,34,13432.242,66,20259.492,5188.71,76,1433.723,21,1638.54,24,273.09,4,1365.45,20,3761.028,28,134.322,1,9671.214,72,2955.093,22,6716.121,50,8949.738,44,1568.045,8,11309.754,56,3228.183,16,8081.571,40,,2594.355,38,4232.895,62,477.908,7,2389.538,35,1365.45,20,671.612,5,12760.63,95,134.322,1,4029.673,30,8596.635,64,3265.967,16,16993.525,84,612.23,3,6419.21,32,9962.085,49,
Mozambique,2005,7165.654,34,13604.359,66,20770.013,5445.897,76,1433.131,20,1719.757,24,286.626,4,1433.131,20,3809.221,28,136.044,1,9795.138,72,2856.915,21,6938.223,51,9255.118,45,1569.174,8,11514.895,55,3143.542,15,8371.354,40,,2722.949,38,4442.705,62,501.596,7,2579.635,36,1361.474,19,680.218,5,12924.141,95,136.044,1,4217.351,31,8570.746,63,3403.166,16,17366.847,84,637.639,3,6796.987,33,9932.22,48,
Mozambique,2006,7512.087,35,13823.289,65,21335.376,5709.186,76,1502.417,20,1802.901,24,300.483,4,1502.417,20,3870.521,28,138.233,1,9952.768,72,2764.658,20,7188.11,52,9579.707,45,1640.65,8,11755.669,55,3065.141,14,8690.528,41,,2854.593,38,4657.494,62,600.967,8,2704.351,36,1352.176,18,691.164,5,13132.125,95,138.233,1,4423.452,32,8570.439,62,3545.758,17,17789.618,83,739.2,3,7127.804,33,9922.615,47,
Mozambique,2007,7867.127,36,13992.189,64,21859.316,6057.688,77,1573.425,20,1809.439,23,314.685,4,1494.754,19,3917.813,28,139.922,1,10074.376,72,2658.516,19,7415.86,53,9975.501,46,1713.347,8,11883.815,54,2973.201,14,8910.614,40,,2989.508,38,4877.619,62,629.37,8,2910.837,37,1337.412,17,699.609,5,13292.58,95,139.922,1,4617.422,33,8535.235,61,3689.118,17,18170.198,83,769.292,4,7528.259,34,9872.647,45,
Mozambique,2008,8231.014,37,14129.71,63,22360.724,6337.881,77,1646.203,20,1893.133,23,329.241,4,1563.893,19,4097.616,29,141.297,1,10032.094,71,2543.348,18,7488.746,53,10435.497,47,1787.5,8,11925.227,53,2872.588,13,9052.639,40,,3127.785,38,5103.229,62,658.481,8,3127.785,38,1316.962,16,706.486,5,13423.224,95,141.297,1,4804.101,34,8477.826,60,3834.271,17,18526.453,83,799.778,4,7931.887,35,9794.788,44,
Mozambique,2009,8605.123,38,14261.76,62,22866.883,6625.945,77,1721.025,20,1979.178,23,344.205,4,1634.973,19,4135.91,29,142.618,1,10125.85,71,2424.499,17,7701.35,54,10761.855,47,1863.642,8,12105.028,53,2768.704,12,9336.324,41,,3269.947,38,5335.176,62,688.41,8,3442.049,40,1204.717,14,713.088,5,13548.672,95,142.618,1,4991.616,35,8414.438,59,3983.035,17,18883.848,83,831.027,4,8433.665,37,9619.156,42,
Mozambique,2010,8990.007,38,14400.758,62,23390.765,6922.305,77,1708.101,19,2067.702,23,359.6,4,1708.101,19,4176.22,29,144.008,1,10224.538,71,2304.121,16,7920.417,55,11098.525,47,1852.109,8,12292.24,53,2663.722,11,9628.518,41,,3416.203,38,5573.804,62,719.201,8,3685.903,41,1168.701,13,720.038,5,13680.72,95,144.008,1,5184.273,36,8352.44,58,4136.241,18,19254.524,82,863.208,4,8870.176,37,9521.141,41,
Namibia,1990,391.285,28,1023.545,72,1414.83,387.372,99,320.854,82,3.913,1,0,0,3.913,1,522.008,51,143.296,14,501.537,49,143.296,14,358.241,35,909.38,64,464.15,33,505.45,36,143.296,10,362.154,26,41,242.597,62,148.688,38,86.083,22,19.564,5,43.041,11,92.119,9,931.426,91,20.471,2,61.413,6,849.542,83,334.716,24,1080.114,76,106.554,8,80.977,5,892.584,63,13
Namibia,1991,409.069,28,1052.347,72,1461.416,404.978,99,331.346,81,4.091,1,0,0,4.091,1,557.744,53,147.329,14,494.603,47,147.329,14,347.275,33,962.722,66,478.674,33,498.694,34,147.329,10,351.365,24,,253.623,62,155.446,38,89.995,22,16.363,4,49.088,12,94.711,9,957.636,91,21.047,2,63.141,6,873.448,83,348.334,24,1113.082,76,111.042,8,79.504,5,922.536,63,
Namibia,1992,428.589,28,1079.729,72,1508.318,424.303,99,347.157,81,4.286,1,0,0,4.286,1,593.851,55,161.959,15,485.878,45,151.162,14,334.716,31,1018.154,68,509.116,34,490.164,32,151.162,10,339.002,22,,265.725,62,162.864,38,90.004,21,21.429,5,51.431,12,107.973,10,971.756,90,21.595,2,64.784,6,885.378,82,373.698,25,1134.62,75,111.598,7,86.213,6,936.808,62,
Namibia,1993,449.078,29,1106.486,71,1555.564,444.587,99,359.262,80,4.491,1,0,0,4.491,1,630.697,57,177.038,16,475.789,43,154.908,14,320.881,29,1075.284,69,536.3,34,480.28,31,154.908,10,325.372,21,,278.428,62,170.65,38,94.306,21,22.454,5,53.889,12,110.649,10,995.837,90,22.13,2,66.389,6,907.319,82,389.077,25,1166.487,75,116.436,7,88.843,6,961.208,62,
Namibia,1994,470.189,29,1133.063,71,1603.252,465.487,99,376.151,80,4.702,1,0,0,4.702,1,668.507,59,192.621,17,464.556,41,147.298,13,317.258,28,1133.994,71,568.772,35,469.258,29,147.298,9,321.96,21,,286.815,61,183.374,39,98.74,21,23.509,5,61.125,13,124.637,11,1008.426,89,22.661,2,67.984,6,917.781,81,411.452,26,1191.8,74,121.401,8,91.493,5,978.906,61,
Namibia,1995,492.318,30,1159.034,70,1651.352,487.395,99,388.931,79,4.923,1,0,0,4.923,1,718.601,62,197.036,17,440.433,38,150.674,13,289.759,25,1205.996,73,585.967,35,445.356,27,150.674,9,294.682,18,,300.314,61,192.004,39,103.387,21,24.616,5,64.001,13,127.494,11,1031.54,89,23.181,2,81.132,7,927.227,80,427.808,26,1223.544,74,126.567,8,105.748,6,991.229,60,
Namibia,1996,515.668,30,1184.794,70,1700.462,510.511,99,407.378,79,5.157,1,0,0,5.157,1,758.268,64,213.263,18,426.526,36,154.023,13,272.503,23,1268.779,75,620.641,36,431.683,25,154.023,9,277.659,17,,314.557,61,201.111,39,108.29,21,20.627,4,72.194,14,142.175,12,1042.619,88,35.544,3,59.24,5,947.835,80,456.733,27,1243.729,73,143.834,8,79.866,5,1020.029,60,
Namibia,1997,539.98,31,1208.979,69,1748.959,534.58,99,421.184,78,5.4,1,0,0,5.4,1,797.926,66,229.706,19,411.053,34,157.167,13,253.886,21,1332.506,76,650.89,37,416.453,24,157.167,9,259.285,15,,323.988,60,215.992,40,113.396,21,26.999,5,75.597,14,145.077,12,1063.902,88,36.269,3,72.539,6,955.093,79,469.065,27,1279.894,73,149.665,9,99.538,5,1030.691,59,
Namibia,1998,564.838,31,1232.545,69,1797.383,559.19,99,440.574,78,5.648,1,0,0,5.648,1,838.131,68,246.509,20,394.414,32,160.231,13,234.184,19,1397.32,78,687.083,38,400.063,22,160.231,9,239.832,13,,338.903,60,225.935,40,118.616,21,28.242,5,79.077,14,147.905,12,1084.64,88,36.976,3,73.953,6,973.711,79,486.808,27,1310.575,73,155.592,9,102.195,5,1052.788,59,
Namibia,1999,589.573,32,1256.726,68,1846.299,583.677,99,453.971,77,5.896,1,0,0,5.896,1,879.708,70,263.912,21,377.018,30,163.374,13,213.643,17,1463.385,79,717.884,39,382.914,21,163.374,9,219.539,12,,353.744,60,235.829,40,123.81,21,23.583,4,88.436,15,163.374,13,1093.352,87,37.702,3,75.404,6,980.246,78,517.118,28,1329.181,72,161.512,9,98.986,5,1068.682,58,
Namibia,2000,613.74,32,1282.099,68,1895.839,607.603,99,472.58,77,6.137,1,0,0,6.137,1,923.111,72,269.241,21,358.988,28,166.673,13,192.315,15,1530.714,81,741.821,39,365.125,19,166.673,9,198.452,10,,368.244,60,245.496,40,128.885,21,24.55,4,92.061,15,166.673,13,1115.426,87,38.463,3,89.747,7,987.216,77,534.917,28,1360.922,72,167.348,9,114.297,6,1079.277,57,
Namibia,2001,637.037,33,1294.57,67,1931.607,630.667,99,484.148,76,6.37,1,0,0,6.37,1,957.982,74,284.805,22,336.588,26,155.348,12,181.24,14,1588.648,82,768.954,40,342.959,18,155.348,8,187.61,10,,375.852,59,261.185,41,133.778,21,25.481,4,101.926,16,181.24,14,1113.33,86,38.837,3,77.674,6,996.819,77,557.092,29,1374.515,71,172.615,9,103.156,5,1098.745,57,
Namibia,2002,659.651,34,1308.89,66,1968.541,653.054,99,501.335,76,6.597,1,0,0,6.597,1,994.756,76,301.045,23,314.134,24,157.067,12,157.067,12,1647.811,84,802.379,41,320.73,16,157.067,8,163.663,8,,389.194,59,270.457,41,131.93,20,32.983,5,105.544,16,183.245,14,1125.645,86,39.267,3,91.622,7,994.756,76,572.439,29,1396.102,71,171.197,9,124.605,6,1100.301,56,
Namibia,2003,682.153,34,1323.825,66,2005.978,675.331,99,511.615,75,6.822,1,0,0,6.822,1,1032.584,78,317.718,24,291.241,22,158.859,12,132.383,10,1707.915,85,829.333,41,298.063,15,158.859,8,139.204,7,,402.47,59,279.683,41,136.431,20,34.108,5,109.144,16,185.336,14,1138.489,86,39.715,3,92.668,7,1006.107,76,587.806,29,1418.172,71,176.145,9,126.775,6,1115.251,56,
Namibia,2004,705.218,35,1337.959,65,2043.177,698.166,99,521.861,74,7.052,1,0,0,7.052,1,1070.367,80,321.11,24,267.592,20,160.555,12,107.037,8,1768.533,87,842.971,41,274.644,13,160.555,8,114.089,6,,409.026,58,296.192,42,141.044,20,35.261,5,119.887,17,200.694,15,1137.265,85,40.139,3,93.657,7,1003.469,75,609.72,30,1433.457,70,181.182,9,128.918,6,1123.356,55,
Namibia,2005,729.418,35,1350.533,65,2079.951,722.124,99,539.769,74,7.294,1,0,0,7.294,1,1107.437,82,337.633,25,243.096,18,162.064,12,81.032,6,1829.561,88,877.403,42,250.39,12,162.064,8,88.326,4,,423.062,58,306.356,42,145.884,20,36.471,5,124.001,17,202.58,15,1147.953,85,40.516,3,108.043,8,999.394,74,625.642,30,1454.309,70,186.4,9,144.514,7,1123.395,54,
Namibia,2006,754.94,36,1366.189,64,2121.129,747.391,99,551.106,73,7.549,1,0,0,7.549,1,1147.599,84,355.209,26,218.59,16,163.943,12,54.648,4,1894.989,89,906.315,43,226.14,11,163.943,8,62.197,2,,437.865,58,317.075,42,150.988,20,37.747,5,128.34,17,218.59,16,1147.599,84,40.986,3,95.633,7,1010.98,74,656.455,31,1464.674,69,191.974,9,133.38,6,1139.32,54,
Namibia,2007,781.682,36,1380.191,64,2161.873,773.865,99,570.628,73,7.817,1,0,0,7.817,1,1186.964,86,372.652,27,193.227,14,151.821,11,41.406,3,1960.829,91,943.279,44,201.044,9,151.821,7,49.223,2,,453.376,58,328.306,42,156.336,20,31.267,4,140.703,18,220.831,16,1159.36,84,41.406,3,110.415,8,1007.539,73,674.206,31,1487.667,69,197.742,9,141.683,7,1148.242,53,
Namibia,2008,809.491,37,1392.82,63,2202.311,801.396,99,582.834,72,8.095,1,0,0,8.095,1,1225.682,88,376.061,27,167.138,12,153.21,11,13.928,1,2027.078,92,958.895,44,175.233,8,153.21,7,22.023,0,,461.41,57,348.081,43,161.898,20,40.475,5,145.708,18,222.851,16,1169.969,84,55.713,4,97.497,7,1016.759,73,684.261,31,1518.05,69,217.611,10,137.972,6,1162.467,53,
Namibia,2009,838.044,37,1404.699,63,2242.743,829.664,99,603.392,72,8.38,1,0,0,8.38,1,1264.229,90,393.316,28,140.47,10,154.517,10,0,0,2093.893,93,996.707,44,148.85,7,154.517,7,8.38,0,,477.685,57,360.359,43,167.609,20,33.522,4,159.228,19,238.799,17,1165.9,83,56.188,4,98.329,7,1011.383,72,716.484,32,1526.259,68,223.797,10,131.851,6,1170.612,52,
Namibia,2010,867.125,38,1416.164,62,2283.289,858.454,99,624.33,72,8.671,1,0,0,8.671,1,1274.548,90,396.526,28,141.616,10,155.778,10,0,0,2133.001,93,1020.856,45,150.288,7,155.778,6,8.671,0,,494.261,57,372.864,43,173.425,20,34.685,4,164.754,19,240.748,17,1175.416,83,56.647,4,99.131,7,1019.638,72,735.009,32,1548.28,68,230.072,10,133.816,6,1184.392,52,
Niger,1990,1196.89,15,6591.308,85,7788.198,682.227,57,251.347,21,514.663,43,11.969,1,502.694,42,2043.305,31,0,0,4548.003,69,197.739,3,4350.263,66,2725.533,35,251.347,3,5062.665,65,209.708,3,4852.957,62,27,227.409,19,969.481,81,167.565,14,490.725,41,311.191,26,131.826,2,6459.482,98,65.913,1,131.826,2,6261.743,95,359.235,5,7428.963,95,233.478,3,622.551,8,6572.934,84,6
Niger,1991,1241.534,15,6826.433,85,8067.967,732.505,59,273.137,22,509.029,41,12.415,1,496.614,40,2116.194,31,0,0,4710.239,69,204.793,3,4505.446,66,2848.699,35,273.137,3,5219.268,65,217.208,3,5002.059,62,,248.307,20,993.227,80,186.23,15,496.614,40,310.384,25,136.529,2,6689.904,98,68.264,1,136.529,2,6485.111,95,384.835,5,7683.132,95,254.494,3,633.142,8,6795.495,84,
Niger,1992,1288.887,15,7054.611,85,8343.498,786.221,61,296.444,23,502.666,39,12.889,1,489.777,38,2257.476,32,0,0,4797.135,68,211.638,3,4585.497,65,3043.697,36,296.444,4,5299.801,64,224.527,3,5075.274,60,,270.666,21,1018.221,79,193.333,15,502.666,39,322.222,25,141.092,2,6913.519,98,70.546,1,211.638,3,6631.334,94,411.758,5,7931.74,95,263.879,3,714.304,9,6953.556,83,
Niger,1993,1339.11,16,7279.4,84,8618.51,843.639,63,321.386,24,495.471,37,13.391,1,482.08,36,2329.408,32,0,0,4949.992,68,218.382,3,4731.61,65,3173.047,37,321.386,4,5445.463,63,231.773,3,5213.69,60,,294.604,22,1044.506,78,214.258,16,495.471,37,334.778,25,145.588,2,7133.812,98,72.794,1,218.382,3,6842.636,94,440.192,5,8178.318,95,287.052,3,713.853,9,7177.414,83,
Niger,1994,1392.048,16,7503.963,84,8896.011,904.831,65,348.012,25,487.217,35,13.92,1,473.296,34,2401.268,32,0,0,5102.695,68,225.119,3,4877.576,65,3306.099,37,348.012,4,5589.912,63,239.039,3,5350.872,60,,320.171,23,1071.877,77,236.648,17,501.137,36,334.092,24,150.079,2,7353.884,98,75.04,1,225.119,3,7053.725,94,470.25,5,8425.761,95,311.688,4,726.256,8,7387.817,83,
Niger,1995,1447.737,16,7730.838,84,9178.575,984.461,68,376.412,26,463.276,32,14.477,1,448.798,31,2551.177,33,0,0,5179.661,67,231.925,3,4947.736,64,3535.638,39,376.412,4,5642.937,61,246.403,3,5396.535,59,,332.98,23,1114.757,77,246.115,17,521.185,36,347.457,24,154.617,2,7576.221,98,77.308,1,231.925,3,7266.988,94,487.596,5,8690.979,95,323.424,4,753.11,8,7614.445,83,
Niger,1996,1506.208,16,8018.696,84,9524.904,1054.346,70,406.676,27,451.862,30,15.062,1,436.8,29,2646.17,33,80.187,1,5372.526,67,240.561,3,5131.965,64,3700.515,39,486.863,5,5824.389,61,255.623,3,5568.766,58,,361.49,24,1144.718,76,271.117,18,512.111,34,361.49,24,160.374,2,7858.322,98,80.187,1,320.748,4,7457.387,93,521.864,5,9003.04,95,351.304,4,832.859,9,7818.877,82,
Niger,1997,1567.555,16,8300.722,84,9868.277,1128.64,72,423.24,27,438.915,28,15.676,1,423.24,27,2822.245,34,83.007,1,5478.477,66,249.022,3,5229.455,63,3950.885,40,506.247,5,5917.392,60,264.697,3,5652.695,57,,391.889,25,1175.666,75,282.16,18,532.969,34,360.538,23,249.022,3,8051.7,97,83.007,1,249.022,3,7719.671,93,640.91,6,9227.367,94,365.167,4,781.99,8,8080.209,82,
Niger,1998,1631.767,16,8581.252,84,10213.019,1207.508,74,456.895,28,424.259,26,16.318,1,407.942,25,2917.626,34,85.813,1,5663.626,66,257.438,3,5406.189,63,4125.133,40,542.707,5,6087.886,60,273.755,3,5814.131,57,,424.259,26,1207.508,74,310.036,19,522.165,32,375.306,23,257.438,3,8323.814,97,85.813,1,257.438,3,7980.564,93,681.697,7,9531.322,93,395.848,4,779.603,7,8355.871,82,
Niger,1999,1698.58,16,8864.684,84,10563.264,1290.921,76,492.588,29,407.659,24,16.986,1,390.673,23,3102.639,35,88.647,1,5762.045,65,265.941,3,5496.104,62,4393.56,42,581.235,6,6169.704,58,282.926,3,5886.777,55,,458.617,27,1239.963,73,339.716,20,509.574,30,390.673,23,265.941,3,8598.743,97,88.647,1,265.941,3,8244.156,93,724.557,7,9838.707,93,428.363,4,775.515,7,8634.83,82,
Niger,2000,1767.903,16,9154.518,84,10922.421,1378.964,78,530.371,30,388.939,22,0,0,388.939,22,3204.081,35,91.545,1,5950.437,65,274.636,3,5675.801,62,4583.046,42,621.916,6,6339.375,58,274.636,3,6064.74,55,,477.334,27,1290.569,73,353.581,20,548.05,31,388.939,22,274.636,3,8879.882,97,91.545,1,274.636,3,8513.702,93,751.969,7,10170.452,93,445.126,4,822.685,7,8902.64,82,
Niger,2001,1839.833,16,9485.565,84,11325.398,1490.265,81,570.348,31,349.568,19,0,0,349.568,19,3414.803,36,94.856,1,6070.762,64,284.567,3,5786.195,61,4905.068,43,665.204,6,6420.33,57,284.567,3,6135.763,54,,515.153,28,1324.68,72,386.365,21,533.552,29,404.763,22,284.567,3,9200.998,97,94.856,1,379.423,4,8726.72,92,799.72,7,10525.678,93,481.221,4,912.974,8,9131.483,81,
Niger,2002,1914.78,16,9815.361,84,11730.141,1589.267,83,612.73,32,325.513,17,0,0,325.513,17,3533.53,36,98.154,1,6281.831,64,294.461,3,5987.37,61,5122.797,44,710.883,6,6607.344,56,294.461,3,6312.883,53,,555.286,29,1359.494,71,402.104,21,536.138,28,421.252,22,294.461,3,9520.9,97,98.154,1,392.614,4,9030.132,92,849.747,7,10880.394,93,500.257,4,928.753,8,9451.384,81,
Niger,2003,1992.737,16,10148.011,84,12140.748,1693.826,85,657.603,33,298.911,15,0,0,298.911,15,3653.284,36,101.48,1,6494.727,64,304.44,3,6190.287,61,5347.11,44,759.083,6,6793.638,56,304.44,3,6489.197,53,,597.821,30,1394.916,70,438.402,22,518.112,26,438.402,22,405.92,4,9742.091,96,101.48,1,304.44,3,9336.17,92,1003.742,8,11137.006,92,539.882,4,822.552,7,9774.572,81,
Niger,2004,2074.135,17,10486.814,83,12560.949,1804.497,87,684.465,33,269.638,13,0,0,269.638,13,3880.121,37,104.868,1,6606.693,63,314.604,3,6292.088,60,5684.619,45,789.333,6,6876.33,55,314.604,3,6561.726,52,,642.982,31,1431.153,69,477.051,23,518.534,25,435.568,21,419.473,4,10067.341,96,104.868,1,314.604,3,9647.869,92,1062.454,8,11498.495,92,581.919,5,833.138,7,10083.437,80,
Niger,2005,2159.454,17,10834.43,83,12993.884,1921.914,89,734.214,34,237.54,11,0,0,237.54,11,4008.739,37,108.344,1,6825.691,63,325.033,3,6500.658,60,5930.653,46,842.559,6,7063.231,54,325.033,3,6738.198,52,,691.025,32,1468.429,68,496.674,23,518.269,24,453.485,21,433.377,4,10401.053,96,108.344,1,433.377,4,9859.331,91,1124.402,9,11869.482,91,605.019,5,951.646,7,10312.817,79,
Niger,2006,2248.785,17,11228.805,83,13477.59,2068.882,92,787.075,35,179.903,8,0,0,179.903,8,4266.946,38,112.288,1,6961.859,62,336.864,3,6624.995,59,6335.828,47,899.363,7,7141.762,53,336.864,2,6804.898,51,,719.611,32,1529.174,68,539.708,24,517.221,23,472.245,21,449.152,4,10779.653,96,112.288,1,449.152,4,10218.213,91,1168.763,9,12308.827,91,651.996,5,966.373,7,10690.457,79,
Niger,2007,2342.174,17,11627.428,83,13969.602,2201.644,94,843.183,36,140.53,6,0,0,140.53,6,4418.423,38,116.274,1,7209.005,62,348.823,3,6860.183,59,6620.066,47,959.457,7,7349.536,53,348.823,2,7000.713,50,,772.917,33,1569.257,67,562.122,24,538.7,23,468.435,20,465.097,4,11162.331,96,116.274,1,465.097,4,10580.959,91,1238.015,9,12731.587,91,678.396,5,1003.797,7,11049.394,79,
Niger,2008,2439.739,17,12032.365,83,14472.104,2342.149,96,902.703,37,97.59,4,0,0,97.59,4,4692.622,39,120.324,1,7339.743,61,360.971,3,6978.772,58,7034.772,49,1023.027,7,7437.332,51,360.971,2,7076.361,49,,829.511,34,1610.228,66,609.935,25,512.345,21,487.948,20,481.295,4,11551.07,96,240.647,2,360.971,3,10949.452,91,1310.806,9,13161.298,91,850.582,6,873.316,6,11437.4,79,
Niger,2009,2543.637,17,12442.232,83,14985.869,2492.764,98,966.582,38,50.873,2,0,0,50.873,2,4852.47,39,124.422,1,7589.762,61,373.267,3,7216.495,58,7345.235,49,1091.004,7,7640.634,51,373.267,2,7267.367,49,,864.837,34,1678.8,66,635.909,25,534.164,21,508.727,20,497.689,4,11944.543,96,248.845,2,373.267,3,11322.431,91,1362.526,9,13623.343,91,884.754,6,907.431,6,11831.159,79,
Niger,2010,2653.94,17,12858.013,83,15511.953,2653.94,100,1035.037,39,0,0,0,0,0,0,5014.625,39,257.16,2,7843.388,61,385.74,3,7457.648,58,7668.565,49,1292.197,8,7843.388,51,385.74,2,7457.648,49,,902.34,34,1751.6,66,663.485,25,557.327,21,530.788,20,514.321,4,12343.692,96,257.16,2,385.74,3,11700.792,91,1416.66,9,14095.293,91,920.645,6,943.068,6,12231.58,79,
Nigeria,1990,34418.317,35,63133.74,65,97552.057,27190.47,79,11013.861,32,7227.847,21,1376.733,4,5851.114,17,18940.122,30,2525.35,4,44193.618,70,25884.833,41,18308.785,29,46130.592,47,13539.211,14,51421.465,53,27261.566,28,24159.898,25,23,13423.144,39,20995.173,61,14455.693,42,3786.015,11,2753.465,8,22728.146,36,40405.594,64,11364.073,18,7576.049,12,21465.472,34,36151.29,37,61400.767,63,25819.766,26,11362.064,12,24218.937,25,6
Nigeria,1991,35986.01,36,64103.63,64,100089.64,28428.948,79,11155.663,31,7557.062,21,1439.44,4,6117.622,17,19231.089,30,2564.145,4,44872.541,70,25641.452,40,19231.089,30,47660.037,48,13719.808,14,52429.603,52,27080.892,27,25348.711,25,,14034.544,39,21951.466,61,15114.124,42,3958.461,11,2878.881,8,23077.307,36,41026.323,64,11538.653,18,7692.436,12,21795.234,34,37111.851,37,62977.789,63,26652.778,27,11650.897,11,24674.115,25,
Nigeria,1992,37604.403,37,64982.14,63,102586.543,29707.478,79,11281.321,30,7896.925,21,1504.176,4,6392.749,17,20144.463,31,1949.464,3,44837.677,69,25343.035,39,19494.642,30,49851.942,49,13230.785,13,52734.601,51,26847.211,26,25887.391,25,,14665.717,39,22938.686,61,15793.849,42,3760.44,10,3384.396,9,22743.749,35,42238.391,65,11696.785,18,8447.678,13,22093.928,34,37409.466,36,65177.077,64,27490.634,27,12208.119,12,25478.324,25,
Nigeria,1993,39269.587,37,65789.258,63,105058.845,31022.974,79,11388.18,29,8246.613,21,1570.783,4,6675.83,17,21052.563,32,1973.678,3,44736.695,68,24999.918,38,19736.777,30,52075.536,50,13361.858,13,52983.309,50,26570.702,25,26412.607,25,,15315.139,39,23954.448,61,16100.531,41,4319.655,11,3534.263,9,23026.24,35,42763.018,65,11842.066,18,9210.496,14,21710.455,33,38341.379,36,66717.466,64,27942.597,27,13530.151,13,25244.718,24,
Nigeria,1994,40988.879,38,66539.676,62,107528.555,31971.326,78,11476.886,28,9017.553,22,1639.555,4,7377.998,18,21292.696,32,1996.19,3,45246.98,68,24619.68,37,20627.3,31,53264.022,50,13473.076,13,54264.533,50,26259.235,24,28005.298,26,,15575.774,38,25413.105,62,16805.44,41,4918.665,12,3688.999,9,22623.49,34,43916.186,66,11311.745,17,10646.348,16,21958.093,33,38199.264,36,69329.291,64,28117.185,26,15565.014,14,25647.092,24,
Nigeria,1995,42762.709,39,67251.979,61,110014.688,33354.913,78,11118.304,26,9407.796,22,1710.508,4,7697.288,18,22193.153,33,2017.559,3,45058.826,67,24210.712,36,20848.113,31,55548.066,50,13135.864,12,54466.622,50,25921.221,24,28545.401,25,,16249.829,38,26512.88,62,17532.711,41,5131.525,12,3848.644,9,22865.673,34,44386.306,66,11432.836,17,10760.317,16,22193.153,33,39115.502,36,70899.186,64,28965.547,26,15891.842,14,26041.797,24,
Nigeria,1996,44592.344,40,68140.967,60,112733.311,34782.028,78,11148.086,25,9810.316,22,1783.694,4,8026.622,18,23167.929,34,2044.229,3,44973.038,66,23849.338,35,21123.7,31,57949.957,51,13192.315,12,54783.354,49,25633.032,23,29150.322,25,,16945.091,38,27647.253,62,18282.861,41,5351.081,12,4013.311,9,22486.519,33,45654.448,67,11583.964,17,11583.964,17,22486.519,33,39431.61,35,73301.701,65,29866.825,26,16935.046,15,26499.83,24,
Nigeria,1997,46480.957,40,68973.124,60,115454.081,36255.146,78,11155.43,24,10225.811,22,1859.238,4,8366.572,18,23450.862,34,2069.194,3,45522.262,66,23450.862,34,22071.4,32,59706.009,52,13224.623,11,55748.072,48,25310.1,22,30437.972,27,,17662.764,38,28818.193,62,18592.383,40,5577.715,12,4648.096,10,22761.131,33,46211.993,67,11725.431,17,11725.431,17,22761.131,33,40423.895,35,75030.186,65,30317.814,26,17303.146,15,27409.227,24,
Nigeria,1998,48435.712,41,69745.544,59,118181.256,37295.498,77,11140.214,23,11140.214,23,1937.428,4,9202.785,19,24410.94,35,2092.366,3,45334.604,65,23016.03,33,22318.574,32,61706.439,52,13232.58,11,56474.817,48,24953.458,21,31521.359,27,,18405.571,38,30030.141,62,19374.285,40,5812.285,12,4843.571,10,23016.03,33,46729.514,67,11159.287,16,12554.198,18,23016.03,33,41421.6,35,76759.656,65,30533.572,26,18366.483,15,27859.601,24,
Nigeria,1999,50468.557,42,70451.587,58,120920.144,38860.789,77,11103.083,22,11607.768,23,2018.742,4,9589.026,19,25362.571,36,2113.548,3,45089.016,64,22544.508,32,22544.508,32,64223.36,53,13216.63,11,56696.784,47,24563.25,20,32133.534,27,,18673.366,37,31795.191,63,20187.423,40,6560.912,13,5046.856,10,22544.508,32,47907.079,68,11272.254,16,13385.802,19,23249.024,33,41217.874,34,79702.27,66,31459.677,26,19946.714,17,28295.879,23,
Nigeria,2000,52587.418,43,71101.118,57,123688.536,40492.312,77,10517.484,20,12095.106,23,2103.497,4,9991.609,19,25596.402,36,1422.022,2,45504.716,64,22041.347,31,23463.369,33,66088.714,53,11939.506,10,57599.822,47,24144.843,20,33454.978,26,,19457.345,37,33130.073,63,21034.967,40,6836.364,13,5258.742,10,22752.358,32,48348.76,68,11376.179,16,14220.224,20,22752.358,32,42209.702,34,81478.834,66,32411.146,26,21056.588,17,28011.1,23,
Nigeria,2001,54797.258,43,72093.802,57,126891.06,42193.889,77,10411.479,19,12603.369,23,2739.863,5,9863.506,18,26674.707,37,1441.876,2,45419.095,63,21628.141,30,23790.955,33,68868.595,54,11853.355,9,58022.465,46,24368.004,19,33654.461,27,,20274.985,37,34522.273,63,21918.903,40,7123.644,13,5479.726,10,22349.079,31,49744.723,69,11535.008,16,15139.698,21,23070.017,32,42624.064,34,84266.996,66,33453.912,26,22263.342,18,28549.742,22,
Nigeria,2002,57100.31,44,72981.005,56,130081.315,43396.236,76,10278.056,18,13704.074,24,2855.016,5,10849.059,19,27732.782,38,1459.62,2,45248.223,62,21164.491,29,24083.732,33,71129.018,55,11737.676,9,58952.297,45,24019.507,18,34932.791,27,,21127.115,37,35973.195,63,22269.121,39,7994.043,14,5710.031,10,22624.112,31,50356.893,69,10947.151,15,16055.821,22,23353.922,32,43751.226,34,86330.089,66,33216.272,26,24049.865,18,29063.953,22,
Nigeria,2003,59496.96,45,73790.457,55,133287.417,45217.69,76,10114.483,17,14279.27,24,2974.848,5,11304.422,19,28040.374,38,1475.809,2,45750.083,62,20661.328,28,25088.755,34,73258.063,55,11590.292,9,60029.354,45,23636.176,18,36393.178,27,,22013.875,37,37483.085,63,23203.814,39,7734.605,13,6544.666,11,22137.137,30,51653.32,70,11068.569,15,16971.805,23,23612.946,32,44151.012,33,89136.405,67,34272.383,26,24706.41,18,30157.612,23,
Nigeria,2004,61985.361,45,74545.589,55,136530.95,47108.874,76,9917.658,16,14876.487,24,3099.268,5,11777.219,19,29072.78,39,1490.912,2,45472.809,61,20872.765,28,24600.044,33,76181.654,56,11408.57,8,60349.296,44,23972.033,18,36377.263,27,,22314.73,36,39670.631,64,24174.291,39,8677.951,14,6818.39,11,22363.677,30,52181.912,70,11181.838,15,17145.485,23,23854.588,32,44678.407,33,91852.543,67,35356.129,26,25823.436,19,30672.978,22,
Nigeria,2005,64562.029,46,75261.311,54,139823.34,49067.142,76,9038.684,14,15494.887,24,3228.101,5,12266.786,19,30104.524,40,1505.226,2,45156.787,60,20320.554,27,24836.233,33,79171.666,57,10543.91,8,60651.674,43,23548.655,17,37103.018,26,,23242.33,36,41319.699,64,25179.191,39,9038.684,14,7101.823,11,21825.78,29,53435.531,71,11289.197,15,18062.715,24,24083.62,32,45068.111,32,94755.229,68,36468.388,26,27101.399,20,31185.443,22,
Nigeria,2006,67231.696,47,76272.507,53,143504.203,50423.772,75,8740.12,13,16807.924,25,3361.585,5,13446.339,20,30509.003,40,1525.45,2,45763.504,60,19830.852,26,25932.652,34,80932.775,56,10265.571,7,62571.428,44,23192.437,16,39378.992,28,,24203.411,36,43028.285,64,26220.361,39,9412.437,14,7395.487,11,22119.027,29,54153.48,71,10678.151,14,19068.127,25,24407.202,32,46322.438,32,97181.765,68,36898.512,26,28480.564,20,31802.689,22,
Nigeria,2007,69995.928,48,77176.39,52,147172.318,52496.946,75,8399.511,12,17498.982,25,3499.796,5,13999.186,20,31642.32,41,1543.528,2,45534.07,59,19294.098,25,26239.973,34,84139.266,57,9943.039,7,63033.052,43,22793.894,15,40239.158,28,,25198.534,36,44797.394,64,26598.453,38,10499.389,15,7699.552,11,21609.389,28,55567.001,72,10804.695,14,20837.625,27,23924.681,31,46807.923,32,100364.395,68,37403.147,25,31337.015,22,31624.233,21,
Nigeria,2008,72858.934,48,78002.039,52,150860.973,54644.201,75,8014.483,11,18214.733,25,3642.947,5,14571.787,20,32760.856,42,1560.041,2,45241.183,58,18720.489,24,26520.693,34,87405.057,58,9574.524,6,63455.916,42,22363.436,15,41092.48,27,,26229.216,36,46629.718,64,27686.395,38,10200.251,14,8743.072,12,21840.571,28,56161.468,72,10920.285,14,21060.551,27,24180.632,31,48069.787,32,102791.186,68,38606.68,26,31260.801,20,32923.704,22,
Nigeria,2009,75825.835,49,78778.326,51,154604.161,56869.376,75,7582.584,10,18956.459,25,3791.292,5,15165.167,20,33086.897,42,787.783,1,45691.429,58,18119.015,23,27572.414,35,89956.273,58,8370.367,5,64647.888,42,21910.307,14,42737.581,28,,26539.042,35,49286.793,65,28813.817,38,11373.875,15,9099.1,12,21270.148,27,57508.178,73,11028.966,14,22057.931,28,24421.281,31,47809.19,31,106794.971,69,39842.783,26,33431.807,21,33520.381,22,
Nigeria,2010,78899.497,50,79523.685,50,158423.182,58385.628,74,6311.96,8,20513.869,26,3944.975,5,16568.894,21,34195.185,43,795.237,1,45328.5,57,17495.211,22,27833.29,35,92580.812,58,7107.197,4,65842.37,42,21440.186,14,44402.184,28,,27614.824,35,51284.673,65,29981.809,38,11834.925,15,9467.94,12,21471.395,27,58052.29,73,10338.079,13,23061.869,29,24652.342,31,49086.219,31,109336.963,69,40319.888,25,34896.793,22,34120.282,22,
Réunion,1990,497.137,81,114.897,19,612.034,,,,,,,,,,,,,,,,,,,,,,,,,,,,,,,,,,,,,,,,,,,,,,,,,,,,,,,,,,,,,,
Réunion,1991,513.569,82,111.791,18,625.36,,,,,,,,,,,,,,,,,,,,,,,,,,,,,,,,,,,,,,,,,,,,,,,,,,,,,,,,,,,,,,
Réunion,1992,530.422,83,107.564,17,637.986,,,,,,,,,,,,,,,,,,,,,,,,,,,,,,,,,,,,,,,,,,,,,,,,,,,,,,,,,,,,,,
Réunion,1993,547.544,84,102.782,16,650.326,,,,,,,,,,,,,,,,,,,,,,,,,,,,,,,,,,,,,,,,,,,,,,,,,,,,,,,,,,,,,,
Réunion,1994,564.759,85,98.108,15,662.867,,,,,,,,,,,,,,,,,,,,,,,,,,,,,,,,,,,,,,,,,,,,,,,,,,,,,,,,,,,,,,
Réunion,1995,581.875,86,93.789,14,675.664,,,,,,,,,,,,,,,,,,,,,,,,,,,,,,,,,,,,,,,,,,,,,,,,,,,,,,,,,,,,,,
Réunion,1996,598.852,87,88.909,13,687.761,,,,,,,,,,,,,,,,,,,,,,,,,,,,,,,,,,,,,,,,,,,,,,,,,,,,,,,,,,,,,,
Réunion,1997,615.662,88,84.591,12,700.253,,,,,,,,,,,,,,,,,,,,,,,,,,,,,,,,,,,,,,,,,,,,,,,,,,,,,,,,,,,,,,
Réunion,1998,632.229,89,80.815,11,713.044,,,,,,,,,,,,,,,,,,,,,,,,,,,,,,,,,,,,,,,,,,,,,,,,,,,,,,,,,,,,,,
Réunion,1999,648.466,89,77.536,11,726.002,,,,,,,,,,,,,,,,,,,,,,,,,,,,,,,,,,,,,,,,,,,,,,,,,,,,,,,,,,,,,,
Réunion,2000,664.154,90,74.83,10,738.984,,,,,,,,,,,,,,,,,,,,,,,,,,,,,,,,,,,,,,,,,,,,,,,,,,,,,,,,,,,,,,
Réunion,2001,679.238,91,70.654,9,749.892,,,,,,,,,,,,,,,,,,,,,,,,,,,,,,,,,,,,,,,,,,,,,,,,,,,,,,,,,,,,,,
Réunion,2002,693.727,91,67.551,9,761.278,,,,,,,,,,,,,,,,,,,,,,,,,,,,,,,,,,,,,,,,,,,,,,,,,,,,,,,,,,,,,,
Réunion,2003,707.683,92,65.129,8,772.812,,,,,,,,,,,,,,,,,,,,,,,,,,,,,,,,,,,,,,,,,,,,,,,,,,,,,,,,,,,,,,
Réunion,2004,721.214,92,62.885,8,784.099,,,,,,,,,,,,,,,,,,,,,,,,,,,,,,,,,,,,,,,,,,,,,,,,,,,,,,,,,,,,,,
Réunion,2005,734.402,92,60.431,8,794.833,,,,,,,,,,,,,,,,,,,,,,,,,,,,,,,,,,,,,,,,,,,,,,,,,,,,,,,,,,,,,,
Réunion,2006,747.249,93,58.781,7,806.03,,,,,,,,,,,,,,,,,,,,,,,,,,,,,,,,,,,,,,,,,,,,,,,,,,,,,,,,,,,,,,
Réunion,2007,759.765,93,56.425,7,816.19,,,,,,,,,,,,,,,,,,,,,,,,,,,,,,,,,,,,,,,,,,,,,,,,,,,,,,,,,,,,,,
Réunion,2008,771.958,93,53.934,7,825.892,,,,,,,,,,,,,,,,,,,,,,,,,,,,,,,,,,,,,,,,,,,,,,,,,,,,,,,,,,,,,,
Réunion,2009,783.845,94,51.98,6,835.825,,,,,,,,,,,,,,,,,,,,,,,,,,,,,,,,,,,,,,,,,,,,,,,,,,,,,,,,,,,,,,
Réunion,2010,795.422,94,50.646,6,846.068,,,,,,,,,,,,,,,,,,,,,,,,,,,,,,,,,,,,,,,,,,,,,,,,,,,,,,,,,,,,,,
Rwanda,1990,385.053,5,6724.485,95,7109.538,365.8,95,127.067,33,19.253,5,15.402,4,3.851,1,4303.67,64,0,0,2420.815,36,1613.876,24,806.938,12,4669.471,66,127.067,2,2440.067,34,1629.279,23,810.789,11,31,265.687,69,119.366,31,92.413,24,15.402,4,11.552,3,2286.325,34,4438.16,66,268.979,4,3698.467,55,470.714,7,2552.011,36,4557.527,64,361.392,5,3713.869,52,482.266,7,34
Rwanda,1991,377.297,5,6513.03,95,6890.327,354.659,94,120.735,32,22.638,6,15.092,4,7.546,2,4168.339,64,0,0,2344.691,36,1563.127,24,781.564,12,4522.998,66,120.735,2,2367.329,34,1578.219,23,789.11,11,,256.562,68,120.735,32,90.551,24,18.865,5,11.319,3,2279.561,35,4233.469,65,260.521,4,3517.036,54,455.912,7,2536.122,37,4354.205,63,351.072,5,3535.901,51,467.231,7,
Rwanda,1992,389.936,6,6212.871,94,6602.807,362.64,93,120.88,31,27.296,7,15.597,4,11.698,3,3976.237,64,0,0,2236.634,36,1428.96,23,807.673,13,4338.878,66,120.88,2,2263.929,34,1444.558,22,819.371,12,,261.257,67,128.679,33,93.585,24,23.396,6,11.698,3,2236.634,36,3976.237,64,248.515,4,3292.822,53,434.901,7,2497.891,38,4104.916,62,342.099,5,3316.218,50,446.599,7,
Rwanda,1993,402.155,6,5856.317,94,6258.472,369.983,92,120.647,30,32.172,8,20.108,5,12.065,3,3748.043,64,0,0,2108.274,36,1346.953,23,761.321,13,4118.025,66,120.647,2,2140.447,34,1367.061,22,773.386,12,,265.422,66,136.733,34,92.496,23,36.194,9,8.043,2,2166.837,37,3689.48,63,234.253,4,3045.285,52,409.942,7,2432.26,39,3826.212,61,326.748,5,3081.479,49,417.985,7,
Rwanda,1994,421.872,7,5477.522,93,5899.394,388.122,92,122.343,29,33.75,8,21.094,5,12.656,3,3505.614,64,0,0,1971.908,36,1205.055,22,766.853,14,3893.736,66,122.343,2,2005.658,34,1226.148,21,779.509,13,,274.217,65,147.655,35,97.031,23,42.187,10,8.437,2,2081.458,38,3396.064,62,219.101,4,2793.536,51,383.427,7,2355.675,40,3543.719,60,316.131,5,2835.723,48,391.864,7,
Rwanda,1995,461.993,8,5108.213,92,5570.206,420.414,91,129.358,28,41.579,9,23.1,5,18.48,4,3269.256,64,0,0,1838.957,36,1123.807,22,715.15,14,3689.67,66,129.358,2,1880.536,34,1146.907,21,733.63,13,,295.676,64,166.317,36,106.258,23,50.819,11,9.24,2,1992.203,39,3116.01,61,204.329,4,2605.189,51,306.493,6,2287.879,41,3282.327,59,310.587,6,2656.008,47,315.733,6,
Rwanda,1996,534.068,9,5445.611,91,5979.679,480.661,90,144.198,27,53.407,10,32.044,6,21.363,4,3485.191,64,0,0,1960.42,36,1198.034,22,762.386,14,3965.852,66,144.198,2,2013.827,34,1230.079,21,783.748,13,,341.804,64,192.264,36,122.836,23,58.747,11,10.681,2,2178.244,40,3267.367,60,217.824,4,2722.806,50,326.737,6,2520.048,42,3459.631,58,340.66,6,2781.553,46,337.418,6,
Rwanda,1997,642.117,10,5813.932,90,6456.049,571.484,89,166.95,26,70.633,11,38.527,6,32.106,5,3720.916,64,0,0,2093.016,36,1220.926,21,872.09,15,4292.401,66,166.95,3,2163.648,34,1259.453,20,904.196,13,,404.534,63,237.583,37,141.266,22,83.475,13,12.842,2,2383.712,41,3430.22,59,290.697,5,2790.687,48,348.836,6,2788.246,43,3667.803,57,431.962,7,2874.163,44,361.678,6,
Rwanda,1998,783.713,11,6208.674,89,6992.387,689.667,88,195.928,25,94.046,12,47.023,6,47.023,6,3911.465,63,0,0,2297.209,37,1303.822,21,993.388,16,4601.132,66,195.928,3,2391.255,34,1350.844,19,1040.411,15,,485.902,62,297.811,38,172.417,22,109.72,14,15.674,2,2669.73,43,3538.944,57,310.434,5,2855.99,46,372.52,6,3155.632,45,3836.755,55,482.851,7,2965.71,42,388.195,6,
Rwanda,1999,945.962,13,6604.98,87,7550.942,822.987,87,227.031,24,122.975,13,56.758,6,66.217,7,4161.137,63,0,0,2443.843,37,1320.996,20,1122.847,17,4984.124,66,227.031,3,2566.818,34,1377.754,18,1189.064,16,,577.037,61,368.925,39,208.112,22,141.894,15,18.919,2,2906.191,44,3698.789,56,330.249,5,2972.241,45,396.299,6,3483.228,46,4067.714,54,538.361,7,3114.135,42,415.218,5,
Rwanda,2000,1115.304,14,6983.04,86,8098.344,959.161,86,256.52,23,156.143,14,78.071,7,78.071,7,4399.315,63,0,0,2583.725,37,1396.608,20,1187.117,17,5358.477,66,256.52,3,2739.867,34,1474.679,18,1265.188,16,,669.182,60,446.122,40,234.214,21,189.602,17,22.306,2,3142.368,45,3840.672,55,349.152,5,3142.368,45,349.152,5,3811.55,47,4286.794,53,583.366,7,3331.97,41,371.458,5,
Rwanda,2001,1283.514,15,7068.424,85,8351.938,1090.987,85,282.373,22,192.527,15,89.846,7,102.681,8,4453.107,63,0,0,2615.317,37,1413.685,20,1201.632,17,5544.094,66,282.373,3,2807.844,34,1503.531,18,1304.313,16,,757.273,59,526.241,41,269.538,21,231.033,18,25.67,2,3251.475,46,3816.949,54,353.421,5,3110.107,44,353.421,5,4008.748,48,4343.19,52,622.959,7,3341.139,40,379.091,5,
Rwanda,2002,1452.295,17,7122.143,83,8574.438,1219.928,84,304.982,21,232.367,16,101.661,7,130.707,9,4486.95,63,0,0,2635.193,37,1353.207,19,1281.986,18,5706.878,67,304.982,4,2867.56,33,1454.868,17,1412.692,16,,856.854,59,595.441,41,304.982,21,261.413,18,29.046,2,3347.407,47,3774.736,53,356.107,5,3062.521,43,356.107,5,4204.261,49,4370.177,51,661.089,8,3323.935,39,385.153,4,
Rwanda,2003,1513.985,17,7259.456,83,8773.441,1256.608,83,302.797,20,257.377,17,121.119,8,136.259,9,4573.457,63,0,0,2685.999,37,1379.297,19,1306.702,18,5830.065,66,302.797,3,2943.376,34,1500.415,17,1442.961,17,,878.111,58,635.874,42,302.797,20,302.797,20,30.28,2,3484.539,48,3774.917,52,362.973,5,3048.972,42,362.973,5,4362.65,50,4410.791,50,665.77,8,3351.769,38,393.253,4,
Rwanda,2004,1560.022,17,7416.323,83,8976.345,1279.218,82,296.404,19,280.804,18,124.802,8,156.002,10,4672.283,63,0,0,2744.04,37,1334.938,18,1409.101,19,5951.502,66,296.404,3,3024.843,34,1459.74,16,1565.104,18,,889.213,57,670.809,43,312.004,20,327.605,21,31.2,2,3633.998,49,3782.325,51,370.816,5,3040.692,41,370.816,5,4523.211,50,4453.134,50,682.821,8,3368.297,38,402.017,4,
Rwanda,2005,1613.891,18,7587.836,82,9201.727,1307.252,81,290.5,18,306.639,19,129.111,8,177.528,11,4780.337,63,0,0,2807.499,37,1365.81,18,1441.689,19,6087.588,66,290.5,3,3114.139,34,1494.922,16,1619.217,18,,903.779,56,710.112,44,322.778,20,355.056,22,32.278,2,3793.918,50,3793.918,50,455.27,6,3035.134,40,303.513,4,4697.697,51,4504.03,49,778.048,8,3390.19,37,335.791,4,
Rwanda,2006,1678.21,18,7773.823,82,9452.033,1342.568,80,285.296,17,335.642,20,151.039,9,184.603,11,4897.508,63,0,0,2876.315,37,1399.288,18,1477.026,19,6240.076,66,285.296,3,3211.957,34,1550.327,16,1661.629,18,,923.016,55,755.194,45,335.642,20,385.988,23,33.564,2,4042.388,52,3731.435,48,466.429,6,2954.053,38,310.953,4,4965.403,53,4486.63,47,802.071,8,3340.041,35,344.517,4,
Rwanda,2007,1750.323,18,7975.756,82,9726.079,1382.755,79,280.052,16,367.568,21,157.529,9,210.039,12,5024.726,63,0,0,2951.03,37,1355.879,17,1595.151,20,6407.481,66,280.052,3,3318.598,34,1513.408,16,1805.19,18,,945.174,54,805.149,46,332.561,19,437.581,25,35.006,2,4227.151,53,3748.605,47,478.545,6,2951.03,37,319.03,4,5172.325,53,4553.754,47,811.107,8,3388.61,35,354.037,4,
Rwanda,2008,1829.548,18,8190.645,82,10020.193,1427.047,78,274.432,15,402.501,22,164.659,9,237.841,13,5160.106,63,81.906,1,3030.539,37,1392.41,17,1638.129,20,6587.154,66,356.339,4,3433.039,34,1557.069,16,1875.97,18,,987.956,54,841.592,46,347.614,19,457.387,25,36.591,2,4422.948,54,3767.697,46,491.439,6,2948.632,36,327.626,4,5410.904,54,4609.289,46,839.053,8,3406.019,34,364.217,4,
Rwanda,2009,1914.185,19,8407.341,81,10321.526,1473.922,77,267.986,14,440.263,23,191.419,10,248.844,13,5296.625,63,84.073,1,3110.716,37,1345.175,16,1765.542,21,6770.547,66,352.059,3,3550.979,34,1536.593,15,2014.386,20,,1014.518,53,899.667,47,363.695,19,516.83,27,19.142,1,4624.038,55,3783.303,45,504.44,6,3026.643,36,252.22,3,5638.556,55,4682.97,45,868.136,8,3543.473,34,271.362,3,
Rwanda,2010,2003.05,19,8620.955,81,10624.005,1522.318,76,260.397,13,480.732,24,200.305,10,280.427,14,5431.202,63,86.21,1,3189.753,37,1379.353,16,1810.401,21,6953.52,65,346.606,3,3670.485,35,1579.658,15,2090.828,20,,1041.586,52,961.464,48,360.549,18,580.885,29,20.031,1,4827.735,56,3793.22,44,517.257,6,3017.334,35,258.629,3,5869.321,55,4754.684,45,877.806,8,3598.219,34,278.659,3,
Sao Tome and Principe,1990,50.683,44,65.434,56,116.117,,,,,,,,,,,,,,,,,,,,,,,,,,,,,,,31,,,,,,,,,,,,,,,,,,,,,,,,,,,,,,,10
Sao Tome and Principe,1991,53.085,45,64.952,55,118.037,,,,,,,,,,,,,,,,,,,,,,,,,,,,,,,,,,,,,,,,,,,,,,,,,,,,,,,,,,,,,,
Sao Tome and Principe,1992,55.299,46,65.116,54,120.415,,,,,,,,,,,,,,,,,,,,,,,,,,,,,,,,,,,,,,,,,,,,,,,,,,,,,,,,,,,,,,
Sao Tome and Principe,1993,57.526,47,65.481,53,123.007,,,,,,,,,,,,,,,,,,,,,,,,,,,,,,,,,,,,,,,,,,,,,,,,,,,,,,,,,,,,,,
Sao Tome and Principe,1994,59.824,48,65.711,52,125.535,50.85,85,18.545,31,8.974,15,6.581,11,2.393,4,42.712,65,8.542,13,22.999,35,18.399,28,4.6,7,93.563,75,27.088,22,31.972,25,24.98,20,6.993,5,,16.152,27,43.672,73,2.393,4,0,0,41.279,69,9.2,14,56.511,86,2.628,4,0,0,53.883,82,25.352,20,100.183,80,5.021,4,0,0,95.162,76,
Sao Tome and Principe,1995,62.216,49,65.719,51,127.935,52.884,85,19.287,31,9.332,15,6.844,11,2.489,4,42.717,65,8.543,13,23.002,35,18.401,28,4.6,7,95.601,75,27.83,22,32.334,25,25.245,20,7.089,5,,16.798,27,45.418,73,2.489,4,0,0,42.929,69,9.201,14,56.518,86,2.629,4,0,0,53.89,82,25.999,20,101.936,80,5.117,4,0,0,96.819,76,
Sao Tome and Principe,1996,64.717,49,66.054,51,130.771,55.009,85,20.062,31,9.708,15,7.119,11,2.589,4,42.935,65,8.587,13,23.119,35,18.495,28,4.624,7,97.945,75,28.649,22,32.826,25,25.614,20,7.212,5,,17.474,27,47.243,73,2.589,4,0,0,44.655,69,9.248,14,56.806,86,2.642,4,0,0,54.164,82,26.721,20,104.05,80,5.231,4,0,0,98.819,76,
Sao Tome and Principe,1997,67.308,50,66.068,50,133.376,57.212,85,20.865,31,10.096,15,7.404,11,2.692,4,42.944,65,8.589,13,23.124,35,18.499,28,4.625,7,100.156,75,29.454,22,33.22,25,25.903,19,7.317,6,,18.173,27,49.135,73,2.692,4,0,0,46.443,69,9.25,14,56.818,86,2.643,4,0,0,54.176,82,27.423,21,105.953,79,5.335,4,0,0,100.618,75,
Sao Tome and Principe,1998,69.969,51,65.907,49,135.876,59.474,85,21.69,31,10.495,15,7.697,11,2.799,4,42.84,65,8.568,13,23.067,35,18.454,28,4.613,7,102.313,75,30.258,22,33.563,25,26.151,19,7.412,6,,18.892,27,51.077,73,2.799,4,0,0,48.279,69,9.227,14,56.68,86,2.636,4,0,0,54.044,82,28.119,21,107.757,79,5.435,4,0,0,102.322,75,
Sao Tome and Principe,1999,72.654,52,65.765,48,138.419,62.482,86,22.523,31,10.172,14,7.992,11,2.18,3,44.063,67,9.207,14,21.702,33,17.099,26,4.604,7,106.545,77,31.73,23,31.874,23,25.091,18,6.783,5,,19.617,27,53.037,73,2.906,4,1.453,2,48.678,67,9.207,14,56.558,86,2.631,4,1.315,2,52.612,80,28.824,21,109.595,79,5.537,4,2.768,2,101.29,73,
Sao Tome and Principe,2000,75.333,53,65.677,47,141.01,64.786,86,23.353,31,10.547,14,7.533,10,3.013,4,45.974,70,9.195,14,19.703,30,15.106,23,4.597,7,110.76,79,32.548,23,30.25,21,22.639,16,7.611,6,,20.34,27,54.993,73,3.013,4,3.013,4,48.966,65,9.852,15,55.825,85,2.627,4,1.97,3,51.228,78,30.191,21,110.819,79,5.64,4,4.984,4,100.195,71,
Sao Tome and Principe,2001,77.993,54,65.529,46,143.522,67.074,86,24.178,31,10.919,14,7.019,9,3.9,5,47.181,72,9.829,15,18.348,28,13.761,21,4.587,7,114.255,80,34.007,24,29.267,20,20.78,14,8.487,6,,21.838,28,56.155,72,3.12,4,3.9,5,49.136,63,9.829,15,55.7,85,2.621,4,3.276,5,49.802,76,31.667,22,111.855,78,5.741,4,7.176,5,98.938,69,
Sao Tome and Principe,2002,80.645,55,65.307,45,145.952,70.161,87,25,31,10.484,13,6.452,8,4.032,5,48.327,74,9.796,15,16.98,26,12.408,19,4.571,7,118.488,81,34.796,24,27.464,19,18.86,13,8.604,6,,22.581,28,58.064,72,3.226,4,5.645,7,49.193,61,10.449,16,54.858,84,2.612,4,3.265,5,48.98,75,33.03,23,112.922,77,5.838,4,8.911,6,98.174,67,
Sao Tome and Principe,2003,83.285,56,64.992,44,148.277,72.458,87,25.818,31,10.827,13,5.83,7,4.997,6,49.394,76,10.399,16,15.598,24,10.399,16,5.199,8,121.852,82,36.217,24,26.425,18,16.229,11,10.196,7,,23.32,28,59.965,72,3.331,4,7.496,9,49.138,59,10.399,16,54.593,84,3.25,5,3.9,6,47.444,73,33.719,23,114.558,77,6.581,4,11.395,8,96.582,65,
Sao Tome and Principe,2004,85.934,57,64.551,43,150.485,75.622,88,26.64,31,10.312,12,5.156,6,5.156,6,50.995,79,10.328,16,13.556,21,9.037,14,4.519,7,126.617,84,36.968,25,23.868,16,14.193,9,9.675,6,,24.921,29,61.013,71,3.437,4,8.593,10,48.982,57,10.974,17,53.577,83,3.228,5,4.519,7,45.831,71,35.895,24,114.59,76,6.665,4,13.112,9,94.814,63,
Sao Tome and Principe,2005,88.618,58,64.004,42,152.622,77.984,88,28.358,32,10.634,12,4.431,5,6.203,7,51.843,81,10.881,17,12.161,19,7.04,11,5.12,8,129.827,85,39.238,26,22.795,15,11.471,8,11.324,7,,25.699,29,62.919,71,3.545,4,10.634,12,48.74,55,10.881,17,53.123,83,3.2,5,5.12,8,44.803,70,36.58,24,116.042,76,6.745,4,15.754,11,93.543,61,
Sao Tome and Principe,2006,91.335,59,63.955,41,155.29,80.375,88,29.227,32,10.96,12,3.653,4,7.307,8,53.083,83,10.872,17,10.872,17,5.756,9,5.116,8,133.457,86,40.1,26,21.833,14,9.409,6,12.423,8,,26.487,29,64.848,71,3.653,4,12.787,14,48.408,53,11.512,18,52.443,82,3.198,5,5.756,9,43.489,68,37.999,24,117.291,76,6.851,4,18.543,13,91.897,59,
Sao Tome and Principe,2007,94.085,60,63.736,40,157.821,83.736,89,30.107,32,10.349,11,2.823,3,7.527,8,54.176,85,11.472,18,9.56,15,4.462,7,5.099,8,137.911,87,41.58,26,19.91,13,7.284,5,12.626,8,,28.226,30,65.859,70,3.763,4,14.113,15,47.983,51,11.472,18,52.264,82,3.187,5,7.011,11,42.066,66,39.698,25,118.123,75,6.95,4,21.124,14,90.049,57,
Sao Tome and Principe,2008,96.905,60,63.399,40,160.304,86.245,89,31.01,32,10.66,11,1.938,2,8.721,9,55.791,88,11.412,18,7.608,12,2.536,4,5.072,8,142.037,89,42.421,26,18.267,11,4.474,3,13.793,9,,29.072,30,67.833,70,3.876,4,16.474,17,47.483,49,12.046,19,51.353,81,3.17,5,7.608,12,40.575,64,41.117,26,119.187,74,7.046,4,24.082,15,88.059,55,
Sao Tome and Principe,2009,99.838,61,62.981,39,162.819,88.856,89,31.948,32,10.982,11,1.997,2,8.985,9,55.423,88,11.337,18,7.558,12,2.519,4,5.038,8,144.279,89,43.285,27,18.54,11,4.516,3,14.024,8,,29.951,30,69.887,70,3.994,4,16.972,17,48.921,49,11.966,19,51.015,81,3.149,5,7.558,12,40.308,64,41.918,26,120.901,74,7.143,4,24.53,15,89.228,55,
Sao Tome and Principe,2010,102.918,62,62.479,38,165.397,91.597,89,32.934,32,11.321,11,2.058,2,9.263,9,54.982,88,11.246,18,7.497,12,2.499,4,4.998,8,146.579,89,44.18,27,18.818,11,4.558,3,14.261,8,,30.875,30,72.043,70,4.117,4,17.496,17,50.43,49,11.871,19,50.608,81,3.124,5,7.497,12,39.987,64,42.746,26,122.651,74,7.241,4,24.994,15,90.416,55,
Senegal,1990,2816.972,39,4424.601,61,7241.573,2478.935,88,1295.807,46,338.037,12,0,0,338.037,12,1902.578,43,132.738,3,2522.023,57,88.492,2,2433.531,55,4381.514,61,1428.545,20,2860.059,39,88.492,1,2771.567,38,29,1746.523,62,1070.449,38,478.885,17,338.037,12,253.527,9,973.412,22,3451.189,78,265.476,6,663.69,15,2522.023,57,2719.935,38,4521.638,62,744.361,10,1001.727,14,2775.55,38,25
Senegal,1991,2913.294,39,4552.843,61,7466.137,2563.699,88,1369.248,47,349.595,12,0,0,349.595,12,1957.722,43,136.585,3,2595.121,57,91.057,2,2504.064,55,4521.421,61,1505.833,20,2944.716,39,91.057,1,2853.659,39,,1835.375,63,1077.919,37,495.26,17,349.595,12,233.064,8,1047.154,23,3505.689,77,273.171,6,728.455,16,2504.064,55,2882.529,39,4583.608,61,768.431,10,1078.05,14,2737.127,37,
Senegal,1992,3012.329,39,4677.635,61,7689.964,2680.973,89,1476.041,49,331.356,11,0,0,331.356,11,2058.159,44,187.105,4,2619.476,56,93.553,2,2525.923,54,4739.132,62,1663.147,22,2950.832,38,93.553,1,2857.279,37,,1897.767,63,1114.562,37,512.096,17,361.479,12,240.986,8,1122.632,24,3555.003,76,280.658,6,748.422,16,2525.923,54,3020.4,39,4669.564,61,792.754,10,1109.901,15,2766.909,36,
Senegal,1993,3113.159,39,4801.177,61,7914.336,2770.712,89,1556.58,50,342.447,11,0,0,342.447,11,2160.53,45,192.047,4,2640.647,55,96.024,2,2544.624,53,4931.241,62,1748.627,22,2983.095,38,96.024,1,2887.071,37,,1961.29,63,1151.869,37,529.237,17,373.579,12,249.053,8,1200.294,25,3600.883,75,336.082,7,768.188,16,2496.612,52,3161.584,40,4752.752,60,865.319,11,1141.767,14,2745.665,35,
Senegal,1994,3214.586,39,4925.929,61,8140.515,2860.982,89,1671.585,52,353.604,11,0,0,353.604,11,2216.668,45,246.296,5,2709.261,55,98.519,2,2610.742,53,5077.65,62,1917.881,24,3062.865,38,98.519,1,2964.347,36,,2057.335,64,1157.251,36,546.48,17,385.75,12,225.021,7,1280.742,26,3645.187,74,344.815,7,788.149,16,2512.224,51,3338.077,41,4802.438,59,891.295,11,1173.899,14,2737.245,34,
Senegal,1995,3315.847,40,5053.278,60,8369.125,2951.104,89,1757.399,53,364.743,11,0,0,364.743,11,2324.508,46,252.664,5,2728.77,54,101.066,2,2627.705,52,5275.612,63,2010.063,24,3093.513,37,101.066,1,2992.448,36,,2122.142,64,1193.705,36,596.852,18,364.743,11,232.109,7,1313.852,26,3739.426,74,353.729,7,859.057,17,2526.639,50,3435.994,41,4933.131,59,950.582,11,1223.8,15,2758.748,33,
Senegal,1996,3416.554,40,5177.688,60,8594.242,3040.733,89,1879.105,55,375.821,11,0,0,375.821,11,2433.513,47,310.661,6,2744.175,53,103.554,2,2640.621,51,5474.246,64,2189.766,25,3119.996,36,103.554,1,3016.442,36,,2220.76,65,1195.794,35,614.98,18,341.655,10,239.159,7,1397.976,27,3779.712,73,362.438,7,931.984,18,2485.29,48,3618.736,42,4975.506,58,977.418,11,1273.639,15,2724.449,32,
Senegal,1997,3517.147,40,5301.481,60,8818.628,3165.432,90,1969.602,56,351.715,10,0,0,351.715,10,2491.696,47,318.089,6,2809.785,53,106.03,2,2703.755,51,5657.128,64,2287.691,26,3161.5,36,106.03,1,3055.47,35,,2286.146,65,1231.001,35,633.086,18,386.886,11,211.029,6,1484.415,28,3817.066,72,371.104,7,954.267,18,2491.696,47,3770.56,43,5048.068,57,1004.19,11,1341.153,15,2702.725,31,
Senegal,1998,3619.116,40,5424.711,60,9043.827,3257.204,90,2062.896,57,361.912,10,0,0,361.912,10,2603.861,48,379.73,7,2820.85,52,108.494,2,2712.356,50,5861.066,65,2442.626,27,3182.761,35,108.494,1,3074.267,34,,2352.425,65,1266.691,35,651.441,18,398.103,11,217.147,6,1573.166,29,3851.545,71,433.977,8,976.448,18,2441.12,45,3925.592,43,5118.235,57,1085.418,12,1374.551,16,2658.267,29,
Senegal,1999,3724.584,40,5547.569,60,9272.153,3352.126,90,2197.505,59,372.458,10,0,0,372.458,10,2662.833,48,443.806,8,2884.736,52,110.951,2,2773.785,50,6014.959,65,2641.31,28,3257.194,35,110.951,1,3146.243,35,,2458.225,66,1266.359,34,670.425,18,372.458,10,223.475,6,1664.271,30,3883.298,70,443.806,8,998.562,18,2440.93,44,4122.496,44,5149.657,56,1114.231,12,1371.021,15,2664.405,29,
Senegal,2000,3835.14,40,5670.722,60,9505.862,3451.626,90,2301.084,60,383.514,10,0,0,383.514,10,2778.654,49,453.658,8,2892.068,51,113.414,2,2778.654,49,6230.28,66,2754.742,29,3275.582,34,113.414,1,3162.168,33,,2531.192,66,1303.948,34,690.325,18,421.865,11,191.757,5,1757.924,31,3912.798,69,453.658,8,1077.437,19,2381.703,42,4289.116,45,5216.746,55,1143.983,12,1499.303,16,2573.46,27,
Senegal,2001,3951.355,40,5817.645,60,9769,3595.733,91,2449.84,62,355.622,9,0,0,355.622,9,2908.823,50,523.588,9,2908.822,50,116.353,2,2792.47,48,6504.556,67,2973.428,30,3264.444,33,116.353,1,3148.092,33,,2647.408,67,1303.947,33,711.244,18,395.136,10,197.568,5,1803.47,31,4014.175,69,465.412,8,1163.529,20,2385.234,41,4450.878,46,5318.122,54,1176.656,12,1558.665,16,2582.802,26,
Senegal,2002,4073.025,41,5963.942,59,10036.967,3706.453,91,2566.006,63,366.572,9,0,0,366.572,9,2981.971,50,536.755,9,2981.971,50,119.279,2,2862.692,48,6688.424,67,3102.761,31,3348.543,33,119.279,1,3229.264,32,,2728.927,67,1344.098,33,733.145,18,407.303,10,203.651,5,1908.461,32,4055.481,68,536.755,9,1192.788,20,2325.937,39,4637.388,46,5399.579,54,1269.899,13,1600.091,16,2529.589,25,
Senegal,2003,4199.712,41,6110.318,59,10310.03,3821.738,91,2729.813,65,377.974,9,41.997,1,335.977,8,3116.262,51,611.032,10,2994.056,49,122.206,2,2871.849,47,6938,67,3340.845,32,3372.03,33,164.203,2,3207.826,31,,2813.807,67,1385.905,33,755.948,18,461.968,11,167.988,4,2016.405,33,4093.913,67,549.929,9,1222.064,20,2321.921,38,4830.212,47,5479.818,53,1305.877,13,1684.032,16,2489.909,24,
Senegal,2004,4332.837,41,6255.272,59,10588.109,3942.882,91,2859.672,66,389.955,9,43.328,1,346.627,8,3252.741,52,625.527,10,3002.531,48,125.105,2,2877.425,46,7195.623,68,3485.2,33,3392.486,32,168.434,2,3224.052,30,,2946.329,68,1386.508,32,823.239,19,389.955,9,173.313,4,2126.792,34,4128.48,66,562.974,9,1313.607,21,2251.898,36,5073.122,48,5514.987,52,1386.214,13,1703.562,16,2425.211,23,
Senegal,2005,4472.159,41,6399.749,59,10871.908,4114.386,92,3041.068,68,357.773,8,44.722,1,313.051,7,3327.869,52,703.972,11,3071.88,48,127.995,2,2943.885,46,7442.256,68,3745.041,34,3429.652,32,172.717,2,3256.936,30,,3041.068,68,1431.091,32,849.71,19,447.216,10,134.165,3,2239.912,35,4159.837,65,575.977,9,1343.947,21,2239.912,35,5280.98,49,5590.928,51,1425.688,13,1791.163,16,2374.077,22,
Senegal,2006,4617.715,41,6560.069,59,11177.784,4248.298,92,3186.223,69,369.417,8,46.177,1,323.24,7,3476.837,53,721.608,11,3083.232,47,131.201,2,2952.031,45,7725.134,69,3907.831,35,3452.65,31,177.379,2,3275.271,29,,3140.046,68,1477.669,32,877.366,19,461.772,10,138.531,3,2296.024,35,4264.045,65,590.406,9,1508.816,23,2164.823,33,5436.07,49,5741.714,51,1467.772,13,1970.587,17,2303.354,21,
Senegal,2007,4770.017,42,6716.457,58,11486.474,4388.416,92,3386.712,71,381.601,8,47.7,1,333.901,7,3626.887,54,805.975,12,3089.57,46,134.329,2,2955.241,44,8015.302,70,4192.687,37,3471.172,30,182.029,2,3289.142,28,,3291.312,69,1478.705,31,906.303,19,429.302,9,143.101,3,2417.925,36,4298.532,64,671.646,10,1477.621,22,2149.266,32,5709.236,50,5777.238,50,1577.949,14,1906.922,16,2292.367,20,
Senegal,2008,4929.257,42,6869.689,58,11798.946,4534.916,92,3549.065,72,394.341,8,49.293,1,345.048,7,3709.632,54,824.363,12,3160.057,46,137.394,2,3022.663,44,8244.549,70,4373.428,37,3554.397,30,186.686,2,3367.711,28,,3401.187,69,1528.07,31,936.559,19,492.926,10,98.585,2,2541.785,37,4327.904,63,686.969,10,1511.332,22,2129.604,31,5942.972,50,5855.974,50,1623.528,14,2004.257,17,2228.189,19,
Senegal,2009,5095.658,42,7019.29,58,12114.948,4738.962,93,3770.787,74,356.696,7,50.957,1,305.739,6,3860.61,55,912.508,13,3158.68,45,140.386,2,3018.295,43,8599.571,71,4683.295,39,3515.377,29,191.342,2,3324.034,27,,3566.961,70,1528.697,30,968.175,19,458.609,9,101.913,2,2667.33,38,4351.96,62,701.929,10,1614.437,23,2035.594,29,6234.291,51,5880.657,49,1670.104,14,2073.046,17,2137.507,18,
Senegal,2010,5269.29,42,7164.438,58,12433.728,4900.44,93,3951.968,75,368.85,7,52.693,1,316.157,6,4012.085,56,931.377,13,3152.353,44,143.289,2,3009.064,42,8912.525,72,4883.344,39,3521.203,28,195.982,2,3325.221,27,,3688.503,70,1580.787,30,1001.165,19,474.236,9,105.386,2,2794.131,39,4370.307,61,716.444,10,1647.821,23,2006.043,28,6482.634,52,5951.094,48,1717.609,14,2122.057,17,2111.428,17,
Seychelles,1990,35.013,49,36.018,51,71.031,,,,,,,,,,,,,,,,,,,,,,,,,,,,,,,,,,,,,,,,,,,,,,,,,,,,,,,,,,,,,,
Seychelles,1991,35.473,49,36.327,51,71.8,,,,,,,,,,,,,,,,,,,,,,,,,,,,,,,,,,,,,,,,,,,,,,,,,,,,,,,,,,,,,,
Seychelles,1992,35.924,50,36.625,50,72.549,,,,,,,,,,,,,,,,,,,,,,,,,,,,,,,,,,,,,,,,,,,,,,,,,,,,,,,,,,,,,,
Seychelles,1993,36.371,50,36.914,50,73.285,,,,,,,,,,,,,,,,,,,,,,,,,,,,,,,,,,,,,,,,,,,,,,,,,,,,,,,,,,,,,,
Seychelles,1994,36.816,50,37.2,50,74.016,,,,,,,,,,,,,,,,,,,,,,,,,,,,,,,,,,,,,,,,,,,,,,,,,,,,,,,,,,,,,,
Seychelles,1995,37.268,50,37.487,50,74.755,,,,,,,,,,,,,,,,,,,,,,,,,,,,,,,,,,,,,,,,,,,,,,,,,,,,,,,,,,,,,,
Seychelles,1996,37.816,50,37.678,50,75.494,31.766,84,31.766,84,6.05,16,6.051,16,0,0,,,,,,,,,,,,,,,,,,,,,,35.547,94,2.269,6,,,1.891,5,0.378,1,,,,,,,,,,,,,,,,,,,,,
Seychelles,1997,38.37,50,37.865,50,76.235,32.231,84,32.231,84,6.139,16,6.139,16,0,0,,,,,,,,,,,,,,,,,,,,,,36.068,94,2.302,6,,,1.918,5,0.384,1,,,,,,,,,,,,,,,,,,,,,
Seychelles,1998,38.938,51,38.061,49,76.999,32.708,84,32.708,84,6.23,16,6.23,16,0,0,,,,,,,,,,,,,,,,,,,,,,36.602,94,2.336,6,,,1.947,5,0.389,1,,,,,,,,,,,,,,,,,,,,,
Seychelles,1999,39.534,51,38.276,49,77.81,33.209,84,33.209,84,6.325,16,6.326,16,0,0,,,,,,,,,,,,,,,,,,,,,,37.162,94,2.372,6,,,1.977,5,0.395,1,,,,,,,,,,,,,,,,,,,,,
Seychelles,2000,40.167,51,38.518,49,78.685,33.74,84,33.74,84,6.427,16,6.427,16,0,0,,,,,,,,,,,,,,,,,,,,,,37.757,94,2.41,6,,,2.008,5,0.402,1,,,,,,,,,,,,,,,,,,,,,
Seychelles,2001,40.943,51,38.691,49,79.634,35.211,86,35.211,86,5.732,14,5.732,14,0,0,,,,,,,,,,,,,,,,,,,,,,38.895,95,2.048,5,,,1.638,4,0.409,1,,,,,,,,,,,,,,,,,,,,,
Seychelles,2002,41.754,52,38.886,48,80.64,36.744,88,36.744,88,5.01,12,5.011,12,0,0,,,,,,,,,,,,,,,,,,,,,,39.667,95,2.087,5,,,1.67,4,0.418,1,,,,,,,,,,,,,,,,,,,,,
Seychelles,2003,42.581,52,39.079,48,81.66,38.323,90,38.323,90,4.258,10,4.258,10,0,0,,,,,,,,,,,,,,,,,,,,,,40.452,95,2.129,5,,,1.703,4,0.426,1,,,,,,,,,,,,,,,,,,,,,
Seychelles,2004,43.389,53,39.242,47,82.631,39.918,92,39.918,92,3.471,8,3.471,8,0,0,,,,,,,,,,,,,,,,,,,,,,41.654,96,1.735,4,,,1.302,3,0.434,1,,,,,,,,,,,,,,,,,,,,,
Seychelles,2005,44.157,53,39.356,47,83.513,41.508,94,41.508,94,2.649,6,2.649,6,0,0,,,,,,,,,,,,,,,,,,,,,,42.391,96,1.766,4,,,1.325,3,0.442,1,,,,,,,,,,,,,,,,,,,,,
Seychelles,2006,44.982,53,39.309,47,84.291,43.182,96,43.182,96,1.8,4,1.799,4,0,0,,,,,,,,,,,,,,,,,,,,,,43.632,97,1.35,3,,,0.9,2,0.45,1,,,,,,,,,,,,,,,,,,,,,
Seychelles,2007,45.763,54,39.212,46,84.975,44.847,98,44.847,98,0.916,2,0.915,2,0,0,,,,,,,,,,,,,,,,,,,,,,44.39,97,1.373,3,,,0.915,2,0.458,1,,,,,,,,,,,,,,,,,,,,,
Seychelles,2008,46.501,54,39.067,46,85.568,46.501,100,46.501,100,0,0,0,0,0,0,,,,,,,,,,,,,,,,,,,,,,45.106,97,1.395,3,,,0.93,2,0.465,1,,,,,,,,,,,,,,,,,,,,,
Seychelles,2009,47.2,55,38.879,45,86.079,47.2,100,47.2,100,0,0,0,0,0,0,,,,,,,,,,,,,,,,,,,,,,46.256,98,0.944,2,,,0.944,2,,,,,,,,,,,,,,,,,,,,,,,
Seychelles,2010,47.864,55,38.654,45,86.518,47.864,100,47.864,100,0,0,0,0,0,0,,,,,,,,,,,,,,,,,,,,,,46.907,98,0.957,2,,,0.957,2,,,,,,,,,,,,,,,,,,,,,,,
Sierra Leone,1990,1311.329,33,2670.238,67,3981.567,826.137,63,249.153,19,485.192,37,104.906,8,380.285,29,694.262,26,53.405,2,1975.976,74,1201.607,45,774.369,29,1520.399,38,302.557,8,2461.168,62,1306.513,33,1154.654,28,27,288.492,22,1022.837,78,550.758,42,458.965,35,13.113,1,133.512,5,2536.726,95,400.536,15,1468.631,55,667.56,25,422.004,11,3559.563,89,951.294,24,1927.596,48,680.673,17,5
Sierra Leone,1991,1325.957,33,2652.179,67,3978.136,861.872,65,251.932,19,464.085,35,92.817,7,371.268,28,716.088,27,53.044,2,1936.091,73,1193.481,45,742.61,28,1577.96,40,304.975,8,2400.176,60,1286.298,32,1113.878,28,,291.711,22,1034.246,78,556.902,42,464.085,35,13.26,1,132.609,5,2519.57,95,424.349,16,1405.655,53,689.567,26,424.319,11,3553.817,89,981.251,25,1869.74,46,702.826,18,
Sierra Leone,1992,1330.842,34,2638.625,66,3969.467,878.356,66,252.86,19,452.486,34,93.159,7,359.327,27,712.429,27,52.773,2,1926.196,73,1187.381,45,738.815,28,1590.784,40,305.632,8,2378.683,60,1280.54,32,1098.142,28,,292.785,22,1038.057,78,558.954,42,465.795,35,13.308,1,131.931,5,2506.694,95,422.18,16,1398.471,53,686.043,26,424.716,11,3544.751,89,981.134,25,1864.266,46,699.351,18,
Sierra Leone,1993,1329.926,34,2623.095,66,3953.021,891.05,67,252.686,19,438.876,33,93.095,7,345.781,26,734.467,28,52.462,2,1888.628,72,1180.393,45,708.236,27,1625.517,41,305.148,8,2327.504,59,1273.488,32,1054.016,27,,292.584,22,1037.342,78,571.868,43,438.876,33,26.599,2,131.155,5,2491.94,95,419.695,16,1364.009,52,708.236,27,423.738,11,3529.283,89,991.563,25,1802.885,45,734.834,19,
Sierra Leone,1994,1329.243,34,2599.217,66,3928.46,903.885,68,252.556,19,425.358,32,93.047,7,332.311,25,727.781,28,51.984,2,1871.436,72,1195.64,46,675.796,26,1631.666,42,304.541,8,2296.794,58,1288.687,33,1008.107,25,,292.433,22,1036.81,78,571.574,43,438.65,33,26.585,2,129.961,5,2469.256,95,415.875,16,1325.601,51,727.781,28,422.394,11,3506.066,89,987.449,25,1764.251,45,754.366,19,
Sierra Leone,1995,1333.552,34,2564.811,66,3898.363,920.151,69,253.375,19,413.401,31,93.349,7,320.052,24,718.147,28,51.296,2,1846.664,72,1179.813,46,666.851,26,1638.298,42,304.671,8,2260.065,58,1273.162,33,986.903,25,,293.381,22,1040.171,78,573.427,43,440.072,33,26.671,2,128.241,5,2436.57,95,410.37,16,1282.406,50,743.795,29,421.622,11,3476.741,89,983.797,25,1722.478,44,770.466,20,
Sierra Leone,1996,1343.546,34,2610.602,66,3954.148,940.482,70,255.274,19,403.064,30,94.048,7,309.016,23,757.075,29,52.212,2,1853.527,71,1200.877,46,652.651,25,1697.557,43,307.486,8,2256.591,57,1294.925,33,961.666,24,,295.58,22,1047.966,78,577.725,43,429.935,32,40.306,3,130.53,5,2480.072,95,417.696,16,1279.195,49,783.181,30,426.11,11,3528.038,89,995.421,25,1709.13,43,823.487,21,
Sierra Leone,1997,1358.987,34,2642.729,66,4001.716,978.471,72,258.208,19,380.516,28,95.129,7,285.387,21,766.391,29,52.855,2,1876.338,71,1215.655,46,660.682,25,1744.862,44,311.062,8,2256.854,56,1310.784,33,946.07,23,,298.977,22,1060.01,78,584.364,43,434.876,32,40.77,3,132.136,5,2510.593,95,422.837,16,1294.937,49,792.819,30,431.114,11,3570.602,89,1007.201,25,1729.813,43,833.588,21,
Sierra Leone,1998,1383.125,34,2662.172,66,4045.297,1009.681,73,262.794,19,373.444,27,96.819,7,276.625,20,798.652,30,53.243,2,1863.52,70,1251.221,47,612.3,23,1808.333,45,316.037,8,2236.964,55,1348.04,33,888.925,22,,304.288,22,1078.837,78,594.744,43,442.6,32,41.494,3,133.109,5,2529.063,95,425.948,16,1277.843,48,825.273,31,437.396,11,3607.901,89,1020.691,25,1720.443,43,866.767,21,
Sierra Leone,1999,1419.68,35,2670.991,65,4090.671,1050.563,74,269.739,19,369.117,26,99.378,7,269.739,19,801.297,30,53.42,2,1869.694,70,1255.366,47,614.328,23,1851.861,45,323.159,8,2238.81,55,1354.743,33,884.067,22,,312.33,22,1107.35,78,610.462,43,440.101,31,56.787,4,133.55,5,2537.441,95,427.359,16,1255.366,47,854.717,32,445.879,11,3644.792,89,1037.821,25,1695.467,42,911.504,22,
Sierra Leone,2000,1471.013,36,2672.102,64,4143.115,1103.26,75,279.492,19,367.753,25,102.971,7,264.782,18,801.631,30,26.721,1,1870.471,70,1255.888,47,614.583,23,1904.89,46,306.213,7,2238.225,54,1358.859,33,879.366,21,,323.623,22,1147.39,78,647.246,44,441.304,30,58.841,4,133.605,5,2538.497,95,427.536,16,1229.167,46,881.794,33,457.228,11,3685.887,89,1074.782,26,1670.471,40,940.634,23,
Sierra Leone,2001,1539.315,36,2791.775,64,4331.09,1169.879,76,292.47,19,369.436,24,107.752,7,261.684,17,865.45,31,27.918,1,1926.325,69,1312.134,47,614.191,22,2035.33,47,320.388,7,2295.76,53,1419.886,33,875.874,20,,338.649,22,1200.666,78,677.299,44,461.795,30,61.573,4,139.589,5,2652.186,95,446.684,16,1256.299,45,949.204,34,478.238,11,3852.852,89,1123.983,26,1718.093,40,1010.776,23,
Sierra Leone,2002,1623.292,36,2901.375,64,4524.667,1266.168,78,308.425,19,357.124,22,113.63,7,243.494,15,899.426,31,29.014,1,2001.949,69,1363.646,47,638.303,22,2165.594,48,337.439,7,2359.073,52,1477.277,33,881.796,20,,357.124,22,1266.168,78,714.248,44,470.755,29,81.165,5,145.069,5,2756.306,95,464.22,16,1305.619,45,986.468,34,502.193,11,4022.474,89,1178.468,26,1776.373,39,1067.632,24,
Sierra Leone,2003,1716.619,36,3010.461,64,4727.08,1356.129,79,326.158,19,360.49,21,120.163,7,240.327,14,963.348,32,30.105,1,2047.113,68,1445.021,48,602.092,20,2319.477,49,356.262,8,2407.603,51,1565.185,33,842.419,17,,394.822,23,1321.797,77,755.312,44,480.653,28,85.831,5,150.523,5,2859.938,95,481.674,16,1324.603,44,1053.661,35,545.345,12,4181.735,88,1236.986,26,1805.256,38,1139.492,24,
Sierra Leone,2004,1810.352,37,3127.377,63,4937.729,1448.282,80,343.967,19,362.07,20,126.725,7,235.346,13,1000.761,32,31.274,1,2126.616,68,1501.141,48,625.475,20,2449.042,50,375.241,8,2488.687,50,1627.866,33,860.821,17,,416.381,23,1393.971,77,796.555,44,506.899,28,90.518,5,156.369,5,2971.008,95,500.38,16,1344.772,43,1125.856,36,572.75,12,4364.979,88,1296.935,26,1851.671,37,1216.373,25,
Sierra Leone,2005,1897.598,37,3255.837,63,5153.435,1537.054,81,360.544,19,360.544,19,113.856,6,246.688,13,1074.426,33,32.558,1,2181.411,67,1562.802,48,618.609,19,2611.481,51,393.102,8,2541.954,49,1676.658,33,865.297,16,,436.448,23,1461.15,77,834.943,44,512.351,27,113.856,6,162.792,5,3093.045,95,520.934,16,1367.452,42,1204.66,37,599.239,12,4554.196,88,1355.877,26,1879.803,36,1318.516,26,
Sierra Leone,2006,1976.612,37,3318.564,63,5295.176,1620.822,82,375.556,19,355.79,18,118.597,6,237.193,12,1095.126,33,33.186,1,2223.438,67,1592.911,48,630.527,19,2715.948,51,408.742,8,2579.228,49,1711.507,32,867.721,16,,454.621,23,1521.991,77,869.709,44,533.685,27,118.597,6,165.928,5,3152.636,95,530.97,16,1360.611,41,1261.054,38,620.549,12,4674.627,88,1400.68,26,1894.296,36,1379.651,26,
Sierra Leone,2007,2048.935,38,3391.178,62,5440.113,1721.105,84,389.298,19,327.83,16,122.936,6,204.894,10,1119.089,33,33.912,1,2272.089,67,1661.677,49,610.412,18,2840.194,52,423.209,8,2599.919,48,1784.613,33,815.306,15,,471.255,23,1577.68,77,901.531,44,553.212,27,122.936,6,169.559,5,3221.619,95,542.588,16,1390.383,41,1288.648,38,640.814,12,4799.299,88,1444.12,27,1943.595,35,1411.584,26,
Sierra Leone,2008,2116.671,38,3468.564,62,5585.235,1799.17,85,402.167,19,317.501,15,127,6,190.5,9,1179.312,34,34.686,1,2289.252,66,1699.596,49,589.656,17,2978.482,53,436.853,8,2606.753,47,1826.597,33,780.156,13,,486.834,23,1629.837,77,952.502,45,529.168,25,148.167,7,208.114,6,3260.45,94,554.97,16,1352.74,39,1352.74,39,694.948,12,4890.287,88,1507.472,27,1881.908,34,1500.907,27,
Sierra Leone,2009,2183.629,38,3544.303,62,5727.932,1877.921,86,414.89,19,305.708,14,131.018,6,174.69,8,1205.063,34,35.443,1,2339.24,66,1736.708,49,602.532,17,3082.984,54,450.333,8,2644.948,46,1867.726,33,777.222,13,,502.235,23,1681.394,77,982.633,45,545.907,25,152.854,7,212.658,6,3331.645,94,567.088,16,1346.835,38,1417.721,40,714.893,12,5013.039,88,1549.722,27,1892.742,34,1570.575,27,
Sierra Leone,2010,2252.84,38,3614.696,62,5867.536,1959.971,87,428.04,19,292.869,13,135.17,6,157.699,7,1265.144,35,36.147,1,2349.552,65,1771.201,49,578.351,16,3225.114,55,464.187,8,2642.422,45,1906.371,32,736.05,13,,518.153,23,1734.687,77,1013.778,45,563.21,25,157.699,7,216.882,6,3397.814,94,578.351,16,1337.438,37,1482.025,41,735.035,13,5132.501,87,1592.129,27,1900.648,32,1639.724,28,
Somalia,1990,1957.205,30,4642.044,70,6599.249,,,0,0,,,,,,,,,0,0,,,,,,,,,0,0,,,,,,,16,,,,,,,,,,,,,,,,,,,,,,,,,,,,,,,8
Somalia,1991,1975.985,30,4660.452,70,6636.437,,,0,0,,,,,,,,,0,0,,,,,,,,,0,0,,,,,,,,,,,,,,,,,,,,,,,,,,,,,,,,,,,,,,
Somalia,1992,1986.505,30,4644.817,70,6631.322,,,0,0,,,,,,,,,0,0,,,,,,,,,0,0,,,,,,,,,,,,,,,,,,,,,,,,,,,,,,,,,,,,,,
Somalia,1993,1995.727,30,4600.056,70,6595.783,419.103,21,0,0,1576.624,79,119.744,6,1456.881,73,828.01,18,0,0,3772.046,82,1058.013,23,2714.033,59,1247.113,19,0,0,5348.67,81,1177.757,18,4170.914,63,,838.205,42,1157.522,58,478.974,24,319.316,16,359.231,18,552.007,12,4048.049,88,506.006,11,414.005,9,3128.038,68,1390.212,21,5205.571,79,984.981,15,733.321,11,3487.269,53,
Somalia,1994,2014.455,31,4540.103,69,6554.558,423.036,21,0,0,1591.419,79,120.867,6,1470.552,73,817.219,18,0,0,3722.884,82,1044.224,23,2678.661,59,1240.254,19,0,0,5314.304,81,1165.091,18,4149.213,63,,846.071,42,1168.384,58,483.469,24,322.313,16,362.602,18,544.812,12,3995.291,88,499.411,11,408.609,9,3087.27,68,1390.883,21,5163.675,79,982.881,15,730.922,11,3449.872,53,
Somalia,1995,2050.386,31,4474.311,69,6524.697,430.581,21,0,0,1619.805,79,123.023,6,1496.782,73,805.376,18,0,0,3668.935,82,1029.092,23,2639.843,59,1235.957,19,0,0,5288.74,81,1152.115,18,4136.625,63,,861.162,42,1189.224,58,492.093,24,328.062,16,369.069,18,536.917,12,3937.394,88,492.174,11,402.688,9,3042.531,68,1398.079,21,5126.618,79,984.267,15,730.75,12,3411.601,52,
Somalia,1996,2106.886,32,4573.955,68,6680.841,442.446,21,0,0,1664.44,79,126.413,6,1538.027,73,823.312,18,0,0,3750.643,82,1052.01,23,2698.633,59,1265.758,19,0,0,5415.083,81,1178.423,18,4236.66,63,,884.892,42,1221.994,58,505.653,24,337.102,16,379.239,18,548.875,12,4025.08,88,503.135,11,411.656,9,3110.289,68,1433.767,21,5247.074,79,1008.788,15,748.758,12,3489.529,52,
Somalia,1997,2181.7,32,4668.564,68,6850.264,458.157,21,0,0,1723.543,79,130.902,6,1592.641,73,840.342,18,0,0,3828.222,82,1073.77,23,2754.453,59,1298.499,19,0,0,5551.765,81,1204.672,18,4347.094,63,,916.314,42,1265.386,58,523.608,24,349.072,16,392.706,18,560.228,12,4108.336,88,513.542,11,420.171,9,3174.624,68,1476.542,22,5373.722,78,1037.15,15,769.243,11,3567.33,52,
Somalia,1998,2270.224,32,4762.313,68,7032.537,567.556,25,0,0,1702.668,75,136.213,6,1566.455,69,809.593,17,0,0,3952.72,83,1190.578,25,2762.142,58,1377.149,20,0,0,5655.388,80,1326.792,19,4328.596,61,,976.196,43,1294.028,57,567.556,25,363.236,16,363.236,16,523.854,11,4238.459,89,523.854,11,380.985,8,3333.619,70,1500.051,21,5532.486,79,1091.41,16,744.221,10,3696.855,53,
Somalia,1999,2364.954,33,4852.582,67,7217.536,709.486,30,141.897,6,1655.468,70,141.897,6,1513.571,64,776.413,16,0,0,4076.169,84,1310.197,27,2765.972,57,1485.899,21,141.897,2,5731.637,79,1452.094,20,4279.542,59,,1040.58,44,1324.374,56,591.239,25,378.393,16,354.743,15,533.784,11,4318.798,89,485.258,10,388.207,8,3445.333,71,1574.364,22,5643.172,78,1076.497,15,766.599,10,3800.076,53,
Somalia,2000,2459.957,33,4939.076,67,7399.033,860.985,35,295.195,12,1598.972,65,147.597,6,1451.375,59,740.861,15,0,0,4198.215,85,1432.332,29,2765.883,56,1601.846,22,295.195,4,5797.187,78,1579.929,21,4217.257,57,,1106.981,45,1352.976,55,639.589,26,393.593,16,319.794,13,493.908,10,4445.168,90,444.517,9,444.517,9,3556.135,72,1600.888,22,5798.145,78,1084.106,15,838.11,11,3875.929,52,
Somalia,2001,2553.857,34,5046.461,66,7600.318,996.004,39,459.694,18,1557.853,61,127.693,5,1430.16,56,706.505,14,0,0,4339.956,86,1513.938,30,2826.018,56,1702.509,22,459.694,6,5897.809,78,1641.631,22,4256.178,56,,1174.774,46,1379.083,54,664.003,26,408.617,16,306.463,12,504.646,10,4541.815,90,454.181,9,353.252,7,3734.381,74,1679.42,22,5920.898,78,1118.184,15,761.869,10,4040.844,53,
Somalia,2002,2648.247,34,5146.091,66,7794.338,1165.229,44,635.579,24,1483.018,56,132.412,5,1350.606,51,668.992,13,0,0,4477.099,87,1646.749,32,2830.35,55,1834.221,24,635.579,8,5960.117,76,1779.161,23,4180.956,54,,1244.676,47,1403.571,53,715.027,27,423.72,16,264.825,10,463.148,9,4682.943,91,411.687,8,411.687,8,3859.568,75,1707.824,22,6086.514,78,1126.714,14,835.407,11,4124.393,53,
Somalia,2003,2743.877,34,5239.16,66,7983.037,1317.061,48,823.163,30,1426.816,52,137.194,5,1289.622,47,628.699,12,0,0,4610.461,88,1781.314,34,2829.146,54,1945.76,24,823.163,10,6037.277,76,1918.508,24,4118.769,52,,1317.061,48,1426.816,52,768.286,28,411.582,15,246.949,9,471.524,9,4767.636,91,419.133,8,314.35,6,4034.153,77,1788.585,22,6194.452,78,1187.418,15,725.931,9,4281.102,54,
Somalia,2004,2841.348,35,5329.609,65,8170.957,1505.914,53,1022.885,36,1335.434,47,142.067,5,1193.366,42,532.961,10,0,0,4796.648,90,1918.659,36,2877.989,54,2038.875,25,1022.885,13,6132.082,75,2060.727,25,4071.355,50,,1392.261,49,1449.087,51,795.577,28,454.616,16,198.894,7,426.369,8,4903.24,92,373.073,7,373.073,7,4157.095,78,1818.629,22,6352.328,78,1168.65,14,827.688,11,4355.989,53,
Somalia,2005,2941.5,35,5418.359,65,8359.859,1676.655,57,1235.43,42,1264.845,43,147.075,5,1117.77,38,487.652,9,0,0,4930.707,91,2004.793,37,2925.914,54,2164.307,26,1235.43,15,6195.552,74,2151.868,26,4043.684,48,,1470.75,50,1470.75,50,853.035,29,441.225,15,176.49,6,379.285,7,5039.074,93,379.285,7,325.102,6,4334.687,80,1850.035,22,6509.824,78,1232.32,15,766.327,9,4511.177,54,
Somalia,2006,3043.849,36,5516.708,64,8560.557,1887.186,62,1461.048,48,1156.663,38,152.192,5,1004.47,33,441.337,8,0,0,5075.371,92,2151.516,39,2923.855,53,2328.523,27,1461.048,17,6232.034,73,2303.709,27,3928.325,46,,1552.363,51,1491.486,49,882.716,29,487.016,16,121.754,4,386.17,7,5130.538,93,331.002,6,331.002,6,4468.533,81,1938.533,23,6622.024,77,1213.719,14,818.018,9,4590.287,54,
Somalia,2007,3148.424,36,5607.603,64,8756.027,2077.96,66,1668.665,53,1070.464,34,125.937,4,944.527,30,392.532,7,0,0,5215.071,93,2299.117,41,2915.954,52,2470.492,28,1668.665,19,6285.535,72,2425.054,28,3860.481,44,,1637.18,52,1511.244,48,944.527,30,472.264,15,94.453,3,336.456,6,5271.147,94,336.456,6,280.38,5,4654.31,83,1973.637,23,6782.39,77,1280.983,15,752.644,8,4748.763,54,
Somalia,2008,3256.803,36,5691.28,64,8948.083,2149.49,66,1726.106,53,1107.313,34,130.272,4,977.041,30,398.39,7,0,0,5292.89,93,2333.425,41,2959.466,52,2547.88,28,1726.106,19,6400.203,72,2463.697,28,3936.507,44,,1693.538,52,1563.265,48,977.041,30,488.52,15,97.704,3,341.477,6,5349.803,94,341.477,6,284.564,5,4723.762,83,2035.014,23,6913.069,77,1318.518,15,773.084,8,4821.466,54,
Somalia,2009,3371.425,37,5767.389,63,9138.814,2225.141,66,1786.855,53,1146.284,34,134.857,4,1011.428,30,403.717,7,0,0,5363.672,93,2364.629,41,2999.042,52,2628.858,29,1786.855,20,6509.956,71,2499.486,27,4010.47,44,,1753.141,52,1618.284,48,1011.428,30,505.714,15,101.143,3,346.043,6,5421.346,94,346.043,6,288.369,5,4786.933,83,2099.184,23,7039.63,77,1357.471,15,794.083,9,4888.076,53,
Somalia,2010,3494.225,37,5836.647,63,9330.872,2306.189,66,1851.939,53,1188.036,34,139.769,4,1048.268,30,408.565,7,0,0,5428.082,93,2393.025,41,3035.056,52,2714.754,29,1851.939,20,6616.118,71,2532.794,27,4083.324,44,,1816.997,52,1677.228,48,1048.268,30,524.134,15,104.827,3,350.199,6,5486.448,94,350.199,6,291.832,5,4844.417,83,2167.196,23,7163.676,77,1398.466,15,815.966,9,4949.244,53,
South Africa,1990,19146.445,52,17647.462,48,36793.907,18763.516,98,16465.943,86,382.929,2,0,0,382.929,2,11647.325,66,4058.916,23,6000.137,34,4764.815,27,1235.322,7,30410.841,83,20524.859,56,6383.066,17,4764.815,13,1618.251,4,22,15700.085,82,3446.36,18,1531.716,8,1531.716,8,382.929,2,10588.477,60,7058.985,40,1058.848,6,1588.272,9,4411.866,25,26288.562,71,10505.345,29,2590.563,7,3119.987,9,4794.794,13,19
South Africa,1991,19808.088,53,17918.084,47,37726.172,19411.926,98,17034.956,86,396.162,2,0,0,396.162,2,11825.935,66,4121.159,23,6092.149,34,4837.883,27,1254.266,7,31237.862,83,21156.115,56,6488.31,17,4837.883,13,1650.428,4,,16242.632,82,3565.456,18,1584.647,8,1584.647,8,396.162,2,10750.85,60,7167.234,40,1075.085,6,1612.628,9,4479.521,25,26993.483,72,10732.689,28,2659.732,7,3197.275,8,4875.683,13,
South Africa,1992,20494.85,53,18155.145,47,38649.995,20084.953,98,17625.571,86,409.897,2,0,0,409.897,2,11982.396,66,4175.683,23,6172.749,34,4901.889,27,1270.86,7,32067.349,83,21801.254,56,6582.646,17,4901.889,13,1680.757,4,,16805.777,82,3689.073,18,1639.588,8,1639.588,8,409.897,2,10893.087,60,7262.058,40,1089.309,6,1633.963,9,4538.786,25,27698.864,72,10951.131,28,2728.897,7,3273.551,8,4948.683,13,
South Africa,1993,21199.394,54,18369.367,46,39568.761,20775.406,98,18231.479,86,423.988,2,0,0,423.988,2,12123.782,66,4224.954,23,6245.585,34,4959.729,27,1285.856,7,32899.188,83,22456.433,57,6669.573,17,4959.729,13,1709.844,4,,17383.503,82,3815.891,18,1695.952,8,1695.952,8,423.988,2,11021.62,60,7347.747,40,1102.162,6,1836.937,10,4408.648,24,28405.123,72,11163.638,28,2798.114,7,3532.888,9,4832.636,12,
South Africa,1994,21894.321,54,18591.368,46,40485.689,21456.435,98,18829.116,86,437.886,2,0,0,437.886,2,12270.303,66,4276.015,23,6321.065,34,5019.669,27,1301.396,7,33726.737,83,23105.131,57,6758.952,17,5019.669,12,1739.282,5,,17953.343,82,3940.978,18,1751.546,8,1751.546,8,437.886,2,11154.821,60,7436.547,40,1115.482,6,1859.137,10,4461.928,24,29108.164,72,11377.525,28,2867.028,7,3610.682,9,4899.815,12,
South Africa,1995,22558.512,54,18843.888,46,41402.4,22107.342,98,19400.32,86,451.17,2,0,0,451.17,2,12625.405,67,4522.533,24,6218.483,33,4899.411,26,1319.072,7,34732.747,84,23922.853,58,6669.653,16,4899.411,12,1770.242,4,,18497.98,82,4060.532,18,1804.681,8,1804.681,8,451.17,2,11494.772,61,7349.116,39,1130.633,6,1884.389,10,4334.094,23,29992.752,72,11409.648,28,2935.314,7,3689.07,9,4785.264,12,
South Africa,1996,23182.739,55,18882.752,45,42065.491,22719.084,98,19937.156,86,463.655,2,0,0,463.655,2,12840.271,68,4720.688,25,6042.481,32,4720.688,25,1321.793,7,35559.356,85,24657.844,59,6506.135,15,4720.688,11,1785.447,4,,19241.673,83,3941.066,17,1854.619,8,1622.792,7,463.655,2,11518.479,61,7364.273,39,1132.965,6,1888.275,10,4343.033,23,30760.152,73,11305.339,27,2987.584,7,3511.067,9,4806.688,11,
South Africa,1997,23772.847,56,18965.6,44,42738.447,23297.39,98,20444.648,86,475.457,2,0,0,475.457,2,13086.264,69,4931.056,26,5879.336,31,4551.744,24,1327.592,7,36383.654,85,25375.704,59,6354.793,15,4551.744,11,1803.049,4,,19731.463,83,4041.384,17,1901.828,8,1664.099,7,475.457,2,11758.672,62,7206.928,38,1137.936,6,1706.904,9,4362.088,23,31490.135,74,11248.312,26,3039.764,7,3371.003,8,4837.545,11,
South Africa,1998,24338.625,56,19075.818,44,43414.443,23851.853,98,21174.604,87,486.772,2,0,0,486.773,2,13162.314,69,5150.471,27,5913.504,31,4387.438,23,1526.065,8,37014.167,85,26325.075,61,6400.276,15,4387.438,10,2012.838,4,,20201.059,83,4137.566,17,1947.09,8,1703.704,7,486.773,2,11827.007,62,7248.811,38,1335.307,7,1716.824,9,4196.68,22,32028.066,74,11386.377,26,3282.397,8,3420.527,7,4683.452,11,
South Africa,1999,24898.316,56,19190,44,44088.316,24400.35,98,21661.535,87,497.966,2,0,0,497.966,2,13433,70,5181.3,27,5757,30,4221.8,22,1535.2,8,37833.35,86,26842.835,61,6254.966,14,4221.8,10,2033.166,4,,20665.602,83,4232.714,17,1991.865,8,1742.882,7,497.966,2,12089.7,63,7100.3,37,1343.3,7,1535.2,8,4221.8,22,32755.302,74,11333.014,26,3335.165,8,3278.082,7,4719.766,11,
South Africa,2000,25464.628,57,19295.752,43,44760.38,24955.335,98,22154.226,87,509.293,2,0,0,509.293,2,13699.984,71,5402.811,28,5595.768,29,4052.108,21,1543.66,8,38655.319,86,27557.037,62,6105.061,14,4052.108,9,2052.953,4,,21390.288,84,4074.34,16,2037.17,8,1527.878,6,509.293,2,12156.324,63,7139.428,37,1350.703,7,1736.618,9,4052.108,21,33546.611,75,11213.769,25,3387.873,8,3264.495,7,4561.4,10,
South Africa,2001,26039.093,57,19334.805,43,45373.898,25518.311,98,22654.011,87,520.782,2,0,0,520.782,2,13921.06,72,5607.093,29,5413.745,28,3866.961,20,1546.784,8,39439.371,87,28261.104,62,5934.527,13,3866.961,9,2067.566,4,,21872.838,84,4166.255,16,2083.127,8,1562.346,6,520.782,2,12374.275,64,6960.53,36,1353.436,7,1546.784,8,4060.309,21,34247.113,75,11126.785,25,3436.564,8,3109.13,7,4581.091,10,
South Africa,2002,26617.611,58,19370.829,42,45988.44,26085.259,98,23157.322,87,532.352,2,0,0,532.352,2,14140.705,73,5811.249,30,5230.124,27,3680.458,19,1549.666,8,40225.964,87,28968.57,63,5762.476,13,3680.458,8,2082.019,5,,22358.793,84,4258.818,16,2129.409,8,1597.057,6,532.352,2,12397.331,64,6973.498,36,1355.958,7,1743.375,9,3874.166,20,34756.124,76,11232.316,24,3485.367,8,3340.431,6,4406.518,10,
South Africa,2003,27196.81,58,19404.086,42,46600.896,26652.874,98,23661.225,87,543.936,2,0,0,543.936,2,14164.983,73,6015.267,31,5239.103,27,3298.695,17,1940.409,10,40817.857,88,29676.491,64,5783.039,12,3298.695,7,2484.345,5,,22845.32,84,4351.49,16,2447.713,9,1359.841,5,543.936,2,12612.656,65,6791.43,35,1358.286,7,1552.327,8,3880.817,20,35457.976,76,11142.92,24,3805.999,8,2912.167,7,4424.753,9,
South Africa,2004,27770.226,59,19434.144,41,47204.37,27492.524,99,24437.799,88,277.702,1,0,0,277.702,1,14381.267,74,6218.926,32,5052.877,26,3109.463,16,1943.414,10,41873.79,89,30656.725,65,5330.58,11,3109.463,7,2221.117,4,,23604.692,85,4165.534,15,2499.32,9,1110.809,4,555.405,2,12632.194,65,6801.95,35,1360.39,7,1554.732,8,3886.829,20,36236.886,77,10967.484,23,3859.71,8,2665.541,6,4442.233,9,
South Africa,2005,28332.998,59,19459.789,41,47792.787,28049.668,99,24933.038,88,283.33,1,0,0,283.33,1,14594.842,75,6227.132,32,4864.947,25,2918.968,15,1945.979,10,42644.51,89,31160.171,65,5148.277,11,2918.968,6,2229.309,5,,24083.048,85,4249.95,15,2549.97,9,1133.32,4,566.66,2,12648.863,65,6810.926,35,1362.185,7,1751.381,9,3697.36,19,36731.911,77,11060.876,23,3912.155,8,2884.701,6,4264.02,9,
South Africa,2006,28884.971,60,19419.119,40,48304.09,28596.121,99,25418.774,88,288.85,1,0,0,288.85,1,14758.53,76,6408.309,33,4660.589,24,2718.677,14,1941.912,10,43354.652,90,31827.084,66,4949.438,10,2718.677,6,2230.762,4,,24552.225,85,4332.746,15,2599.647,9,1155.399,4,577.699,2,12816.619,66,6602.5,34,1359.338,7,1553.53,8,3689.633,19,37368.844,77,10935.246,23,3958.986,8,2708.928,6,4267.332,9,
South Africa,2007,29426.607,60,19351.115,40,48777.722,29132.341,99,25895.414,88,294.266,1,0,0,294.266,1,14900.359,77,6579.379,34,4450.756,23,2515.645,13,1935.112,10,44032.699,90,32474.793,67,4745.023,10,2515.645,5,2229.378,4,,25012.616,85,4413.991,15,2648.395,9,1177.064,4,588.532,2,12771.736,66,6579.379,34,1354.578,7,1741.6,9,3483.201,18,37784.352,77,10993.37,23,4002.973,8,2918.665,7,4071.733,8,
South Africa,2008,29952.636,61,19276.117,39,49228.753,29653.11,99,26358.32,88,299.526,1,0,0,299.526,1,15035.371,78,6746.641,35,4240.746,22,2313.134,12,1927.612,10,44688.481,91,33104.961,67,4540.272,9,2313.134,5,2227.138,4,,25459.741,85,4492.895,15,2695.737,9,1198.105,4,599.053,2,12914.998,67,6361.119,33,1349.328,7,1542.089,8,3469.701,18,38374.739,78,10854.014,22,4045.065,8,2740.195,6,4068.754,8,
South Africa,2009,30455.88,61,19221.661,39,49677.541,30151.321,99,26801.174,88,304.559,1,0,0,304.559,1,14992.896,78,6919.798,36,4228.765,22,2114.383,11,2114.383,11,45144.217,91,33720.972,68,4533.324,9,2114.383,4,2418.942,5,,26192.057,86,4263.823,14,2741.029,9,913.676,3,609.118,2,12878.513,67,6343.148,33,1345.516,7,1729.949,9,3267.682,17,39070.57,79,10606.971,21,4086.545,8,2643.626,5,3876.8,8,
South Africa,2010,30932.951,62,19199.866,38,50132.817,30623.621,99,27530.326,89,309.33,1,0,0,309.33,1,15167.894,79,6911.952,36,4031.972,21,1919.987,10,2111.985,11,45791.516,91,34442.278,69,4341.301,9,1919.987,4,2421.315,4,,26602.338,86,4330.613,14,2783.966,9,927.989,3,618.659,2,12863.91,67,6335.956,33,1343.991,7,1727.988,9,3263.977,17,39466.248,79,10666.569,21,4127.956,8,2655.976,5,3882.636,8,
Sudan,1990,7052.218,27,19441.951,73,26494.169,5923.863,84,5359.686,76,1128.355,16,211.567,3,916.788,13,11276.332,58,3693.971,19,8165.619,42,1944.195,10,6221.424,32,17200.195,65,9053.656,34,9293.974,35,2155.762,8,7138.213,27,14,3596.631,51,3455.587,49,846.266,12,1904.099,27,705.222,10,3499.551,18,15942.4,82,972.098,5,5638.166,29,9332.136,48,7096.182,27,19397.987,73,1818.364,7,7542.265,28,10037.358,38,8
Sudan,1991,7476.304,27,19731.65,73,27207.954,6280.095,84,5532.465,74,1196.209,16,224.289,3,971.92,13,11247.041,57,3551.697,18,8484.609,43,1973.165,10,6511.445,33,17527.136,64,9084.162,33,9680.818,36,2197.454,8,7483.364,28,,3738.152,50,3738.152,50,897.156,12,2093.365,28,747.63,10,3354.381,17,16377.269,83,986.583,5,5722.179,29,9668.509,49,7092.533,26,20115.421,74,1883.739,7,7815.544,29,10416.139,38,
Sudan,1992,7929.543,28,19999.824,72,27929.367,6581.521,83,5788.566,73,1348.022,17,237.886,3,1110.136,14,11399.9,57,3599.968,18,8599.924,43,1999.982,10,6599.942,33,17981.42,64,9388.535,34,9947.947,36,2237.869,8,7710.078,27,,3964.772,50,3964.771,50,951.545,12,2140.977,27,872.25,11,3399.97,17,16599.854,83,999.991,5,5799.949,29,9799.914,49,7364.742,26,20564.625,74,1951.536,7,7940.926,29,10672.163,38,
Sudan,1993,8386.895,29,20273.061,71,28659.956,6877.254,82,5954.695,71,1509.641,18,251.607,3,1258.034,15,11555.645,57,3649.151,18,8717.416,43,2230.037,11,6487.38,32,18432.899,64,9603.846,34,10227.057,36,2481.644,9,7745.414,26,,4193.448,50,4193.447,50,1006.427,12,2264.462,27,922.558,11,3446.42,17,16826.641,83,1013.653,5,5676.457,28,10136.531,50,7639.868,27,21020.088,73,2020.08,7,7940.919,27,11059.089,39,
Sudan,1994,8776.351,30,20621.01,70,29397.361,7108.844,81,6143.446,70,1667.507,19,263.291,3,1404.216,16,11547.766,56,3505.572,17,9073.244,44,2268.311,11,6804.933,33,18656.61,63,9649.017,33,10740.751,37,2531.602,9,8209.149,27,,4300.412,49,4475.939,51,1053.162,12,2369.615,27,1053.162,12,3505.572,17,17115.438,83,1031.051,5,5773.883,28,10310.505,50,7805.984,27,21591.377,73,2084.213,7,8143.498,27,11363.667,39,
Sudan,1995,9180.089,30,20961.058,70,30141.147,7344.071,80,6334.261,69,1836.018,20,275.403,3,1560.615,17,11738.192,56,3563.38,17,9222.866,44,2305.716,11,6917.149,33,19082.264,63,9897.641,33,11058.883,37,2581.119,9,8477.764,28,,4498.244,49,4681.845,51,1101.611,12,2478.624,27,1101.611,12,3563.38,17,17397.678,83,1048.053,5,5659.486,27,10690.14,51,8061.623,27,22079.524,73,2149.664,7,8138.11,27,11791.75,39,
Sudan,1996,9599.158,31,21347.463,69,30946.621,7583.335,79,6431.436,67,2015.823,21,287.975,3,1727.848,18,11954.579,56,3629.069,17,9392.884,44,2348.221,11,7044.663,33,19537.914,63,10060.505,33,11408.707,37,2636.196,9,8772.511,27,,4703.587,49,4895.571,51,1151.899,12,2495.781,26,1247.891,13,3415.594,16,17931.869,84,1067.373,5,5977.29,28,10887.206,51,8119.182,26,22827.439,74,2219.272,7,8473.071,28,12135.097,39,
Sudan,1997,10034.212,32,21716.3,68,31750.512,7826.685,78,6622.58,66,2207.527,22,301.026,3,1906.5,19,12161.128,56,3691.771,17,9555.172,44,2388.793,11,7166.379,33,19987.813,63,10314.351,32,11762.699,37,2689.819,8,9072.879,30,,4816.422,48,5217.79,52,1103.763,11,2809.579,28,1304.448,13,3474.608,16,18241.692,84,1085.815,5,5863.401,27,11292.476,52,8291.03,26,23459.482,74,2189.578,7,8672.98,27,12596.924,40,
Sudan,1998,10484.138,32,22072.377,68,32556.515,8072.786,77,6709.848,64,2411.352,23,314.524,3,2096.828,20,12139.807,55,3531.58,16,9932.57,45,2427.961,11,7504.608,34,20212.594,62,10241.429,31,12343.921,38,2742.486,8,9601.436,30,,5032.386,48,5451.752,52,1153.255,11,2830.717,27,1467.779,14,3531.58,16,18540.797,84,1103.619,5,5738.818,26,11698.36,53,8563.967,26,23992.548,74,2256.874,7,8569.535,27,13166.139,40,
Sudan,1999,10946.929,33,22421.465,67,33368.394,8429.135,77,6896.565,63,2517.794,23,328.408,3,2189.386,20,12331.806,55,3587.434,16,10089.659,45,2690.576,12,7399.083,33,20760.941,62,10484,31,12607.453,38,3018.984,9,9588.469,29,,5254.526,48,5692.403,52,1204.162,11,2955.671,27,1532.57,14,3587.434,16,18834.031,84,1121.073,5,5829.581,26,11883.376,53,8841.96,26,24526.434,74,2325.235,7,8785.252,27,13415.947,40,
Sudan,2000,11421.437,33,22766.292,67,34187.729,8680.292,76,7081.291,62,2741.145,24,342.643,3,2398.502,21,12521.461,55,3642.607,16,10244.831,45,2731.955,12,7512.876,33,21201.753,62,10723.898,31,12985.976,38,3074.598,9,9911.378,29,,5482.29,48,5939.147,52,1256.358,11,2969.574,26,1713.216,15,3642.607,16,19123.685,84,1138.315,5,5691.573,25,12293.798,54,9124.896,27,25062.833,73,2394.673,7,8661.147,25,14007.013,41,
Sudan,2001,11905.66,34,23128.166,66,35033.826,8929.245,75,7143.396,60,2976.415,25,357.17,3,2619.245,22,12489.21,54,3469.225,15,10638.956,46,2775.38,12,7863.576,34,21418.455,61,10612.621,30,13615.371,39,3132.55,9,10482.822,30,,5595.66,47,6310,53,1309.623,11,3214.528,27,1785.849,15,3469.225,15,19658.941,85,925.127,4,6244.605,27,12489.21,54,9064.885,26,25968.941,74,2234.749,6,9459.133,27,14275.059,41,
Sudan,2002,12401.686,35,23474.445,65,35876.131,9177.248,74,7316.995,59,3224.438,26,372.051,3,2852.388,23,12676.2,54,3521.167,15,10798.245,46,2816.933,12,7981.311,34,21853.448,61,10838.161,30,14022.683,39,3188.984,9,10833.699,30,,5828.792,47,6572.894,53,1364.185,11,3224.438,26,1984.27,16,3521.167,15,19953.278,85,938.978,4,6103.356,26,12910.945,55,9349.959,26,26526.172,74,2303.163,6,9327.794,26,14895.215,42,
Sudan,2003,12914.612,35,23803.274,65,36717.886,9427.667,73,7361.329,57,3486.945,27,387.438,3,3099.507,24,12853.768,54,3570.491,15,10949.506,46,2856.393,12,8093.113,34,22281.435,61,10931.82,30,14436.451,39,3243.831,9,11192.62,30,,6069.868,47,6844.744,53,1420.607,11,3357.799,26,2066.338,16,3570.491,15,20232.783,85,952.131,4,6188.851,26,13091.801,55,9640.359,26,27077.527,74,2372.738,6,9546.65,27,15158.139,41,
Sudan,2004,13451.433,36,24110.122,64,37561.555,9685.032,72,7532.802,56,3766.401,28,403.543,3,3362.858,25,13019.466,54,3375.417,14,11090.656,46,2893.215,12,8197.441,34,22704.498,60,10908.22,29,14857.057,40,3296.758,9,11560.3,31,,6187.659,46,7263.774,54,1479.658,11,3497.373,26,2286.744,17,3616.518,15,20493.604,85,964.405,4,6027.531,25,13501.668,56,9804.177,26,27757.378,74,2444.063,7,9524.903,25,15788.412,42,
Sudan,2005,14022.84,37,24387.48,63,38410.32,9956.216,71,7572.334,54,4066.624,29,420.685,3,3645.938,26,12925.364,53,3414.247,14,11462.116,47,3170.372,13,8291.743,34,22881.581,60,10986.581,29,15528.739,40,3591.058,9,11937.682,31,,6450.506,46,7572.334,54,1542.512,11,3645.938,26,2383.883,17,3658.122,15,20729.358,85,975.499,4,6096.87,25,13656.989,56,10108.628,26,28301.692,74,2518.012,7,9742.808,25,16040.872,42,
Sudan,2006,14644.379,37,24786.206,63,39430.585,10251.065,70,7761.521,53,4393.314,30,439.331,3,3953.982,27,13136.689,53,3470.069,14,11649.517,47,3222.207,13,8427.31,34,23387.754,59,11231.59,28,16042.831,41,3661.538,9,12381.292,32,,6736.414,46,7907.965,54,1610.882,11,3661.095,25,2635.988,18,3470.069,14,21316.137,86,991.448,4,6196.552,25,14128.137,57,10206.483,26,29224.102,74,2602.33,7,9857.646,24,16764.126,43,
Sudan,2007,15310.086,38,25135.861,62,40445.947,10563.959,69,7961.245,52,4746.127,31,306.202,2,4439.925,29,13322.006,53,3267.662,13,11813.855,47,3267.662,13,8546.193,34,23885.966,59,11228.907,28,16559.981,41,3573.864,9,12986.118,32,,6889.539,45,8420.547,55,1684.109,11,3980.622,26,2755.815,18,3519.021,14,21616.84,86,1005.434,4,6283.965,25,14327.441,57,10408.559,26,30037.388,74,2689.544,7,10264.588,25,17083.256,42,
Sudan,2008,16005.713,39,25459.688,61,41465.401,11043.942,69,8002.857,50,4961.771,31,320.114,2,4641.657,29,13239.038,52,3309.759,13,12220.65,48,3309.759,13,8910.891,35,24282.98,59,11312.616,27,17182.421,41,3629.874,9,13552.548,33,,7202.571,45,8803.142,55,1760.628,11,4001.428,25,3041.085,19,3564.356,14,21895.332,86,1018.388,4,6110.325,24,14766.619,58,10766.927,26,30698.474,74,2779.016,7,10111.753,24,17807.705,43,
Sudan,2009,16725.834,39,25773.274,61,42499.108,11373.567,68,8195.659,49,5352.267,32,334.517,2,5017.75,30,13402.102,52,3350.526,13,12371.172,48,3350.526,13,9020.646,35,24775.67,58,11546.184,27,17723.438,42,3685.042,9,14038.396,33,,7526.625,45,9199.209,55,1839.842,11,4181.459,25,3177.908,19,3608.258,14,22165.016,86,1030.931,4,5927.853,23,15206.232,59,11134.884,26,31364.224,74,2870.773,7,10109.312,24,18384.14,43,
Sudan,2010,17466.07,40,26085.871,60,43551.941,11702.267,67,8209.053,47,5763.803,33,349.321,2,5414.482,31,13564.653,52,3130.305,12,12521.218,48,3391.163,13,9130.055,35,25266.92,58,11339.357,26,18285.021,42,3740.485,9,14544.537,33,,7685.071,44,9780.999,56,1921.268,11,4366.518,25,3493.214,20,3652.022,14,22433.849,86,1043.435,4,5999.75,23,15390.664,59,11337.093,26,32214.848,74,2964.703,7,10366.268,24,18883.878,43,
Swaziland,1990,197.684,23,665.263,77,862.947,171.985,87,132.448,67,25.699,13,15.815,8,9.884,5,166.316,25,26.611,4,498.947,75,379.2,57,119.747,18,338.301,39,159.059,18,524.646,61,395.015,46,129.632,15,36,122.564,62,75.12,38,57.328,29,17.792,9,,,292.716,44,372.547,56,99.789,15,272.758,41,,,415.28,48,447.667,52,157.118,18,290.549,34,,,17
Swaziland,1991,203.541,23,682.043,77,885.584,177.081,87,136.372,67,26.46,13,16.283,8,10.177,5,170.511,25,27.282,4,511.532,75,388.765,57,122.768,18,347.591,39,163.654,18,537.993,61,405.048,46,132.945,15,,126.195,62,77.346,38,59.027,29,18.319,9,,,300.099,44,381.944,56,102.306,15,279.638,41,,,426.294,48,459.29,52,161.333,18,297.956,34,,,
Swaziland,1992,208.549,23,697.877,77,906.426,181.438,87,139.728,67,27.111,13,16.684,8,10.427,5,174.469,25,27.915,4,523.408,75,397.79,57,125.618,18,355.907,39,167.643,18,550.519,61,414.474,46,136.045,15,,129.3,62,79.249,38,60.479,29,18.769,9,,,307.066,44,390.811,56,104.682,15,286.13,41,,,436.366,48,470.06,52,165.161,18,304.899,34,,,
Swaziland,1993,213.002,23,712.868,77,925.87,185.312,87,142.711,67,27.69,13,17.04,8,10.65,5,178.217,25,28.515,4,534.651,75,406.335,57,128.316,18,363.529,39,171.226,18,562.341,61,423.375,46,138.966,15,,132.061,62,80.941,38,61.771,29,19.17,9,,,313.662,44,399.206,56,106.93,15,292.276,41,,,445.723,48,480.147,52,168.701,18,311.446,34,,,
Swaziland,1994,217.402,23,727.352,77,944.754,189.14,87,145.659,67,28.262,13,17.392,8,10.87,5,196.385,27,36.368,5,530.967,73,392.77,54,138.197,19,385.525,41,182.027,19,559.229,59,410.162,43,149.067,16,,134.789,62,82.613,38,63.047,29,15.218,7,4.348,2,327.308,45,400.044,55,109.103,15,65.462,9,225.479,31,462.098,49,482.656,51,172.149,18,80.68,9,229.827,24,
Swaziland,1995,222.088,23,741.503,77,963.591,193.217,87,148.799,67,28.871,13,15.546,7,13.325,6,222.451,30,44.49,6,519.052,70,385.582,52,133.471,18,415.667,43,193.289,20,547.924,57,401.128,42,146.796,15,,137.695,62,84.393,38,64.406,29,15.546,7,4.442,2,333.676,45,407.827,55,111.225,15,66.735,9,229.866,31,471.371,49,492.22,51,175.631,18,82.281,9,234.308,24,
Swaziland,1996,227.214,23,756.657,77,983.871,197.676,87,154.506,68,29.538,13,15.905,7,13.633,6,242.13,32,60.533,8,514.527,68,378.329,50,136.198,18,439.806,45,215.038,22,544.065,55,394.233,40,149.831,15,,140.873,62,86.341,38,65.892,29,15.905,7,4.544,2,348.062,46,408.595,54,113.499,15,60.533,8,234.564,31,488.935,50,494.936,50,179.391,18,76.438,8,239.108,24,
Swaziland,1997,232.365,23,771.895,77,1004.26,204.481,88,158.008,68,27.884,12,16.266,7,11.618,5,262.444,34,69.471,9,509.451,66,370.51,48,138.941,18,466.926,46,227.479,23,537.334,54,386.775,39,150.559,14,,146.39,63,85.975,37,67.386,29,13.942,6,4.647,2,362.791,47,409.104,53,115.784,15,54.033,7,239.287,31,509.181,51,495.079,49,183.17,18,67.975,7,243.935,24,
Swaziland,1998,235.903,23,788.651,77,1024.554,207.595,88,162.773,69,28.308,12,16.513,7,11.795,5,291.801,37,78.865,10,496.85,63,354.893,45,141.957,18,499.396,49,241.638,24,525.158,51,371.406,36,153.752,15,,148.619,63,87.284,37,68.412,29,14.154,6,4.718,2,370.666,47,417.985,53,126.184,16,47.319,6,244.482,31,519.285,51,505.269,49,194.596,19,61.473,6,249.2,24,
Swaziland,1999,238.826,23,805.596,77,1044.422,210.167,88,164.79,69,28.659,12,14.33,6,14.33,6,314.182,39,88.616,11,491.414,61,346.406,43,145.007,18,524.349,50,253.406,24,520.073,50,360.736,35,159.337,15,,150.46,63,88.366,37,69.26,29,14.33,6,4.777,2,386.686,48,418.91,52,128.895,16,48.336,6,241.679,30,537.146,51,507.276,49,198.155,19,62.665,6,246.455,24,
Swaziland,2000,240.83,23,823.002,77,1063.832,211.93,88,168.581,70,28.9,12,14.45,6,14.45,6,337.431,41,106.99,13,485.571,59,337.431,41,148.14,18,549.361,52,275.571,26,514.471,48,351.881,33,162.59,15,,151.723,63,89.107,37,69.841,29,14.45,6,4.817,2,403.271,49,419.731,51,131.68,16,49.38,6,238.671,29,554.994,52,508.838,48,201.521,19,63.83,6,243.487,23,
Swaziland,2001,241.818,23,830.515,77,1072.333,215.218,89,169.273,70,26.6,11,14.509,6,12.091,5,365.427,44,116.272,14,465.088,56,323.901,39,141.188,17,580.645,54,285.545,27,491.688,46,338.41,32,153.278,13,,152.345,63,89.473,37,70.127,29,14.509,6,4.836,2,406.952,49,423.563,51,132.882,16,58.136,7,232.544,28,559.298,52,513.035,48,203.01,19,72.645,7,237.381,22,
Swaziland,2002,241.979,22,838.894,78,1080.873,215.361,89,169.385,70,26.618,11,14.519,6,12.099,5,385.891,46,125.834,15,453.003,54,302.002,36,151.001,18,601.253,56,295.219,27,479.62,44,316.521,29,163.1,16,,152.447,63,89.532,37,70.174,29,14.519,6,4.84,2,419.447,50,419.447,50,134.223,16,58.723,7,226.501,27,571.894,53,508.979,47,204.397,19,73.241,7,231.341,21,
Swaziland,2003,241.729,22,847.519,78,1089.248,215.139,89,171.628,71,26.59,11,12.086,5,14.504,6,406.809,48,135.603,16,440.71,52,288.156,34,152.553,18,621.948,57,307.231,28,467.3,43,300.243,28,167.057,15,,152.289,63,89.44,37,70.101,29,14.504,6,4.835,2,432.235,51,415.284,49,144.078,17,50.851,6,220.355,26,584.524,54,504.724,46,214.18,20,65.355,5,225.19,21,
Swaziland,2004,241.653,22,855.632,78,1097.285,215.071,89,171.574,71,26.582,11,12.083,5,14.499,6,436.372,51,145.457,17,419.26,49,273.802,32,145.457,17,651.443,59,317.031,29,445.842,41,285.885,26,159.957,15,,152.241,63,89.412,37,70.079,29,14.499,6,4.833,2,436.372,51,419.26,49,145.457,17,59.894,7,213.908,25,588.614,54,508.671,46,215.537,20,74.393,6,218.741,20,
Swaziland,2005,242.152,22,862.757,78,1104.909,217.937,90,174.349,72,24.215,10,12.108,5,12.108,5,457.261,53,163.924,19,405.496,47,258.827,30,146.669,17,675.198,61,338.273,31,429.711,39,270.935,25,158.776,14,,154.977,64,87.175,36,70.224,29,12.108,5,4.843,2,448.634,52,414.123,48,146.669,17,60.393,7,207.062,24,603.611,55,501.298,45,216.893,20,72.501,6,211.905,19,
Swaziland,2006,243.347,22,878.769,78,1122.116,219.012,90,175.21,72,24.335,10,12.167,5,12.167,5,483.323,55,175.754,20,395.446,45,237.268,27,158.178,18,702.335,63,350.964,31,419.781,37,249.435,22,170.346,16,,155.742,64,87.605,36,73.004,30,9.734,4,4.867,2,465.748,53,413.021,47,149.391,17,61.514,7,202.117,23,621.49,55,500.626,45,222.395,20,71.248,7,206.984,18,
Swaziland,2007,245.092,22,893.375,78,1138.467,220.583,90,178.917,73,24.509,10,9.804,4,14.706,6,518.158,58,187.609,21,375.217,42,223.344,25,151.874,17,738.74,65,366.526,32,399.727,35,233.147,20,166.579,15,,156.859,64,88.233,36,73.528,30,9.804,4,4.902,2,473.489,53,419.886,47,160.808,18,62.536,7,196.543,22,630.348,55,508.119,45,234.335,21,72.34,6,201.444,18,
Swaziland,2008,247.531,21,906.76,79,1154.291,222.778,90,180.698,73,24.753,10,9.901,4,14.852,6,544.056,60,199.487,22,362.704,40,208.555,23,154.149,17,766.834,66,380.185,33,387.457,34,218.456,19,169.001,15,,158.42,64,89.111,36,74.259,30,9.901,4,4.951,2,489.65,54,417.11,46,163.217,18,63.473,7,190.42,21,648.07,56,506.221,44,237.476,21,73.374,6,195.37,17,
Swaziland,2009,250.4,21,919.652,79,1170.052,227.864,91,182.792,73,22.536,9,10.016,4,12.52,5,570.184,62,211.52,23,349.468,38,193.127,21,156.341,17,798.048,68,394.312,34,372.004,32,203.143,17,168.861,14,,160.256,64,90.144,36,75.12,30,10.016,4,5.008,2,505.809,55,413.843,45,165.537,18,64.376,7,183.93,20,666.065,57,503.987,43,240.657,21,74.392,6,188.938,16,
Swaziland,2010,253.496,21,932.56,79,1186.056,230.681,91,187.587,74,22.815,9,7.605,3,15.21,6,606.164,65,233.14,25,326.396,35,167.861,18,158.535,17,836.845,71,420.727,35,349.211,29,175.466,15,173.745,15,,162.237,64,91.259,36,76.049,30,10.14,4,5.07,2,512.908,55,419.652,45,167.861,18,74.605,8,177.186,19,675.145,57,510.911,43,243.91,21,84.745,7,182.256,15,
Togo,1990,1103.465,30,2562.044,70,3665.509,871.737,79,154.485,14,231.728,21,11.035,1,220.693,20,922.336,36,0,0,1639.708,64,691.752,27,947.956,37,1794.073,49,154.485,4,1871.436,51,702.787,19,1168.649,32,26,286.901,26,816.564,74,485.525,44,55.173,5,275.866,25,204.964,8,2357.08,92,384.307,15,76.861,3,1895.913,74,491.864,13,3173.645,87,869.831,24,132.035,4,2171.779,59,4
Togo,1991,1151.234,31,2601.395,69,3752.629,920.987,80,161.173,14,230.247,20,11.512,1,218.734,19,936.502,36,0,0,1664.893,64,702.377,27,962.516,37,1857.489,49,161.173,4,1895.14,51,713.889,19,1181.251,32,,299.321,26,851.913,74,506.543,44,69.074,6,276.296,24,208.112,8,2393.283,92,390.209,15,78.042,3,1925.032,74,507.432,14,3245.197,86,896.752,24,147.116,3,2201.328,59,
Togo,1992,1197.924,31,2639.344,69,3837.268,958.339,80,167.709,14,239.585,20,11.979,1,227.606,19,976.557,37,0,0,1662.787,63,739.016,28,923.77,35,1934.896,50,167.709,4,1902.372,50,750.996,20,1151.376,30,,311.46,26,886.464,74,527.087,44,71.875,6,287.502,24,184.754,7,2454.59,93,369.508,14,131.967,5,1953.115,74,496.214,13,3341.054,87,896.595,23,203.843,6,2240.616,58,
Togo,1993,1245.8,32,2673.89,68,3919.69,1009.098,81,174.412,14,236.702,19,12.458,1,224.244,18,989.339,37,0,0,1684.551,63,748.689,28,935.862,35,1998.437,51,174.412,4,1921.253,49,761.147,19,1160.106,30,,323.908,26,921.892,74,548.152,44,74.748,6,298.992,24,187.172,7,2486.718,93,374.345,14,133.695,5,1978.679,74,511.08,13,3408.61,87,922.497,24,208.443,5,2277.671,58,
Togo,1994,1298.314,32,2703.302,68,4001.616,1051.634,81,181.764,14,246.68,19,12.983,1,233.697,18,1000.222,37,0,0,1703.08,63,756.925,28,946.156,35,2051.856,51,181.764,5,1949.76,49,769.908,19,1179.852,29,,337.562,26,960.752,74,571.258,44,77.899,6,311.595,24,189.231,7,2514.071,93,351.429,13,162.198,6,2000.443,74,526.793,13,3474.823,87,922.687,23,240.097,6,2312.039,58,
Togo,1995,1357.936,33,2727.556,67,4085.492,1113.508,82,190.111,14,244.428,18,13.579,1,230.849,17,1009.196,37,0,0,1718.36,63,763.716,28,954.645,35,2122.703,52,190.111,5,1962.789,48,777.295,19,1185.494,29,,353.063,26,1004.873,74,597.492,44,95.056,7,312.325,23,190.929,7,2536.627,93,354.582,13,163.653,6,2018.391,74,543.992,13,3541.5,87,952.074,23,258.709,7,2330.717,57,
Togo,1996,1426.131,34,2796.554,66,4222.685,1169.427,82,199.658,14,256.704,18,14.261,1,242.442,17,1034.725,37,0,0,1761.829,63,783.035,28,978.794,35,2204.152,52,199.658,5,2018.533,48,797.296,19,1221.236,29,,370.794,26,1055.337,74,627.498,44,99.829,7,328.01,23,167.793,6,2628.761,94,363.552,13,195.759,7,2069.45,74,538.587,13,3684.098,87,991.05,23,295.588,7,2397.46,57,
Togo,1997,1502.091,34,2859.582,66,4361.673,1246.736,83,195.272,13,255.355,17,15.021,1,240.335,16,1058.045,37,0,0,1801.537,63,800.683,28,1000.854,35,2304.781,53,195.272,4,2056.892,47,815.704,19,1241.188,29,,390.544,26,1111.547,74,660.92,44,105.146,7,345.481,23,171.575,6,2688.007,94,343.15,12,228.767,8,2116.091,74,562.119,13,3799.554,87,1004.07,23,333.913,8,2461.572,56,
Togo,1998,1583.791,35,2919.769,65,4503.56,1314.547,83,205.893,13,269.244,17,15.838,1,253.407,16,1109.512,38,0,0,1810.257,62,817.535,28,992.721,34,2424.059,54,205.893,5,2079.501,46,833.373,19,1246.128,27,,411.786,26,1172.005,74,696.868,44,110.865,7,364.272,23,175.186,6,2744.583,94,350.372,12,233.582,8,2160.629,74,586.972,13,3916.588,87,1047.24,23,344.447,8,2524.901,56,
Togo,1999,1667.621,36,2980.314,64,4647.935,1400.802,84,216.791,13,266.819,16,16.676,1,250.143,15,1132.519,38,0,0,1847.795,62,864.291,29,983.504,33,2533.321,55,216.791,5,2114.614,45,880.967,19,1233.647,26,,433.581,26,1234.04,74,733.753,44,116.733,7,383.553,23,178.819,6,2801.495,94,327.835,11,268.228,9,2205.432,74,612.4,13,4035.535,87,1061.588,23,384.962,8,2588.985,56,
Togo,2000,1750.971,37,3042.533,63,4793.504,1470.816,84,227.626,13,280.155,16,17.51,1,262.646,15,1156.163,38,0,0,1886.37,62,882.335,29,1004.036,33,2626.978,55,227.626,5,2166.526,45,899.844,19,1266.682,26,,455.252,26,1295.719,74,770.427,44,140.078,8,385.214,22,152.127,5,2890.406,95,334.679,11,304.253,10,2251.474,74,607.379,13,4186.125,87,1105.106,23,444.331,9,2636.688,55,
Togo,2001,1832.574,37,3084.752,63,4917.326,1557.688,85,238.235,13,274.886,15,18.326,1,256.56,14,1172.206,38,0,0,1912.546,62,894.578,29,1017.968,33,2729.894,56,238.235,5,2187.432,44,912.904,19,1274.529,25,,476.469,26,1356.105,74,806.333,44,146.606,8,403.166,22,154.238,5,2930.514,95,308.475,10,339.323,11,2282.716,74,630.707,13,4286.619,87,1114.808,23,485.929,9,2685.883,55,
Togo,2002,1913.288,38,3127.666,62,5040.954,1626.295,85,248.727,13,286.993,15,19.133,1,267.86,14,1188.513,38,0,0,1939.153,62,907.023,29,1032.13,33,2814.808,56,248.727,5,2226.146,44,926.156,18,1299.99,26,,497.455,26,1415.833,74,841.847,44,153.063,8,420.923,22,156.383,5,2971.283,95,312.767,10,344.043,11,2314.473,74,653.838,13,4387.116,87,1154.613,23,497.106,10,2735.396,54,
Togo,2003,1993.908,39,3170.02,61,5163.928,1714.761,86,259.208,13,279.147,14,19.939,1,259.208,13,1236.308,39,0,0,1933.712,61,919.306,29,1014.406,32,2951.069,57,259.208,5,2212.859,43,939.245,18,1273.614,25,,518.416,26,1475.492,74,877.32,44,159.513,8,438.66,22,158.501,5,3011.519,95,285.302,9,380.402,12,2345.815,74,676.917,13,4487.011,87,1162.621,23,539.915,10,2784.475,54,
Togo,2004,2075.859,39,3210.333,61,5286.192,1785.239,86,269.862,13,290.62,14,20.759,1,269.862,13,1252.03,39,0,0,1958.303,61,930.997,29,1027.307,32,3037.269,57,269.862,5,2248.923,43,951.755,18,1297.168,25,,539.723,26,1536.136,74,913.378,44,186.827,9,435.93,21,128.413,4,3081.92,96,288.93,9,417.343,13,2375.646,74,668.137,13,4618.055,87,1202.308,23,604.171,11,2811.577,53,
Togo,2005,2160.297,40,3247.747,60,5408.044,1879.458,87,280.839,13,280.839,13,21.603,1,259.236,12,1266.621,39,0,0,1981.126,61,941.847,29,1039.279,32,3146.08,58,280.839,5,2261.964,42,963.45,18,1298.515,24,,561.677,26,1598.62,74,950.531,44,194.427,9,453.662,21,129.91,4,3117.837,96,259.82,8,454.685,14,2403.333,74,691.587,13,4716.457,87,1210.35,22,649.111,12,2856.995,53,
Togo,2006,2247.465,41,3286.551,59,5534.016,1955.295,87,292.17,13,292.17,13,22.475,1,269.696,12,1281.755,39,0,0,2004.796,61,953.1,29,1051.696,32,3237.049,58,292.17,5,2296.967,42,975.574,18,1321.392,24,,584.341,26,1663.124,74,966.41,43,224.747,10,471.968,21,131.462,4,3155.089,96,262.924,8,460.117,14,2432.048,74,715.803,13,4818.213,87,1229.334,22,684.864,13,2904.015,52,
Togo,2007,2336.816,41,3321.19,59,5658.006,2056.398,88,303.786,13,280.418,12,23.368,1,257.05,11,1295.264,39,0,0,2025.926,61,996.357,30,1029.569,31,3351.662,59,303.786,5,2306.344,41,1019.725,18,1286.619,23,,607.572,26,1729.244,74,1004.831,43,233.682,10,490.731,21,132.848,4,3188.342,96,232.483,7,498.179,15,2457.681,74,740.42,13,4917.586,87,1237.314,22,731.86,13,2948.412,52,
Togo,2008,2428.467,42,3352.441,58,5780.908,2137.051,88,315.701,13,291.416,12,24.285,1,267.131,11,1340.976,40,0,0,2011.465,60,1005.732,30,1005.732,30,3478.027,60,315.701,5,2302.881,40,1030.017,18,1272.864,22,,631.401,26,1797.066,74,1044.241,43,242.847,10,509.978,21,100.573,3,3251.868,97,234.671,7,536.391,16,2480.806,74,731.975,13,5048.933,87,1278.912,22,779.237,13,2990.784,52,
Togo,2009,2522.396,43,3381.536,57,5903.932,2244.932,89,302.688,12,277.464,11,25.224,1,252.24,10,1352.614,40,33.815,1,2028.922,60,1014.461,30,1014.461,30,3597.547,61,336.503,6,2306.385,39,1039.685,18,1266.7,21,,655.823,26,1866.573,74,1084.63,43,277.464,11,504.479,20,101.446,3,3280.09,97,202.892,6,574.861,17,2502.337,74,757.269,13,5146.663,87,1287.522,22,852.325,14,3006.816,51,
Togo,2010,2618.536,43,3409.262,57,6027.798,2330.497,89,314.224,12,288.039,11,26.185,1,261.854,10,1363.705,40,34.093,1,2045.557,60,1022.779,30,1022.779,30,3694.202,61,348.317,6,2333.596,39,1048.964,17,1284.632,21,,680.819,26,1937.717,74,1125.97,43,288.039,11,523.707,20,102.278,3,3306.984,97,204.556,6,579.575,17,2522.854,74,783.097,13,5244.701,87,1330.526,22,867.614,14,3046.561,51,
Tunisia,1990,4760.328,58,3454.783,42,8215.111,4522.312,95,4236.692,89,238.016,5,0,0,238.016,5,2141.965,62,760.052,22,1312.818,38,69.096,2,1243.722,36,6664.277,81,4996.744,61,1550.834,19,69.096,1,1481.738,18,,4522.312,95,238.016,5,95.207,2,0,0,142.81,3,1520.105,44,1934.678,56,207.287,6,34.548,1,1692.844,49,6042.416,74,2172.695,26,302.494,4,34.548,0,1835.654,22,
Tunisia,1991,4921.16,59,3460.23,41,8381.39,4675.102,95,4379.832,89,246.058,5,0,0,246.058,5,2214.547,64,795.853,23,1245.683,36,69.205,2,1176.478,34,6889.649,82,5175.685,62,1491.741,18,69.205,1,1422.536,17,,4675.102,95,246.058,5,98.423,2,49.212,1,98.423,2,1591.706,46,1868.524,54,207.614,6,34.602,1,1626.308,47,6266.808,75,2114.582,25,306.037,4,83.814,0,1724.731,21,
Tunisia,1992,5079.686,60,3454.188,40,8533.874,4825.702,95,4520.921,89,253.984,5,0,0,253.984,5,2245.222,65,829.005,24,1208.966,35,69.084,2,1139.882,33,7070.924,83,5349.926,63,1462.95,17,69.084,1,1393.866,16,,4825.702,95,253.984,5,101.594,2,50.797,1,101.594,2,1623.468,47,1830.72,53,207.251,6,69.084,2,1554.385,45,6449.17,76,2084.704,24,308.845,4,119.881,1,1655.978,19,
Tunisia,1993,5235.146,60,3439.407,40,8674.553,4973.389,95,4711.631,90,261.757,5,0,0,261.757,5,2304.403,67,859.852,25,1135.004,33,68.788,2,1066.216,31,7277.791,84,5571.483,64,1396.762,16,68.788,1,1327.973,15,,4973.389,95,261.757,5,104.703,2,52.351,1,104.703,2,1650.915,48,1788.492,52,206.364,6,103.182,3,1478.945,43,6624.304,76,2050.249,24,311.067,4,155.534,2,1583.648,18,
Tunisia,1994,5380.159,61,3427.402,39,8807.561,5164.953,96,4842.143,90,215.206,4,0,0,215.206,4,2330.633,68,891.125,26,1096.769,32,68.548,2,1028.221,30,7495.586,85,5733.268,65,1311.975,15,68.548,1,1243.427,14,,5111.151,95,269.008,5,107.603,2,53.802,1,107.603,2,1679.427,49,1747.975,51,205.644,6,137.096,4,1405.235,41,6790.578,77,2016.983,23,313.247,4,190.898,2,1512.838,17,
Tunisia,1995,5493.023,61,3442.5,39,8935.523,5273.302,96,4943.721,90,219.721,4,0,0,219.721,4,2375.325,69,963.9,28,1067.175,31,68.85,2,998.325,29,7648.627,86,5907.621,66,1286.896,14,68.85,1,1218.046,14,,5218.372,95,274.651,5,109.86,2,54.93,1,109.86,2,1755.675,51,1686.825,49,206.55,6,137.7,4,1342.575,39,6974.047,78,1961.476,22,316.41,4,192.63,2,1452.435,16,
Tunisia,1996,5601.345,62,3444.299,38,9045.644,5377.291,96,5097.224,91,224.054,4,0,0,224.054,4,2445.452,71,998.847,29,998.847,29,68.886,2,929.961,27,7822.743,86,6096.071,67,1222.901,14,68.886,1,1154.015,13,,5321.278,95,280.067,5,112.027,2,56.013,1,112.027,2,1791.035,52,1653.264,48,206.658,6,172.215,5,1274.391,37,7112.313,79,1933.331,21,318.685,4,228.228,2,1386.418,15,
Tunisia,1997,5704.986,62,3447.352,38,9152.338,5533.836,97,5191.537,91,171.15,3,0,0,171.15,3,2482.093,72,1034.206,30,965.259,28,68.947,2,896.312,26,8015.93,88,6225.743,68,1136.408,12,68.947,1,1067.461,11,,5419.737,95,285.249,5,114.1,2,114.1,2,57.05,1,1827.097,53,1620.255,47,241.315,7,172.368,5,1206.573,35,7246.833,79,1905.505,21,355.414,4,286.467,3,1263.623,14,
Tunisia,1998,5804.967,63,3451.093,37,9256.06,5630.818,97,5340.57,92,174.149,3,0,0,174.149,3,2553.809,74,1069.839,31,897.284,26,69.022,2,828.262,24,8184.627,88,6410.408,69,1071.433,12,69.022,1,1002.411,11,,5514.719,95,290.248,5,116.099,2,116.099,2,58.05,1,1898.101,55,1552.992,45,241.577,7,172.555,5,1138.861,33,7412.82,80,1843.24,20,357.676,4,288.654,3,1196.91,13,
Tunisia,1999,5902.367,63,3454.707,37,9357.074,5725.296,97,5430.178,92,177.071,3,0,0,177.071,3,2591.03,75,1105.506,32,863.677,25,69.094,2,794.583,23,8316.326,89,6535.684,70,1040.748,11,69.094,1,971.654,10,,5607.249,95,295.118,5,118.047,2,118.047,2,59.024,1,1934.636,56,1520.071,44,241.829,7,207.282,6,1070.959,31,7541.885,81,1815.189,19,359.877,4,325.33,3,1129.983,12,
Tunisia,2000,5998.204,63,3457.913,37,9456.117,5878.24,98,5518.348,92,119.964,2,0,0,119.964,2,2662.593,77,1141.111,33,795.32,23,69.158,2,726.162,21,8540.833,90,6659.459,70,915.284,10,69.158,1,846.126,9,,5698.294,95,299.91,5,119.964,2,119.964,2,59.982,1,1971.01,57,1486.903,43,242.054,7,242.054,7,1002.795,29,7669.304,81,1786.813,19,362.018,4,362.018,4,1062.777,11,
Tunisia,2001,6092.355,64,3450.633,36,9542.988,5970.508,98,5665.89,93,121.847,2,0,0,121.847,2,2691.494,78,1173.215,34,759.139,22,69.013,2,690.127,20,8662.002,91,6839.105,72,880.986,9,69.013,1,811.974,8,,5787.737,95,304.618,5,121.847,2,121.847,2,60.924,1,2001.367,58,1449.266,42,241.544,7,276.051,8,931.671,27,7789.104,82,1753.884,18,363.391,4,397.898,4,992.594,10,
Tunisia,2002,6185.336,64,3448.59,36,9633.926,6061.629,98,5752.362,93,123.707,2,0,0,123.707,2,2758.872,80,1207.007,35,689.718,20,68.972,2,620.746,18,8820.501,92,6959.369,72,813.425,8,68.972,1,744.453,8,,5876.069,95,309.267,5,123.707,2,185.56,3,0,0,2069.154,60,1379.436,40,241.401,7,275.887,8,862.148,25,7945.223,82,1688.703,18,365.108,4,461.447,5,862.148,9,
Tunisia,2003,6279.07,65,3447.395,35,9726.465,6153.489,98,5839.535,93,125.581,2,0,0,125.581,2,2792.39,81,1241.062,36,655.005,19,68.948,2,586.057,17,8945.879,92,7080.597,73,780.586,8,68.948,1,711.639,7,,6027.907,96,251.163,4,125.581,2,125.581,2,0,0,2102.911,61,1344.484,39,275.792,8,275.792,8,792.901,23,8130.818,84,1595.647,16,401.373,4,401.373,4,792.901,8,
Tunisia,2004,6375.769,65,3443.194,35,9818.963,6312.011,99,5993.223,94,63.758,1,0,0,63.758,1,2857.851,83,1308.414,38,585.343,17,68.864,2,516.479,15,9169.862,93,7301.637,74,649.101,7,68.864,1,580.237,6,,6120.738,96,255.031,4,127.515,2,127.515,2,0,0,2134.78,62,1308.414,38,275.456,8,309.887,9,723.071,21,8255.519,84,1563.444,16,402.971,4,437.403,5,723.071,7,
Tunisia,2005,6477.467,65,3434.647,35,9912.114,6412.692,99,6088.819,94,64.775,1,0,0,64.775,1,2885.103,84,1339.512,39,549.544,16,68.693,2,480.851,14,9297.796,94,7428.331,75,614.318,6,68.693,1,545.625,5,,6218.368,96,259.099,4,129.549,2,129.549,2,0,0,2198.174,64,1236.473,36,274.772,8,309.118,9,652.583,19,8416.542,85,1495.572,15,404.321,4,438.668,4,652.583,7,
Tunisia,2006,6585.022,66,3440.133,34,10025.155,6519.172,99,6189.921,94,65.85,1,0,0,65.85,1,2889.712,84,1341.652,39,550.421,16,68.803,2,481.619,14,9408.884,94,7531.573,75,616.271,6,68.803,1,547.469,5,,6321.621,96,263.401,4,131.7,2,131.7,2,0,0,2201.685,64,1238.448,36,275.211,8,309.612,9,653.625,19,8523.306,85,1501.849,15,406.911,4,441.312,4,653.625,7,
Tunisia,2007,6698.098,66,3440.141,34,10138.239,6631.117,99,6296.212,94,66.981,1,0,0,66.981,1,2889.718,84,1341.655,39,550.423,16,68.803,2,481.62,14,9520.835,94,7637.867,75,617.404,6,68.803,1,548.601,5,,6430.174,96,267.924,4,133.962,2,133.962,2,0,0,2201.69,64,1238.451,36,275.211,8,309.613,9,653.627,19,8631.864,85,1506.375,15,409.173,4,443.575,5,653.627,6,
Tunisia,2008,6815.086,66,3437.293,34,10252.379,6746.935,99,6406.181,94,68.151,1,0,0,68.151,1,2887.326,84,1340.544,39,549.967,16,68.746,2,481.221,14,9634.261,94,7746.725,76,618.118,6,68.746,1,549.372,5,,6542.483,96,272.603,4,136.302,2,136.302,2,0,0,2199.868,64,1237.425,36,274.983,8,309.356,9,653.086,19,8742.35,85,1510.029,15,411.285,4,445.658,5,653.086,6,
Tunisia,2009,6933.726,67,3433.354,33,10367.08,6864.389,99,6517.702,94,69.337,1,0,0,69.337,1,2884.017,84,1339.008,39,549.337,16,68.667,2,480.67,14,9748.406,94,7856.711,76,618.674,6,68.667,1,550.007,5,,6656.377,96,277.349,4,138.675,2,138.675,2,0,0,2197.347,64,1236.007,36,274.668,8,309.002,9,652.337,19,8853.724,85,1513.356,15,413.343,4,447.676,5,652.337,6,
Tunisia,2010,7051.992,67,3428.942,33,10480.934,6981.472,99,,,70.52,1,,,70.52,1,,,,,,,,,,,,,,,,,,,,,,6769.912,96,282.08,4,141.04,2,141.04,2,,,,,,,,,,,,,,,,,,,,,,,
Uganda,1990,1960.421,11,15739.296,89,17699.717,1529.128,78,156.834,8,431.293,22,58.813,3,372.48,19,6138.325,39,0,0,9600.971,61,3620.038,23,5980.932,38,7667.454,43,156.834,1,10032.263,57,3678.851,21,6353.412,36,40,627.335,32,1333.086,68,941.002,48,333.272,17,58.813,3,4092.217,26,11647.079,74,1888.716,12,6295.718,40,3462.645,22,4719.552,27,12980.165,73,2829.718,16,6628.99,37,3521.458,20,16
Uganda,1991,2076.521,11,16224.474,89,18300.995,1640.452,79,186.887,9,436.069,21,62.296,3,373.774,18,6489.79,40,0,0,9734.684,60,3569.384,22,6165.3,38,8130.241,44,186.887,1,10170.754,56,3631.68,20,6539.074,36,,664.487,32,1412.034,68,996.73,48,353.009,17,62.296,3,4380.608,27,11843.866,73,1946.937,12,6327.545,39,3569.384,22,5045.095,28,13255.9,72,2943.667,16,6680.553,36,3631.68,20,
Uganda,1992,2162.081,11,16753.604,89,18915.685,1708.044,79,216.208,10,454.037,21,64.862,3,389.175,18,7036.514,42,0,0,9717.09,58,3685.793,22,6031.297,36,8744.558,46,216.208,1,10171.127,54,3750.655,20,6420.472,34,,691.866,32,1470.215,68,1037.799,48,367.554,17,64.862,3,4523.473,27,12230.131,73,2010.432,12,6701.442,40,3518.257,21,5215.339,28,13700.346,72,3048.231,16,7068.995,37,3583.119,19,
Uganda,1993,2249.431,12,17293.736,88,19543.167,1799.545,80,224.943,10,449.886,20,67.483,3,382.403,17,7436.306,43,0,0,9857.43,57,3631.685,21,6225.745,36,9235.851,47,224.943,1,10307.316,53,3699.167,19,6608.148,34,,742.312,33,1507.119,67,1079.727,48,359.909,16,67.483,3,4842.246,28,12451.49,72,2075.248,12,6917.494,40,3458.747,20,5584.558,29,13958.609,71,3154.975,16,7277.403,37,3526.23,18,
Uganda,1994,2338.601,12,17843.193,88,20181.794,1894.267,81,257.246,11,444.334,19,70.158,3,374.176,16,8029.437,45,0,0,9813.756,55,3747.071,21,6066.686,34,9923.704,49,257.246,1,10258.09,51,3817.229,19,6440.862,32,,771.738,33,1566.863,67,1122.528,48,397.562,17,46.772,2,4996.094,28,12847.099,72,2319.615,13,6958.845,39,3568.639,20,5767.832,29,14413.962,71,3442.144,17,7356.407,36,3615.411,18,
Uganda,1995,2429.528,12,18401.547,88,20831.075,1992.213,82,267.248,11,437.315,18,72.886,3,364.429,15,8464.712,46,0,0,9936.835,54,3680.309,20,6256.526,34,10456.925,50,267.248,1,10374.15,50,3753.195,18,6620.955,32,,801.744,33,1627.784,67,1166.173,48,413.02,17,48.591,2,5152.433,28,13249.114,72,2392.201,13,7360.619,40,3496.294,19,5954.177,29,14876.898,71,3558.375,17,7773.639,37,3544.884,17,
Uganda,1996,2522.288,12,18968.296,88,21490.584,2093.499,83,302.675,12,428.789,17,75.669,3,353.12,14,9104.782,48,0,0,9863.514,52,3793.659,20,6069.855,32,11198.281,52,302.675,1,10292.303,48,3869.328,18,6422.975,30,,832.355,33,1689.933,67,1210.698,48,428.789,17,50.446,2,5500.806,29,13467.49,71,2465.878,13,7397.635,39,3603.976,19,6333.161,29,15157.423,71,3676.577,17,7826.424,37,3654.422,17,
Uganda,1997,2616.952,12,19535.195,88,22152.147,2198.24,84,340.204,13,418.712,16,52.339,2,366.373,14,9572.246,49,0,0,9962.949,51,3711.687,19,6251.262,32,11770.485,53,340.204,2,10381.662,47,3764.026,17,6617.636,29,,863.594,33,1753.358,67,1282.306,49,418.712,16,52.339,2,5665.207,29,13869.988,71,2539.575,13,7814.078,40,3516.335,18,6528.801,29,15623.346,71,3821.882,17,8232.79,38,3568.674,16,
Uganda,1998,2714.835,12,20105.795,88,22820.63,2307.61,85,352.929,13,407.225,15,54.297,2,352.929,13,10253.955,51,0,0,9851.84,49,3820.101,19,6031.739,30,12561.565,55,352.929,2,10259.065,45,3874.398,17,6384.667,28,,895.896,33,1818.939,67,1330.269,49,434.374,16,54.297,2,6031.739,30,14074.056,70,2613.753,13,7841.26,39,3619.043,18,6927.634,30,15892.996,70,3944.023,17,8275.634,37,3673.34,16,
Uganda,1999,2817.199,12,20687.815,88,23505.014,2422.791,86,394.408,14,394.408,14,56.344,2,338.064,12,10757.664,52,0,0,9930.151,48,3930.685,19,5999.466,29,13180.455,56,394.408,2,10324.559,44,3987.029,17,6337.53,27,,929.676,33,1887.523,67,1380.428,49,450.752,16,56.344,2,6206.345,30,14481.47,70,2896.294,14,8068.248,39,3516.929,17,7136.02,30,16368.994,70,4276.722,18,8519,37,3573.273,15,
Uganda,2000,2925.429,12,21287.691,88,24213.12,2515.869,86,409.56,14,409.56,14,58.509,2,351.051,12,11495.353,54,212.877,1,9792.338,46,3831.784,18,5960.553,28,14011.222,58,622.437,3,10201.898,42,3890.293,16,6311.605,26,,965.392,33,1960.037,67,1433.46,49,468.069,16,58.509,2,6386.307,30,14901.384,70,2980.277,14,8515.076,40,3406.031,16,7351.699,30,16861.421,70,4413.737,18,8983.145,38,3464.539,14,
Uganda,2001,3039.825,12,21973.021,88,25012.846,2644.648,87,455.974,15,395.177,13,60.797,2,334.381,11,12085.162,55,219.73,1,9887.859,45,3955.144,18,5932.716,27,14729.809,59,675.704,3,10283.037,41,4015.94,16,6267.096,25,,1003.142,33,2036.683,67,1489.514,49,486.372,16,60.797,2,6811.637,31,15161.384,69,3076.223,14,8569.478,39,3515.683,16,7814.779,31,17198.067,69,4565.737,18,9055.85,37,3576.48,14,
Uganda,2002,3160.587,12,22675.258,88,25835.845,2781.317,88,474.088,15,379.27,12,63.212,2,316.059,10,12924.897,57,226.753,1,9750.361,43,3854.794,17,5895.567,26,15706.214,61,700.841,3,10129.631,39,3918.006,15,6211.626,24,,1042.994,33,2117.593,67,1548.688,49,505.694,16,63.212,2,7029.33,31,15645.928,69,3174.536,14,9070.103,40,3401.289,15,8072.324,31,17763.521,69,4723.224,18,9575.797,38,3464.5,13,
Uganda,2003,3287.31,12,23394.719,88,26682.029,2925.706,89,525.97,16,361.604,11,65.746,2,295.858,9,13568.937,58,233.947,1,9825.782,42,3977.102,17,5848.68,25,16494.643,62,759.917,3,10187.386,38,4042.848,15,6144.538,23,,1117.685,34,2169.625,66,1610.782,49,493.097,15,65.746,2,7486.31,32,15908.409,68,3275.261,14,9123.94,39,3509.208,15,8603.995,32,18078.034,68,4886.043,18,9617.037,37,3574.954,13,
Uganda,2004,3422.865,12,24124.727,88,27547.592,3080.579,90,581.887,17,342.286,10,68.457,2,273.829,8,14233.589,59,241.247,1,9891.138,41,3859.956,16,6031.182,25,17314.167,63,823.134,3,10233.425,37,3928.414,14,6305.011,23,,1163.774,34,2259.091,66,1711.433,50,479.201,14,68.457,2,7719.913,32,16404.814,68,3377.462,14,9649.891,40,3377.462,14,8883.687,32,18663.905,68,5088.894,18,10129.092,37,3445.919,13,
Uganda,2005,3567.547,13,24863.657,87,28431.204,3246.468,91,606.483,17,321.079,9,71.351,2,249.728,7,15166.831,61,248.637,1,9696.826,39,3978.185,16,5718.641,23,18413.299,65,855.12,3,10017.905,35,4049.536,14,5968.369,21,,1212.966,34,2354.581,66,1783.774,50,499.457,14,71.351,2,7956.37,32,16907.287,68,3729.549,15,9696.826,39,3480.912,14,9169.336,32,19261.868,68,5513.322,19,10196.283,37,3552.263,12,
Uganda,2006,3721.505,13,25682.957,87,29404.462,3423.785,92,669.871,18,297.72,8,74.43,2,223.29,6,15923.433,62,256.83,1,9759.524,38,3852.444,15,5907.08,23,19347.218,66,926.7,3,10057.244,34,3926.874,13,6130.37,21,,1265.312,34,2456.193,66,1860.753,50,558.226,15,37.215,1,8475.376,33,17207.581,67,3852.444,15,10016.353,39,3338.784,13,9740.688,33,19663.774,67,5713.196,19,10574.579,37,3375.999,11,
Uganda,2007,3885.63,13,26499.639,87,30385.269,3613.636,93,699.413,18,271.994,7,77.713,2,194.282,5,16959.769,64,264.996,1,9539.87,36,3974.946,15,5564.924,21,20573.405,68,964.41,3,9811.864,32,4052.658,13,5759.206,19,,1321.114,34,2564.516,66,1942.815,50,582.845,15,38.856,1,8744.881,33,17754.758,67,3974.946,15,10599.856,40,3179.957,12,10065.995,33,20319.274,67,5917.761,19,11182.7,37,3218.813,11,
Uganda,2008,4060.332,13,27318.616,87,31378.948,3776.109,93,771.463,19,284.223,7,81.207,2,203.017,5,17757.1,65,273.186,1,9561.516,35,4097.792,15,5463.723,20,21533.209,69,1044.649,3,9845.739,31,4178.999,13,5666.74,19,,1380.513,34,2679.819,66,2030.166,50,609.05,15,40.603,1,9288.329,34,18030.287,66,4097.792,15,10654.26,39,3278.234,12,10668.842,34,20710.106,66,6127.958,20,11263.31,35,3318.837,11,
Uganda,2009,4246.022,13,28145.229,87,32391.251,3991.261,94,806.744,19,254.761,6,84.92,2,169.841,4,18857.303,67,281.452,1,9287.926,33,3940.332,14,5347.594,19,22848.564,71,1088.196,3,9542.687,29,4025.253,12,5517.434,18,,1443.647,34,2802.375,66,2123.011,50,636.903,15,42.46,1,9569.378,34,18575.851,66,4221.784,15,11258.092,40,3095.975,11,11013.025,34,21378.226,66,6344.795,20,11894.995,36,3138.435,10,
Uganda,2010,4443.812,13,28980.871,87,33424.683,4221.621,95,888.762,20,222.191,5,88.876,2,133.314,3,19706.992,68,289.809,1,9273.879,32,4057.322,14,5216.557,18,23928.614,72,1178.571,4,9496.069,28,4146.198,12,5349.871,16,,1510.896,34,2932.916,66,2221.906,50,666.572,15,44.438,1,9853.496,34,19127.375,66,4347.131,15,11592.348,40,3187.896,11,11364.392,34,22060.291,66,6569.037,20,12258.92,36,3232.334,10,
Tanzania,1990,4811.45,19,20667.529,81,25478.979,4522.763,94,1684.008,35,288.687,6,144.344,3,144.344,3,9507.063,46,206.675,1,11160.466,54,5166.882,25,5993.583,29,14029.826,55,1890.683,7,11449.153,45,5311.226,21,6137.927,24,16,481.145,10,4330.305,90,481.145,10,3752.931,78,96.229,2,1240.052,6,19427.477,94,826.701,4,16534.023,80,2066.753,10,1721.197,7,23757.782,93,1307.846,5,20286.954,80,2162.982,8,5
Tanzania,1991,5057.757,19,21294.54,81,26352.297,4703.714,93,1719.637,34,354.043,7,151.733,3,202.31,4,9795.488,46,212.945,1,11499.052,54,5323.635,25,6175.417,29,14499.202,55,1932.583,7,11853.095,45,5475.368,21,6377.727,24,,556.353,11,4501.404,89,556.353,11,3843.895,76,101.155,2,1277.672,6,20016.868,94,851.782,4,17035.632,80,2129.454,10,1834.026,7,24518.271,93,1408.135,5,20879.527,80,2230.609,8,
Tanzania,1992,5319.751,20,21909.898,80,27229.649,4894.171,92,1755.518,33,425.58,8,159.593,3,265.988,5,10078.553,46,219.099,1,11831.345,54,5477.475,25,6353.87,29,14972.724,55,1974.617,7,12256.925,45,5637.067,21,6619.858,24,,585.173,11,4734.578,89,585.173,11,4043.011,76,106.395,2,1314.594,6,20595.304,94,876.396,4,17308.819,79,2410.089,11,1899.766,7,25329.883,93,1461.569,5,21351.83,79,2516.484,9,
Tanzania,1993,5593.018,20,22525.155,80,28118.173,5145.577,92,1845.696,33,447.441,8,167.791,3,279.651,5,10361.571,46,225.252,1,12163.584,54,5631.289,25,6532.295,29,15507.148,55,2070.947,7,12611.025,45,5799.079,21,6811.946,24,,671.162,12,4921.856,88,671.162,12,4138.833,74,111.86,2,1351.509,6,21173.646,94,901.006,4,17794.872,79,2477.767,11,2022.671,7,26095.502,93,1572.168,6,21933.706,78,2589.627,9,
Tanzania,1994,5871.845,20,23151.36,80,29023.205,5343.379,91,1878.99,32,528.466,9,176.155,3,352.311,6,10649.626,46,231.514,1,12501.734,54,5556.326,24,6945.408,30,15993.005,55,2110.504,7,13030.2,45,5732.482,20,7297.719,25,,704.621,12,5167.224,88,704.621,12,4345.165,74,117.437,2,1389.082,6,21762.278,94,926.054,4,18289.574,79,2546.65,11,2093.703,7,26929.502,93,1630.676,6,22634.74,78,2664.087,9,
Tanzania,1995,6151.341,21,23792.391,79,29943.732,5536.207,90,1906.916,31,615.134,10,184.54,3,430.594,7,10944.499,46,237.924,1,12847.892,54,5710.174,24,7137.717,30,16480.707,55,2144.84,7,13463.025,45,5894.714,20,7568.311,25,,799.674,13,5351.667,87,738.161,12,4490.479,73,123.027,2,1665.467,7,22126.924,93,951.696,4,18320.141,77,2855.087,12,2465.142,8,27478.59,92,1689.857,6,22810.62,76,2978.114,10,
Tanzania,1996,6429.985,21,24308.871,79,30738.856,5722.687,89,1993.295,31,707.298,11,192.9,3,514.399,8,10938.992,45,243.089,1,13369.879,55,5834.129,24,7535.75,31,16661.679,54,2236.384,7,14077.177,46,6027.029,20,8050.149,26,,835.898,13,5594.087,87,835.898,13,4629.589,72,128.6,2,1701.621,7,22607.25,93,972.355,4,18717.831,77,2917.065,12,2537.519,8,28201.337,92,1808.253,6,23347.42,76,3045.664,10,
Tanzania,1997,6709.289,21,24834.766,79,31544.055,5971.267,89,2012.787,30,738.022,11,201.279,3,536.743,8,11175.645,45,496.695,2,13659.121,55,5711.996,23,7947.125,32,17146.912,54,2509.482,8,14397.143,46,5913.275,19,8483.868,27,,939.3,14,5769.989,86,872.208,13,4763.595,71,134.186,2,1738.434,7,23096.332,93,993.391,4,19122.77,77,2980.172,12,2677.734,8,28866.321,92,1865.598,6,23886.365,76,3114.358,10,
Tanzania,1998,6992.714,22,25366.467,78,32359.181,6153.588,88,2027.887,29,839.126,12,209.781,3,629.344,9,11414.91,45,507.329,2,13951.557,55,5834.287,23,8117.269,32,17568.498,54,2535.216,8,14790.683,46,6044.069,19,8746.614,27,,978.98,14,6013.734,86,978.98,14,4894.9,70,139.854,2,1775.653,7,23590.814,93,1014.659,4,19532.18,77,3043.976,12,2754.633,9,29604.548,91,1993.639,6,24427.079,75,3183.83,10,
Tanzania,1999,7285.813,22,25902.217,78,33188.03,6338.657,87,2112.886,29,947.156,13,218.574,3,728.581,10,11655.998,45,518.044,2,14246.219,55,5957.51,23,8288.709,32,17994.655,54,2630.93,8,15193.375,46,6176.084,19,9017.291,27,,1092.872,15,6192.941,85,1020.014,14,5027.211,69,145.716,2,1813.155,7,24089.062,93,1036.089,4,19685.685,76,3367.288,13,2906.027,9,30282.003,91,2056.103,6,24712.896,74,3513.004,11,
Tanzania,2000,7593.573,22,26444.588,78,34038.161,6530.473,86,2126.2,28,1063.1,14,227.807,3,835.293,11,11900.065,45,528.892,2,14544.523,55,6082.255,23,8462.268,32,18430.537,54,2655.092,8,15607.624,46,6310.062,19,9297.561,27,,1139.036,15,6454.537,85,1139.036,15,5163.63,68,151.871,2,1851.121,7,24593.467,93,1057.784,4,20097.887,76,3437.796,13,2990.157,9,31048.004,91,2196.819,6,25261.517,74,3589.668,11,
Tanzania,2001,7917.097,23,27029.057,77,34946.154,6808.703,86,2216.787,28,1108.394,14,237.513,3,870.881,11,12163.076,45,540.581,2,14865.981,55,5946.393,22,8919.589,33,18971.779,54,2757.368,8,15974.375,46,6183.905,18,9790.469,28,,1266.736,16,6650.361,84,1187.565,15,5304.455,67,158.342,2,1892.034,7,25137.023,93,1081.162,4,20542.083,76,3513.777,13,3158.77,9,31787.384,91,2268.727,6,25846.538,74,3672.119,11,
Tanzania,2002,8257.24,23,27621.499,77,35878.739,7018.654,85,2229.455,27,1238.586,15,247.717,3,990.869,12,12429.675,45,552.43,2,15191.824,55,6076.73,22,9115.095,33,19448.329,54,2781.885,8,16430.41,46,6324.447,18,10105.963,28,,1321.158,16,6936.082,84,1321.158,16,5449.778,66,165.145,2,1933.505,7,25687.994,93,1104.86,4,20716.124,75,3867.01,14,3254.663,9,32624.076,91,2426.018,7,26165.903,73,4032.155,11,
Tanzania,2003,8615.08,23,28222.077,77,36837.157,7236.667,84,2239.921,26,1378.413,16,258.452,3,1119.96,13,12699.935,45,564.442,2,15522.142,55,6208.857,22,9313.285,33,19936.602,54,2804.362,8,16900.555,46,6467.309,18,10433.246,27,,1464.564,17,7150.516,83,1378.413,16,5599.802,65,172.302,2,1975.545,7,26246.532,93,1128.883,4,21166.558,75,3951.091,14,3440.109,9,33397.048,91,2507.296,7,26766.36,73,4123.392,11,
Tanzania,2004,8994.805,24,28825.915,76,37820.72,7465.688,83,2338.649,26,1529.117,17,269.844,3,1259.273,14,12971.662,45,864.777,3,15854.253,55,6053.442,21,9800.811,34,20437.35,54,3203.427,8,17383.37,46,6323.286,17,11060.084,29,,1529.117,17,7465.688,83,1529.117,17,5756.675,64,179.896,2,2017.814,7,26808.101,93,1153.037,4,21619.436,75,4035.628,14,3546.931,9,34273.789,91,2682.153,7,27376.111,73,4215.524,11,
Tanzania,2005,9397.884,24,29433.14,76,38831.024,7800.244,83,2349.471,25,1597.64,17,281.937,3,1315.704,14,13244.913,45,882.994,3,16188.227,55,6180.959,21,10007.268,34,21045.157,54,3232.465,8,17785.867,46,6462.896,17,11322.971,29,,1691.619,18,7706.265,82,1597.64,17,5920.667,63,187.958,2,2060.32,7,27372.82,93,1177.326,4,21780.524,74,4414.971,15,3751.939,10,35079.085,90,2774.966,7,27701.191,71,4602.929,12,
Tanzania,2006,9826.398,25,30154.316,75,39980.714,8057.646,82,2358.336,24,1768.752,18,294.792,3,1473.96,15,13569.442,45,904.629,3,16584.874,55,6332.406,21,10252.467,34,21627.089,54,3262.965,8,18353.625,46,6627.198,17,11726.427,29,,1768.752,18,8057.646,82,1768.752,18,6092.367,62,196.528,2,2110.802,7,28043.514,93,1206.173,4,22314.194,74,4523.147,15,3879.554,10,36101.16,90,2974.924,7,28406.561,71,4719.675,12,
Tanzania,2007,10281.831,25,30864.654,75,41146.485,8328.283,81,2467.639,24,1953.548,19,308.455,3,1645.093,16,13580.448,44,925.94,3,17284.206,56,6172.931,20,11111.275,36,21908.731,53,3393.579,8,19237.754,47,6481.386,16,12756.368,31,,1953.548,19,8328.283,81,1850.73,18,6271.917,61,205.637,2,2160.526,7,28704.128,93,1234.586,4,22839.844,74,4629.698,15,4114.074,10,37032.411,90,3085.316,7,29111.761,71,4835.335,12,
Tanzania,2008,10766.42,25,31572.136,75,42338.556,8613.136,80,2476.277,23,2153.284,20,322.993,3,1830.291,17,13891.74,44,947.164,3,17680.396,56,6314.427,20,11365.969,36,22504.876,53,3423.441,8,19833.68,47,6637.42,16,13196.26,31,,2045.62,19,8720.8,81,2045.62,19,6459.852,60,215.328,2,2210.05,7,29362.086,93,1262.885,4,23363.381,74,4735.82,15,4255.669,10,38082.887,90,3308.505,8,29823.233,70,4951.149,12,
Tanzania,2009,11281.612,26,32286.396,74,43568.008,9025.29,80,2481.955,22,2256.322,20,338.448,3,1917.874,17,14206.014,44,968.592,3,18080.382,56,6457.279,20,11623.103,36,23231.304,53,3450.547,8,20336.704,47,6795.728,16,13540.977,31,,2256.322,20,9025.29,80,2143.506,19,6656.151,59,225.632,2,2260.048,7,30026.348,93,1291.456,4,23569.069,73,5165.823,16,4516.37,10,39051.638,90,3434.962,8,30225.22,70,5391.456,12,
Tanzania,2010,11830.461,26,33010.765,74,44841.226,9346.064,79,2602.701,22,2484.397,21,354.914,3,2129.483,18,14524.737,44,990.323,3,18486.028,56,6602.153,20,11883.875,36,23870.801,53,3593.024,8,20970.425,47,6957.067,16,14013.358,31,,2366.092,20,9464.369,80,2366.092,20,6861.667,58,236.609,2,2310.754,7,30700.011,93,1320.431,4,24097.858,73,5281.722,16,4676.846,10,40164.38,90,3686.523,8,30959.526,70,5518.332,12,
Western Sahara,1990,190.227,86,30.567,14,220.794,,,,,,,,,,,,,,,,,,,,,,,,,,,,,,,,,,,,,,,,,,,,,,,,,,,,,,,,,,,,,,
Western Sahara,1991,197.396,87,30.71,13,228.106,,,,,,,,,,,,,,,,,,,,,,,,,,,,,,,,,,,,,,,,,,,,,,,,,,,,,,,,,,,,,,
Western Sahara,1992,204.686,87,31.044,13,235.73,,,,,,,,,,,,,,,,,,,,,,,,,,,,,,,,,,,,,,,,,,,,,,,,,,,,,,,,,,,,,,
Western Sahara,1993,212.134,87,31.399,13,243.533,,,,,,,,,,,,,,,,,,,,,,,,,,,,,,,,,,,,,,,,,,,,,,,,,,,,,,,,,,,,,,
Western Sahara,1994,219.784,87,31.535,13,251.319,,,,,,,,,,,,,,,,,,,,,,,,,,,,,,,,,,,,,,,,,,,,,,,,,,,,,,,,,,,,,,
Western Sahara,1995,225.769,87,33.28,13,259.049,,,,,,,,,,,,,,,,,,,,,,,,,,,,,,,,,,,,,,,,,,,,,,,,,,,,,,,,,,,,,,
Western Sahara,1996,231.258,86,38.772,14,270.03,,,,,,,,,,,,,,,,,,,,,,,,,,,,,,,,,,,,,,,,,,,,,,,,,,,,,,,,,,,,,,
Western Sahara,1997,236.834,84,44.149,16,280.983,,,,,,,,,,,,,,,,,,,,,,,,,,,,,,,,,,,,,,,,,,,,,,,,,,,,,,,,,,,,,,
Western Sahara,1998,243.467,83,48.548,17,292.015,,,,,,,,,,,,,,,,,,,,,,,,,,,,,,,,,,,,,,,,,,,,,,,,,,,,,,,,,,,,,,
Western Sahara,1999,252.426,83,50.951,17,303.377,,,,,,,,,,,,,,,,,,,,,,,,,,,,,,,,,,,,,,,,,,,,,,,,,,,,,,,,,,,,,,
Western Sahara,2000,264.447,84,50.893,16,315.34,,,,,,,,,,,,,,,,,,,,,,,,,,,,,,,,,,,,,,,,,,,,,,,,,,,,,,,,,,,,,,
Western Sahara,2001,279.937,83,59.056,17,338.993,,,,,,,,,,,,,,,,,,,,,,,,,,,,,,,,,,,,,,,,,,,,,,,,,,,,,,,,,,,,,,
Western Sahara,2002,298.223,82,65.065,18,363.288,,,,,,,,,,,,,,,,,,,,,,,,,,,,,,,,,,,,,,,,,,,,,,,,,,,,,,,,,,,,,,
Western Sahara,2003,317.678,82,70.678,18,388.356,,,,,,,,,,,,,,,,,,,,,,,,,,,,,,,,,,,,,,,,,,,,,,,,,,,,,,,,,,,,,,
Western Sahara,2004,336.113,81,78.032,19,414.145,,,,,,,,,,,,,,,,,,,,,,,,,,,,,,,,,,,,,,,,,,,,,,,,,,,,,,,,,,,,,,
Western Sahara,2005,355.868,81,84.601,19,440.469,,,,,,,,,,,,,,,,,,,,,,,,,,,,,,,,,,,,,,,,,,,,,,,,,,,,,,,,,,,,,,
Western Sahara,2006,373.904,82,83.876,18,457.78,,,,,,,,,,,,,,,,,,,,,,,,,,,,,,,,,,,,,,,,,,,,,,,,,,,,,,,,,,,,,,
Western Sahara,2007,389.912,82,85.673,18,475.585,,,,,,,,,,,,,,,,,,,,,,,,,,,,,,,,,,,,,,,,,,,,,,,,,,,,,,,,,,,,,,
Western Sahara,2008,404.57,82,89.137,18,493.707,,,,,,,,,,,,,,,,,,,,,,,,,,,,,,,,,,,,,,,,,,,,,,,,,,,,,,,,,,,,,,
Western Sahara,2009,419.026,82,92.99,18,512.016,,,,,,,,,,,,,,,,,,,,,,,,,,,,,,,,,,,,,,,,,,,,,,,,,,,,,,,,,,,,,,
Western Sahara,2010,434.113,82,96.387,18,530.5,,,,,,,,,,,,,,,,,,,,,,,,,,,,,,,,,,,,,,,,,,,,,,,,,,,,,,,,,,,,,,
Zambia,1990,3097.411,39,4762.642,61,7860.053,2756.696,89,1517.731,49,340.715,11,30.974,1,309.741,10,1095.408,23,47.626,1,3667.234,77,1524.045,32,2143.189,45,3852.103,49,1565.358,20,4007.95,51,1555.02,20,2452.93,31,26,1889.421,61,1207.99,39,774.353,25,371.689,12,61.948,2,1762.178,37,3000.464,63,333.385,7,762.023,16,1905.057,40,3651.598,46,4208.455,54,1107.738,14,1133.712,15,1967.005,25,16
Zambia,1991,3145.622,39,4924.697,61,8070.319,2799.604,89,1509.899,48,346.018,11,31.456,1,314.562,10,1181.927,24,49.247,1,3742.77,76,1526.656,31,2216.114,45,3981.531,49,1559.146,19,4088.788,51,1558.112,19,2530.676,32,,1918.829,61,1226.793,39,786.406,25,377.475,12,62.912,2,1822.138,37,3102.559,63,344.729,7,787.952,16,1969.879,40,3740.967,46,4329.352,54,1131.134,14,1165.426,15,2032.791,25,
Zambia,1992,3186.07,38,5091.292,62,8277.362,2803.742,88,1529.314,48,382.328,12,31.861,1,350.468,11,1272.823,25,50.913,1,3818.469,75,1578.301,31,2240.168,44,4076.565,49,1580.227,19,4200.797,51,1610.161,19,2590.636,32,,1911.642,60,1274.428,40,796.518,25,414.189,13,63.721,2,1934.691,38,3156.601,62,356.39,7,814.607,16,1985.604,39,3846.333,46,4431.029,54,1152.908,14,1228.796,15,2049.325,25,
Zambia,1993,3225.38,38,5258.899,62,8484.279,2838.334,88,1515.929,47,387.046,12,32.254,1,354.792,11,1419.903,27,52.589,1,3838.996,73,1577.67,30,2261.327,43,4258.237,50,1568.518,18,4226.042,50,1609.924,19,2616.118,31,,1935.228,60,1290.152,40,806.345,25,419.299,13,64.508,2,1998.382,38,3260.517,62,368.123,7,894.013,17,1998.382,38,3933.61,46,4550.669,54,1174.468,14,1313.312,16,2062.889,24,
Zambia,1994,3265.983,38,5431.01,62,8696.993,2874.065,88,1502.352,46,391.918,12,32.66,1,359.258,11,1520.683,28,54.31,1,3910.327,72,1629.303,30,2281.024,42,4394.748,51,1556.662,18,4302.245,49,1661.963,19,2640.282,30,,1959.59,60,1306.393,40,816.496,25,424.578,13,65.32,2,2063.784,38,3367.226,62,380.171,7,977.582,18,2009.474,37,4023.374,46,4673.619,54,1196.666,14,1402.16,16,2074.793,24,
Zambia,1995,3309.475,37,5609.981,63,8919.456,2912.338,88,1522.359,46,397.137,12,33.095,1,364.042,11,1626.894,29,56.1,1,3983.087,71,1626.894,29,2356.192,42,4539.232,51,1578.458,18,4380.224,49,1659.989,19,2720.234,30,,1985.685,60,1323.79,40,827.369,25,430.232,13,66.19,2,2187.893,39,3422.088,61,392.699,7,953.697,17,2075.693,37,4173.578,47,4745.878,53,1220.067,14,1383.929,15,2141.882,24,
Zambia,1996,3356.748,37,5803.24,63,9159.988,2953.938,88,1510.537,45,402.81,12,33.567,1,369.242,11,1740.972,30,58.032,1,4062.268,70,1682.94,29,2379.328,41,4694.91,51,1568.569,17,4465.078,49,1716.507,19,2748.571,30,,2014.049,60,1342.699,40,839.187,25,436.377,13,67.135,2,2263.264,39,3539.976,61,464.259,8,986.551,17,2089.166,36,4277.312,47,4882.676,53,1303.446,14,1422.928,15,2156.301,24,
Zambia,1997,3407.099,36,6005.486,64,9412.585,2998.247,88,1499.124,44,408.852,12,34.071,1,374.781,11,1921.756,32,60.055,1,4083.73,68,1681.536,28,2402.194,40,4920.003,52,1559.178,17,4492.582,48,1715.607,18,2776.975,29,,2010.188,59,1396.911,41,851.775,25,476.994,14,68.142,2,2342.14,39,3663.346,61,480.439,8,1080.987,18,2101.92,35,4352.328,46,5060.257,54,1332.214,14,1557.981,17,2170.062,23,
Zambia,1998,3458.044,36,6216.201,64,9674.245,3043.079,88,1486.959,43,414.965,12,34.58,1,380.385,11,2051.346,33,62.162,1,4164.855,67,1740.536,28,2424.318,39,5094.425,53,1549.121,16,4579.82,47,1775.117,18,2804.703,29,,2040.246,59,1417.798,41,864.511,25,484.126,14,69.161,2,2424.318,39,3791.883,61,497.296,8,1118.916,18,2175.67,35,4464.564,46,5209.681,54,1361.807,14,1603.042,17,2244.831,23,
Zambia,1999,3506.449,35,6431.939,65,9938.388,3085.675,88,1507.773,43,420.774,12,35.064,1,385.709,11,2186.859,34,64.319,1,4245.08,66,1736.624,27,2508.456,39,5272.534,53,1572.092,16,4665.854,47,1771.688,18,2894.166,29,,2068.805,59,1437.644,41,841.548,24,525.967,15,70.129,2,2572.776,40,3859.163,60,514.555,8,1157.749,18,2186.859,34,4641.581,47,5296.807,53,1356.103,14,1683.716,16,2256.988,23,
Zambia,2000,3550.348,35,6651.214,65,10201.562,3124.306,88,1491.146,42,426.042,12,35.503,1,390.538,11,2394.437,36,66.512,1,4256.777,64,1795.828,27,2460.949,37,5518.743,54,1557.658,15,4682.819,46,1831.331,18,2851.487,28,,2094.705,59,1455.643,41,852.084,24,532.552,15,71.007,2,2660.486,40,3990.728,60,532.097,8,1263.731,19,2194.901,33,4755.191,47,5446.371,53,1384.181,14,1796.283,17,2265.908,22,
Zambia,2001,3628.075,35,6829.66,65,10457.735,3192.706,88,1487.511,41,435.369,12,36.281,1,399.088,11,2526.974,37,68.297,1,4302.686,63,1775.712,26,2526.974,37,5719.68,55,1555.807,15,4738.055,45,1811.992,17,2926.062,28,,2140.564,59,1487.511,41,870.738,24,544.211,15,72.562,2,2731.864,40,4097.796,60,546.373,8,1297.635,19,2253.788,33,4872.428,47,5585.307,53,1417.111,14,1841.847,17,2326.349,22,
Zambia,2002,3720.152,35,6985.052,65,10705.204,3273.734,88,1525.262,41,446.418,12,37.202,1,409.217,11,2654.32,38,69.851,1,4330.732,62,1816.114,26,2514.619,36,5928.054,55,1595.113,15,4777.15,45,1853.315,17,2923.835,28,,2157.688,58,1562.464,42,892.836,24,595.224,16,74.403,2,2863.871,41,4121.181,59,558.804,8,1327.16,19,2235.217,32,5021.559,47,5683.645,53,1451.641,14,1922.384,17,2309.62,22,
Zambia,2003,3813.078,35,7136.942,65,10950.02,3317.378,87,1525.231,40,495.7,13,38.131,1,457.569,12,2783.407,39,71.369,1,4353.535,61,1784.236,25,2569.299,36,6100.785,56,1596.601,15,4849.235,44,1822.366,17,3026.868,27,,2211.585,58,1601.493,42,915.139,24,610.092,16,76.262,2,2926.146,41,4210.796,59,570.955,8,1427.388,20,2212.452,31,5137.731,47,5812.289,53,1486.094,14,2037.481,18,2288.714,21,
Zambia,2004,3909.513,35,7291.411,65,11200.924,3401.276,87,1524.71,39,508.237,13,39.095,1,469.142,12,2989.479,41,72.914,1,4301.932,59,1822.853,25,2479.08,34,6390.755,57,1597.624,14,4810.169,43,1861.948,17,2948.221,26,,2267.518,58,1641.995,42,938.283,24,625.522,16,78.19,2,2989.479,41,4301.932,59,583.313,8,1531.196,21,2187.423,30,5256.996,47,5943.928,53,1521.596,14,2156.718,19,2265.614,20,
Zambia,2005,4011.828,35,7450.537,65,11462.365,3490.29,87,1564.613,39,521.538,13,80.237,2,441.301,11,3129.226,42,74.505,1,4321.311,58,1788.129,24,2533.183,34,6619.516,58,1639.118,14,4842.849,42,1868.365,16,2974.484,27,,2326.86,58,1684.968,42,962.839,24,641.892,16,80.237,2,3129.226,42,4321.311,58,596.043,8,1490.107,20,2235.161,30,5456.086,48,6006.279,52,1558.882,14,2132,18,2315.398,20,
Zambia,2006,4123.464,35,7640.509,65,11763.973,3587.414,87,1566.916,38,536.05,13,82.469,2,453.581,11,3285.419,43,76.405,1,4355.09,57,1833.722,24,2521.368,33,6872.833,58,1643.321,14,4891.14,42,1916.191,16,2974.949,26,,2350.374,57,1773.09,43,989.631,24,700.989,17,82.469,2,3209.014,42,4431.495,58,611.241,8,1604.507,21,2215.748,29,5559.388,47,6204.585,53,1600.872,14,2305.496,19,2298.217,20,
Zambia,2007,4244.701,35,7831.491,65,12076.192,3692.89,87,1570.539,37,551.811,13,84.894,2,466.917,11,3445.856,44,78.315,1,4385.635,56,1801.243,23,2584.392,33,7138.746,59,1648.854,14,4937.446,41,1886.137,16,3051.309,25,,2419.48,57,1825.221,43,1018.728,24,721.599,17,84.894,2,3289.226,42,4542.265,58,626.519,8,1722.928,22,2192.817,28,5708.706,47,6367.486,53,1645.248,14,2444.527,20,2277.712,19,
Zambia,2008,4376.193,35,8023.597,65,12399.79,3807.288,87,1619.191,37,568.905,13,87.524,2,481.381,11,3690.855,46,80.236,1,4332.742,54,1845.427,23,2487.315,31,7498.143,60,1699.427,14,4901.647,40,1932.951,16,2968.696,23,,2494.43,57,1881.763,43,1050.286,24,743.953,17,87.524,2,3450.147,43,4573.45,57,641.888,8,1684.955,21,2246.607,28,5944.577,48,6455.213,52,1692.174,14,2428.908,19,2334.131,19,
Zambia,2009,4518.711,35,8217.4,65,12736.111,3931.279,87,1626.736,36,587.432,13,90.374,2,497.058,11,3780.004,46,82.174,1,4437.396,54,1807.828,22,2629.568,32,7711.283,61,1708.91,13,5024.828,39,1898.202,15,3126.626,25,,2575.665,57,1943.046,43,1084.491,24,768.181,17,90.374,2,3533.482,43,4683.918,57,657.392,8,1807.828,22,2218.698,27,6109.147,48,6626.964,52,1741.883,14,2576.009,20,2309.072,18,
Zambia,2010,4672.881,36,8415.689,64,13088.57,4065.406,87,1682.237,36,607.475,13,93.458,2,514.017,11,3871.217,46,84.157,1,4544.472,54,1851.452,22,2693.02,32,7936.623,61,1766.394,13,5151.947,39,1944.909,15,3207.037,25,,2663.542,57,2009.339,43,1121.491,24,794.39,17,93.458,2,3618.746,43,4796.943,57,673.255,8,1851.452,22,2272.236,27,6282.288,48,6806.282,52,1794.747,14,2645.841,20,2365.694,18,
Zimbabwe,1990,3034.812,29,7434.39,71,10469.202,3004.464,99,2913.42,96,30.348,1,0,0,30.348,1,5278.417,71,594.751,8,2155.973,29,892.127,12,1263.846,17,8282.881,79,3508.171,34,2186.321,21,892.127,9,1294.194,11,6,1638.798,54,1396.014,46,1365.665,45,0,0,30.348,1,2602.037,35,4832.353,65,1338.19,18,0,0,3494.163,47,4240.835,41,6228.367,59,2703.856,26,0,0,3524.511,33,2
Zimbabwe,1991,3196.304,30,7515.939,70,10712.243,3164.341,99,3036.489,95,31.963,1,0,0,31.963,1,5336.317,71,601.275,8,2179.622,29,901.913,12,1277.71,17,8500.658,79,3637.764,34,2211.585,21,901.913,8,1309.673,13,,1694.041,53,1502.263,47,1438.337,45,31.963,1,31.963,1,2630.579,35,4885.36,65,1352.869,18,75.159,1,3457.332,46,4324.62,40,6387.623,60,2791.206,26,107.122,1,3489.295,33,
Zimbabwe,1992,3356.625,31,7603.07,69,10959.695,3323.059,99,3188.794,95,33.566,1,0,0,33.566,1,5398.18,71,532.215,7,2204.89,29,912.368,12,1292.522,17,8721.238,80,3721.009,34,2238.457,20,912.368,8,1326.088,12,,1779.011,53,1577.614,47,1510.481,45,33.566,1,33.566,1,2661.075,35,4941.995,65,1368.553,18,76.031,1,3497.412,46,4440.086,41,6519.609,59,2879.034,26,109.597,1,3530.978,32,
Zimbabwe,1993,3479.064,31,7728.441,69,11207.505,3444.273,99,3270.32,94,34.791,1,0,0,34.791,1,5487.193,71,540.991,7,2241.248,29,927.413,12,1313.835,17,8931.466,80,3811.311,34,2276.039,20,927.413,8,1348.626,12,,1843.904,53,1635.16,47,1565.579,45,34.791,1,34.791,1,2704.954,35,5023.487,65,1391.119,18,77.284,1,3555.083,46,4548.858,41,6658.647,59,2956.698,26,112.075,1,3589.874,32,
Zimbabwe,1994,3594.084,31,7856.054,69,11450.138,3558.143,99,3342.498,93,35.941,1,0,0,35.941,1,5499.238,70,549.924,7,2356.816,30,942.726,12,1414.09,18,9057.381,79,3892.422,34,2392.757,21,942.726,8,1450.031,13,,1904.865,53,1689.219,47,1617.338,45,35.941,1,35.941,1,2749.619,35,5106.435,65,1414.09,18,78.561,1,3613.785,46,4654.483,41,6795.655,59,3031.428,26,114.501,1,3649.726,32,
Zimbabwe,1995,3707.787,32,7976.906,68,11684.693,3670.709,99,3411.164,92,37.078,1,0,0,37.078,1,5583.834,70,558.383,7,2393.072,30,877.46,11,1515.612,19,9254.543,79,3969.547,34,2430.15,21,877.46,8,1552.69,13,,1965.127,53,1742.66,47,1668.504,45,37.078,1,37.078,1,2791.917,35,5184.989,65,1435.843,18,159.538,2,3589.608,45,4757.044,41,6927.649,59,3104.347,27,196.616,1,3626.686,31,
Zimbabwe,1996,3820.909,32,8046.241,68,11867.15,3782.7,99,3515.236,92,38.209,1,0,0,38.209,1,5632.369,70,563.237,7,2413.872,30,885.087,11,1528.786,19,9415.069,79,4078.473,34,2452.081,21,885.087,7,1566.995,14,,2025.082,53,1795.827,47,1719.409,45,38.209,1,38.209,1,2735.722,34,5310.519,66,1448.323,18,241.387,3,3620.808,45,4760.804,40,7106.346,60,3167.732,27,279.596,2,3659.018,31,
Zimbabwe,1997,3932.228,33,8105.9,67,12038.128,3892.906,99,3578.327,91,39.322,1,0,0,39.322,1,5674.13,70,567.413,7,2431.77,30,891.649,11,1540.121,19,9567.036,79,4145.74,34,2471.092,21,891.649,7,1579.443,14,,2084.081,53,1848.147,47,1769.503,45,39.322,1,39.322,1,2756.006,34,5349.894,66,1378.003,17,324.236,4,3647.655,45,4840.087,40,7198.041,60,3147.506,26,363.558,3,3686.977,31,
Zimbabwe,1998,4038.895,33,8160.835,67,12199.73,3998.506,99,3635.006,90,40.389,1,0,0,40.389,1,5712.585,70,489.65,6,2448.25,30,897.692,11,1550.559,19,9711.091,80,4124.656,34,2488.639,20,897.692,7,1590.948,13,,2140.614,53,1898.281,47,1817.503,45,40.389,1,40.389,1,2774.684,34,5386.151,66,1387.342,17,326.433,4,3672.376,45,4915.298,40,7284.432,60,3204.845,26,366.822,4,3712.765,30,
Zimbabwe,1999,4136.774,33,8219.481,67,12356.255,4095.406,99,3723.097,90,41.368,1,0,0,41.368,1,5753.637,70,493.169,6,2465.844,30,904.143,11,1561.701,19,9849.043,80,4216.265,34,2507.212,20,904.143,7,1603.069,13,,2192.49,53,1944.284,47,1861.548,45,41.368,1,41.368,1,2794.624,34,5424.857,66,1397.312,17,410.974,5,3616.572,44,4987.114,40,7369.141,60,3258.86,26,452.342,4,3657.939,30,
Zimbabwe,2000,4222.949,34,8286.528,66,12509.477,4180.72,99,3758.425,89,42.229,1,0,0,42.229,1,5800.57,70,497.192,6,2485.958,30,828.653,10,1657.306,20,9981.289,80,4255.616,34,2528.188,20,828.653,7,1699.535,13,,2238.163,53,1984.786,47,1900.327,45,42.229,1,42.229,1,2817.42,34,5469.108,66,1408.71,17,414.326,5,3646.072,44,5055.582,40,7453.895,60,3309.037,26,456.556,5,3688.302,29,
Zimbabwe,2001,4296.883,34,8233.069,66,12529.952,4253.914,99,3781.257,88,42.969,1,0,0,42.969,1,5763.148,70,493.984,6,2469.921,30,823.307,10,1646.614,20,10017.062,80,4275.241,34,2512.89,20,823.307,7,1689.583,13,,2277.348,53,2019.535,47,1933.597,45,42.969,1,42.969,1,2799.243,34,5433.826,66,1399.622,17,411.653,5,3622.55,44,5076.591,41,7453.361,59,3333.219,27,454.622,3,3665.519,29,
Zimbabwe,2002,4360.405,35,8188.333,65,12548.738,4316.801,99,3837.156,88,43.604,1,0,0,43.604,1,5731.833,70,491.3,6,2456.5,30,818.833,10,1637.667,20,10048.634,80,4328.456,34,2500.104,20,818.833,7,1681.271,13,,2311.015,53,2049.39,47,1962.182,45,43.604,1,43.604,1,2784.033,34,5404.3,66,1392.017,17,409.417,5,3602.867,44,5095.048,41,7453.69,59,3354.199,27,453.021,3,3646.471,29,
Zimbabwe,2003,4414.913,35,8148.439,65,12563.352,4370.764,99,3840.974,87,44.149,1,0,0,44.149,1,5703.907,70,407.422,5,2444.532,30,814.844,10,1629.688,20,10074.671,80,4248.396,34,2488.681,20,814.844,6,1673.837,14,,2339.904,53,2075.009,47,1986.711,45,44.149,1,44.149,1,2688.985,33,5459.454,67,1385.235,17,570.391,7,3503.829,43,5028.889,40,7534.463,60,3371.945,27,614.54,5,3547.978,28,
Zimbabwe,2004,4463.68,36,8107.038,64,12570.718,4419.043,99,3838.765,86,44.637,1,0,0,44.637,1,5593.856,69,405.352,5,2513.182,31,810.704,10,1702.478,21,10012.899,80,4244.117,34,2557.819,20,810.704,6,1747.115,14,,2365.75,53,2097.93,47,2008.656,45,0,0,89.274,2,2675.323,33,5431.715,67,1378.196,17,567.493,7,3486.026,43,5041.073,40,7529.645,60,3386.852,27,567.493,5,3575.3,28,
Zimbabwe,2005,4509.482,36,8061.204,64,12570.686,4464.387,99,3833.06,85,45.095,1,0,0,45.095,1,5562.231,69,403.06,5,2498.973,31,806.12,10,1692.853,21,10026.618,80,4236.12,34,2544.068,20,806.12,6,1737.948,14,,2390.025,53,2119.457,47,2029.267,45,0,0,90.19,2,2660.197,33,5401.007,67,1370.405,17,564.284,7,3466.318,43,5050.223,40,7520.463,60,3399.672,27,564.284,5,3556.507,28,
Zimbabwe,2006,4551.397,36,8030.673,64,12582.07,4460.369,98,3868.687,85,91.028,2,0,0,91.028,2,5541.164,69,401.534,5,2489.509,31,722.761,9,1766.748,22,10001.533,79,4270.221,34,2580.537,21,722.761,6,1857.776,14,,2366.726,52,2184.671,48,2002.615,44,91.028,2,91.028,2,2650.122,33,5380.551,67,1365.214,17,562.147,7,3453.189,43,5016.849,40,7565.221,60,3367.829,27,653.175,5,3544.217,28,
Zimbabwe,2007,4591.85,36,7992.632,64,12584.482,4500.013,98,3857.154,84,91.837,2,0,0,91.837,2,5514.916,69,399.632,5,2477.716,31,719.337,9,1758.379,22,10014.929,80,4256.786,34,2569.553,20,719.337,6,1850.216,14,,2387.762,52,2204.088,48,2020.414,44,91.837,2,91.837,2,2637.569,33,5355.063,67,1358.747,17,639.411,8,3356.905,42,5025.331,40,7559.151,60,3379.161,27,731.248,6,3448.742,27,
Zimbabwe,2008,4640.192,37,7940.31,63,12580.502,4547.388,98,3851.359,83,92.804,2,0,0,92.804,2,5478.814,69,397.016,5,2461.496,31,714.628,9,1746.868,22,10026.202,80,4248.375,34,2554.3,20,714.628,6,1839.672,14,,2412.9,52,2227.292,48,2041.684,44,92.804,2,92.804,2,2620.302,33,5320.008,67,1349.853,17,635.225,8,3334.93,42,5033.202,40,7547.3,60,3391.537,27,728.029,6,3427.734,27,
Zimbabwe,2009,4709.431,37,7865.282,63,12574.713,4615.242,98,3908.828,83,94.189,2,0,0,94.189,2,5427.045,69,314.611,4,2438.237,31,707.875,9,1730.362,22,10042.287,80,4223.439,34,2532.426,20,707.875,6,1824.551,14,,2448.904,52,2260.527,48,2072.15,44,94.189,2,94.189,2,2516.89,32,5348.392,68,1337.098,17,707.875,9,3303.418,42,4965.794,39,7608.919,61,3409.248,27,802.064,7,3397.607,27,
Zimbabwe,2010,4809.084,38,7762.37,62,12571.454,4712.902,98,3943.449,82,96.182,2,0,0,96.182,2,5356.035,69,310.495,4,2406.335,31,698.613,9,1707.721,22,10068.938,80,4253.944,34,2502.516,20,698.613,6,1803.903,14,,2500.724,52,2308.36,48,2115.997,44,96.182,2,96.182,2,2483.958,32,5278.412,68,1241.979,16,776.237,10,3260.195,42,4984.682,40,7586.772,60,3357.976,27,872.419,6,3356.377,27,
